# ITD District 3 NextXDSegI repair table - derived by corridors.repair_links, NOT hand-typed.
# generated: 2026-09-18 (ROADMAP Item 38, DESIGN_HISTORY Session 47)
# network: USA_Idaho_shapefile.zip, the 16105 segments of the ten District 3 counties
# rule: a candidate must start within radius_m of this segment's end, stay inside the
#   segment's own XDGroup (XD's carriageway key), carry the same cardinal Bearing, turn no
#   more than max_bearing_delta_deg at the junction (measured over bearing_probe_m of local
#   geometry, not the chord), and be the ONLY candidate that qualifies. Two candidates is an
#   ambiguity and stays a break. A link that leaves the subset is left alone: that is the edge
#   of the extract, not a defect.
# radius_m: 25.0
# max_bearing_delta_deg: 90.0
# require_same_bearing: True
# bearing_probe_m: 30.0
# n_segments: 16105
# n_null_next: 8499
# n_fill: 6090
# n_override: 66
# ambiguous_fill: 267
# ambiguous_override: 0
# skipped_off_subset: 96
# kind=fill: NextXDSegI was null - the network asserted nothing and this completes it.
# kind=override: NextXDSegI pointed OUT of the segment's own XDGroup (a ramp, a cross street,
#   a parallel facility of the same name) and is replaced by the same-carriageway continuation.
#   This class rewrites an assertion XD made and is the class to review: 66 rows.
segment,old_next,new_next,kind,gap_m,bearing_delta_deg,xdgroup,road_name,lanes
117498383,,117937558,fill,2.0954757928848267e-09,0.3320739036064424,40120,W 12th St,1.0
117501094,,384169517,fill,1.0244548320770264e-08,0.9306736349177811,40147,W Northview St,1.029
117502662,,117724907,fill,4.0745362639427185e-09,0.4933614955436383,40174,E 12th St,1.0
117503864,,118021380,fill,0.0,0.5327227834166024,40196,W Amity Rd,1.067
117507606,,117701026,fill,8.417343006853576e-08,0.07262318848637506,40269,Homedale Rd,1.0
117508517,,484436121,fill,2.0605511963367462e-08,0.43006540163929685,40290,Lone Star Rd,1.138
117536720,,119788648,fill,5.093170329928398e-08,0.053750459432677644,40700,6th Ave S,1.0
117537928,,117507606,fill,3.282912075519562e-08,0.32818755196115035,40269,Homedale Rd,1.0
117541474,,1030191083,fill,6.590709788002238e-07,0.27833064173438515,40778,N 1st St,1.0
117541548,,117882377,fill,7.563126358661244e-07,13.43416417296504,40780,Boise Ave,1.0
117554811,,117865582,fill,4.0745362639427185e-09,0.9430991722615829,40700,6th Ave S,1.033
117561649,,1058066142,fill,4.109460860490799e-08,0.032907841647642044,40147,W Northview St,1.029
117570604,,448733684,fill,1.253182686939639e-07,0.1361393154372763,41224,Homedale Rd,1.0
117571372,,118179287,fill,1.7777595461716727e-07,1.056168551187426,41234,W Black Canyon Hwy,1.0
117571449,,383803646,fill,0.0,0.09677520170984621,41237,N Shamrock St,1.0
117574930,,117963309,fill,5.0855006892011705,89.27478828478112,41288,W Executive Dr,1.0
117575083,,117780000,fill,3.497423181426786e-08,0.8975486085052751,41290,Birch Ln,1.0
117576226,,117861935,fill,8.317791241172817e-09,0.1380665723568768,41305,W Columbia Rd,1.051
117579874,,117864769,fill,4.580994603325089,5.2961221986364535,41362,N Hammett Hill Rd,1.0
117581716,,117852015,fill,5.343463271856308e-08,0.9544971066935659,41382,W Smith Ave,1.0
117583629,,771013130,fill,0.04129498139509044,2.15025273970042,41411,N 3rd St,1.0
117583652,,428976463,fill,0.0,4.588533648801416,41412,E Reserve St,1.0
117584676,,117633087,fill,0.0,4.043068442589629,41427,Smeed Pkwy,1.0
117584951,,119082331,fill,0.0,86.48787779775068,41428,W Karcher Rd,1.348
117586300,,118036094,fill,0.0,40.38439237576432,41442,N Garden St,1.0
117587637,,119041498,fill,4.179618105063271e-09,1.8792301730367171,41462,W Roosevelt Ave,1.275
117588077,,118173786,fill,2.270098775625229e-08,0.12904182561953803,41471,W Malad St,1.0
117590322,,1058118074,fill,2.62867446498597e-07,0.2400075655790488,41428,W Karcher Rd,1.348
117591724,,117774319,fill,6.594702750478175e-07,0.5536157069776664,41526,E Island Woods Dr,1.0
117591800,,117797517,fill,0.0004690277672987632,0.06487250663658983,41528,N Milwaukee St,1.094
117593791,,770993175,fill,0.010000781150130011,0.26243792385267284,41556,Southside Rd,1.0
117593818,,118003837,fill,1.743418860597184e-05,0.327617471776648,41559,E Lewis St,1.0
117596431,,118065109,fill,1.0244548320770264e-08,0.8547307000718547,41592,W McMillan Rd,1.025
117596448,,117596431,fill,0.0,0.5267374434539533,41592,W McMillan Rd,1.025
117598275,,117810676,fill,8.265487849712372e-09,8.737993098694972,41616,N Middlefield Rd,1.0
117600619,,117596482,fill,3.1337041254987634e-07,0.13999501445937312,41595,S Century Way,1.071
117602317,,119533400,fill,0.04054476549682543,0.3157342115300992,41676,E Locust Ln,1.05
117605172,,117596448,fill,0.020046891629051815,0.1218089528042583,41592,W McMillan Rd,1.0605
117608036,,474900018,fill,0.031173815305609098,0.060788873436763424,41772,N Linder Rd,1.065
117608134,,118127561,fill,0.0,0.1417651002945206,41773,N Illinois Ave,1.345
117609803,,119733517,fill,2.057358812016856e-08,0.05035412771354686,41798,W Pine Ave,1.0
117610830,,118130790,fill,1.862645149230957e-09,0.3027788035269623,41817,Wamstad Rd,1.0
117610833,,117801619,fill,9.495216814739526e-07,3.368848502542761,41819,Isaiah Way,1.015
117610950,,119819158,fill,1.0186340659856796e-08,0.018306850695864796,40700,6th Ave S,1.0
117611312,,383865304,fill,4.6873712443760427e-07,21.125940948186383,41830,Banks Grade,1.0
117611426,,118993222,fill,0.0,0.5118578645562764,41833,State St,1.0
117612659,,117920236,fill,0.0,0.20319682672447925,41528,N Milwaukee St,1.453
117612728,,117963406,fill,0.0,0.22086451664171136,41863,S Empire Way,1.0
117615281,,474866644,fill,6.577465683221817e-08,0.2921031529263587,41676,E Locust Ln,1.0
117616983,,119559975,fill,0.0,1.5007827402506564,41940,W Hillcrest Dr,1.0
117617097,,117656842,fill,0.0,3.9232083741781594,41528,N Milwaukee St,1.453
117617364,,119082333,fill,1.0930298049632307e-06,1.8944745788479054,41462,W Roosevelt Ave,1.275
117619674,,117797229,fill,1.862645149230957e-09,0.6444499251689138,41977,Batt Corner Rd,1.0
117622302,,118013604,fill,1.447152492788463e-07,0.1805097228737793,42019,Gunfighter Ave,1.0
117623708,,118031495,fill,3.1455267571465047e-06,0.20767584991273225,42040,Lowell Rd,1.0
117624416,,118055225,fill,0.0,0.44080513034293745,42044,Linden Rd,1.0
117624445,,384185696,fill,9.313225746154785e-10,0.03926248115612907,42046,S Mitchell St,1.0
117625146,,117825874,fill,0.0,2.860422315744728,41305,W Columbia Rd,1.0
117629455,,117633947,fill,0.0,0.3779500161498959,42147,Kuna Rd,1.0
117632437,,117790216,fill,9.686321444584737e-08,0.14375198334840888,42202,S Yorktown Way,1.0
117633928,,484366621,fill,0.0,20.1596220050003,42230,W Cesar Chavez Ln,1.0
117634033,,117884610,fill,7.474384429445537e-07,8.753369697033975,40314,E Lake Forest Dr,1.065
117634076,,117584676,fill,0.09215510679204046,0.8614352341322729,41427,Smeed Pkwy,1.0
117634377,,117785681,fill,1.862645149230957e-09,0.3850155680668763,42241,S Euclid Ave,1.0
117635225,,117881661,fill,0.0,0.2117599937515422,42252,W Clark St,1.0
117635570,,117579673,fill,0.0,0.8417644670385016,41357,S Phillippi St,1.0
117635597,,118052789,fill,0.01565763735367013,0.4066927944874692,42262,Hatch Ln,1.0
117635623,,119703235,fill,1.292619894103392e-06,10.584802613981083,42263,N 3rd St E,1.0
117639098,,117885006,fill,4.244505585700543e-06,0.21588902040434732,40314,E Lake Forest Dr,1.065
117639139,,117921800,fill,0.0,17.865170868435627,41093,,1.0
117639384,,117954542,fill,2.7707472686946404e-07,0.28535069302265015,42330,W Taft St,1.0
117639924,,117768758,fill,3.082438551312932e-07,0.10378657646629108,42345,Adams St,1.061
117640576,,118010492,fill,3.073364496231079e-08,0.07121244455868236,41224,Homedale Rd,1.0
117640666,,117576226,fill,5.654568292265323e-07,0.045382886776650366,41305,W Columbia Rd,1.051
117641757,,474859462,fill,9.313225746154785e-10,0.45729105832936057,41291,Fargo Rd,1.0
117643689,,117915191,fill,0.0,0.30761446171106854,42019,Gunfighter Ave,1.0
117643969,,383864111,fill,0.0,0.0378067066780261,42417,S 18th Ave,1.0
117644109,,117708010,fill,0.0,0.08546783501145683,41904,N 10th St E,1.0
117644196,,117755644,fill,1.507692495863257e-06,0.008868493363394236,42426,N Robbins Rd,1.0
117644197,,119241777,fill,9.313225746154785e-10,0.06766933249133444,41528,N Milwaukee St,1.453
117644513,,117498383,fill,0.0,1.6533442197421095,40120,W 12th St,1.0
117644534,,117838309,fill,0.0,0.8282468286493838,42435,Farmway Rd,1.0
117644609,,474863410,fill,3.457848620665992e-09,6.8575021330048855,42440,Black Canyon Rd,1.0
117644643,,117516552,fill,0.0,0.2929156047621291,40418,Northside Blvd,1.0
117646724,,117802666,fill,9.313225746154785e-10,0.027464336556107583,41831,N Wildwood St,1.0
117647649,,119576591,fill,5.0965751715424036e-08,0.053938781385795664,42499,6th Ave S,1.0
117650550,,117770703,fill,4.838668936553154e-07,8.813865740351275,42540,W Joplin Rd,1.239
117650580,,118125316,fill,4.749973390391082e-08,0.1387759063954377,42541,S Development Ave,1.0
117650779,,117759835,fill,0.0,9.37422745159111,42542,S Edgewood Way,1.465
117652532,,117856172,fill,4.230667980883982e-08,2.8702015681495823,42577,E 50th St,1.093
117653028,,117949654,fill,3.75937286205661e-07,0.20349637734472026,42586,E Island Woods Dr,1.0
117655249,,117769211,fill,4.7301308790029384e-08,0.00728746297016869,42627,Iowa Ave,1.0
117656782,,384177699,fill,3.081101667603534e-07,14.22381015009222,42645,N Eyrie Way,1.0
117656842,,117940726,fill,0.0,0.16359812119023331,41528,N Milwaukee St,1.453
117657057,,474858932,fill,0.0,0.04682829383699527,42650,N Allumbaugh St,1.06
117657823,,119976737,fill,2.9799996264216523e-07,0.018384808834809974,42662,Roosevelt Ave,1.0
117661124,,117825873,fill,1.8510036170482635e-08,0.001612918164880739,42731,E Kuna Rd,1.0
117661649,,117977685,fill,1.650187186896801e-07,0.3191774935680769,42744,7th Ave N,1.0
117661905,,429004784,fill,3.1808953761778893e-06,30.504474434027316,42750,S Apple St,1.04
117661926,,384185201,fill,0.0,0.26207584094163394,42751,Aviation Way,1.23
117661927,,119113888,fill,0.0,0.30069301257708503,42752,Aviation Way,1.137
117663347,,117708064,fill,12.720023893802963,7.126478135465504,42793,N Ten Mile Rd,1.0
117663365,,383846451,fill,9.313225746154785e-10,0.031473214745403766,42795,Norris Ave,1.0
117663828,,117676326,fill,0.010023500869023837,0.3715058540447558,42379,E St Luke's Rd,1.186
117663829,,117503864,fill,1.0244548320770264e-08,0.6911793250431231,40196,W Amity Rd,1.067
117664378,,117917673,fill,0.020047324026073045,1.1548114705107366,42810,W Lemp St,1.0
117665078,,117918062,fill,2.0954757928848267e-09,0.1085790295037441,42820,W Ada St,1.0
117665222,,118044026,fill,0.0,0.010517211702904206,42823,Specht Ave,1.0
117665282,,117642041,fill,0.0,0.8085105453058077,42379,E St Luke's Rd,1.186
117665736,,117825640,fill,3.4924596548080444e-08,0.08938038749795396,42834,W Pomona Rd,1.0
117665771,,118004689,fill,4.0745362639427185e-09,0.408343241886314,41798,W Pine Ave,1.121
117666040,,384184987,fill,0.0,0.5975803015041379,42844,W Mace Rd,1.0
117669457,,117837218,fill,1.641456037759781e-08,0.08035003675121288,42904,E 12th St,1.266
117669750,,117693457,fill,0.0,0.09101304171855418,42910,N Allumbaugh St,1.0
117670124,,117713160,fill,6.787652218762433e-08,0.06801441486496174,41305,W Columbia Rd,1.0
117670173,,117841139,fill,0.0,0.0882623512705436,42919,W Bella St,1.0
117674274,,383821075,fill,0.0,0.05286989904914208,42977,E Pine Ave,2.191
117674321,,383808219,fill,0.0,0.11676968556974998,42980,S Montana Ave,1.0
117674326,,117853699,fill,0.0,0.006390611078245456,41528,N Milwaukee St,1.094
117674343,,117855086,fill,0.0,0.15676778894840027,42984,W University Dr,2.171
117674518,,119888419,fill,0.0,0.3092496834194094,42991,N Nola Rd,1.0
117674534,,117809620,fill,0.0,0.1467877910742459,41738,W Resseguie St,1.0
117674547,,117702380,fill,8.149072527885437e-09,0.05525508993622452,42994,W Bethel St,1.0
117674937,,118000522,fill,0.0,0.3622315831859453,42019,Gunfighter Ave,1.0
117675878,,117870498,fill,0.0,0.7293614570854174,43015,W Castle Dr,1.0
117676157,,117570604,fill,2.0605511963367462e-08,0.14198007788706946,41224,Homedale Rd,1.066
117678565,,117878743,fill,5.805293488422793e-07,22.853221276712418,43071,W Boise Hills Dr,1.0
117678639,,117831236,fill,0.0,0.40798307732927697,43072,Mill Rd,1.0
117680270,,119446916,fill,0.0,0.32364824630138855,43100,E Karcher Rd,1.0
117681041,,119030720,fill,4.3190084397792816e-08,0.9751815210785253,43114,Birch Ln,1.0
117682965,,117744662,fill,0.0,36.5138734817574,43138,S Brazil St,1.0
117684274,,117809418,fill,4.4494569550515793e-07,0.0573015824747074,43167,Main St,1.0
117684319,,118055324,fill,0.0,0.02722394726509947,43015,W Castle Dr,1.0
117684346,,117999496,fill,0.0,0.04179011877238281,42820,W Ada St,1.0
117684348,,1058066144,fill,1.234002411365509e-08,0.1858559674933531,43173,W Morris Hill Rd,1.0
117684350,,117727856,fill,2.2931159012476224e-09,0.4502302128415181,43174,S Roosevelt St,1.035
117684415,,484352163,fill,2.876966268489414e-08,0.21242020861657807,43177,Lake Lowell Ave,1.0
117684438,,119075535,fill,0.0,13.307707496273167,43178,N 2nd St,1.0
117684452,440897082,117838175,override,1.862645149230957e-09,19.674636890282926,43179,S Solar Way,1.0
117685252,,117903016,fill,9.235961999276852e-08,0.1421650623162236,43188,W Targee St,1.0
117685254,,117868884,fill,0.0,0.30990262745382324,42984,W University Dr,1.205
117685612,,117746227,fill,3.2676891224193593e-07,0.04733285147597144,41462,W Roosevelt Ave,1.275
117686981,,117998255,fill,5.360181963406216e-06,0.10524212151671009,42263,N 3rd St E,1.0
117687274,,117993887,fill,0.0,0.024324763818754036,43241,W Spring Mountain Dr,1.0
117687756,,117878134,fill,9.385703304198744e-10,0.004628229633539149,43252,N Linder Rd,1.0
117687802,,119250257,fill,0.0,0.07054994546649596,43253,4th St,1.0
117687834,,118040081,fill,1.028679406008428e-08,0.05297294227176508,43254,E Floating Feather Rd,1.233
117687839,,384121463,fill,0.0,10.124124318611734,43077,W Braemere Rd,1.0
117687930,,119590305,fill,0.0,0.3052865543743337,40290,Lone Star Rd,1.138
117688569,,440891707,fill,0.029964318156348424,1.1254253952212423,41773,N Illinois Ave,1.345
117688843,,474888492,fill,3.898297032120959e-08,1.7923005647122636,42844,W Mace Rd,1.0
117688959,,117916495,fill,0.0,1.5843835931352146,43283,Friends Rd,1.0
117691375,,117755635,fill,0.0,0.03072406970591146,43317,N Hartman St,1.0
117691611,,384123841,fill,0.01286912845542993,1.4333086000883668,43321,S Johns Ave,1.0
117691997,,117949026,fill,3.294553607702255e-08,0.3044541998731347,42627,Iowa Ave,1.0
117692005,,463721105,fill,4.565989388949051e-08,7.606723781441531,43332,N Bogus Basin Rd,1.0
117692782,,119285696,fill,0.0,1.8671413503431893,43354,S Johns Ave,1.0
117693457,,448733654,fill,9.313225746154785e-10,0.021384382491078213,42910,N Allumbaugh St,1.0
117694741,,117759575,fill,1.8662795822463695e-09,0.4949938586914584,42019,Gunfighter Ave,1.0
117696083,,117680300,fill,0.0,3.9066375734364556e-06,43103,N 28th St,1.0
117698314,,117760328,fill,9.313225746154785e-10,0.12651043896275382,43429,S Kimball Ave,1.0
117698928,,119017499,fill,0.0,11.79623580884055,43439,John Alden Rd,1.0
117699070,,117674937,fill,0.0,0.3923701070273182,42019,Gunfighter Ave,1.0
117699100,,119015553,fill,0.0006602189469339409,7.245171008911086,43443,Stewart Ln,1.0
117699212,,117842473,fill,0.04995629976022855,0.07515120106711493,43445,S Greenhurst Rd,1.0
117701026,,117767255,fill,1.621906101570262e-07,0.15301595673986412,40269,Homedale Rd,1.0
117702101,,119748575,fill,3.8580861404246646e-07,0.29996930818794,43491,E Parkcenter Blvd,1.0
117702128,,117702101,fill,0.0,0.051746768808186516,43491,E Parkcenter Blvd,1.0
117702376,,117917818,fill,1.3352837413549423e-07,0.06552746044073388,42994,W Bethel St,1.0
117702380,,117843194,fill,3.0747752672469574e-08,0.08612902730681071,42994,W Bethel St,1.0
117702389,,117842548,fill,0.0,1.4459625203402595,43252,N Linder Rd,1.0
117703228,,448697829,fill,0.0,0.25327442864869454,42166,W Warren Spur Rd,1.0
117704345,,117652854,fill,0.04994164358704624,11.226453694005642,42582,N Raymond St,1.0
117704410,,383821077,fill,8.521359423940392e-06,14.980885307892777,41527,S Swan Falls Rd,1.0
117706406,,118188684,fill,1.5762568543495163e-06,0.3922475935631269,43577,N Mountain View Dr,1.0
117707884,,118135185,fill,2.0954757928848267e-09,0.09834186875548312,40147,W Northview St,1.043
117707892,,383849929,fill,0.0,0.318261549276599,42752,Aviation Way,1.0
117708010,,117847088,fill,0.0,1.3316431862320428,41904,N 10th St E,1.0
117708064,,119278955,fill,0.0,13.152848730446323,42793,N Ten Mile Rd,1.0
117709020,,117611312,fill,1.3713065171421646,22.701373712436748,41830,Banks Grade,1.0
117709190,,117855658,fill,3.975981229625228e-06,1.0802568270869983,42933,SW Old Grandview Hwy,1.0
117709292,,118020036,fill,0.0,0.13043694587474874,43627,S Black Cat Rd,1.0
117711007,,117706406,fill,2.7059627963231503e-05,0.4274173691311205,43577,N Mountain View Dr,1.0
117711040,,117968146,fill,1.1366868373086867e-05,0.7666544482845836,43678,N Mountain View Dr,1.0
117711066,,484355379,fill,7.692291597208573e-06,0.040071274344256835,42345,Adams St,1.061
117711068,,117776344,fill,0.0,0.0003653919092414526,43682,N Wilson St,1.0
117711082,,118003905,fill,2.0954757928848267e-09,1.1480720348961313,42810,W Lemp St,1.0
117711087,,117691375,fill,0.0,0.2700288255279588,43317,N Hartman St,1.0
117711108,,117838096,fill,6.281026881549916e-06,2.151602729662386,43686,E Lewis Ln,1.0
117711141,,484428066,fill,2.7965059770951898e-06,0.3835850798413958,43688,Lone Star Rd,1.0
117711160,,117822965,fill,0.0,0.7084101784416816,42642,N Meridian Rd,1.212
117711184,,117785688,fill,5.134760360111663e-08,0.9782910337511339,42994,W Bethel St,1.0
117711622,,118125979,fill,1.1176477208740068e-08,5.908893727112826,43704,Sunnyridge Rd,1.0
117711653,,117711622,fill,5.587935447692871e-09,0.05639132629463006,43704,Sunnyridge Rd,1.0
117711671,,117711653,fill,9.313225746154785e-10,2.4730518506964927,43704,Sunnyridge Rd,1.0
117712190,,118131293,fill,9.313225746154785e-10,1.183462947997981,42910,N Allumbaugh St,1.0
117712997,,117865694,fill,0.0,13.05225438706617,43737,S Roosevelt St,1.0
117713160,,117868440,fill,1.2375118458567477e-08,0.03317537078339683,41305,W Columbia Rd,1.0
117713412,,119252432,fill,0.0,0.9751424133230557,43741,Ustick Rd,1.0
117714992,,117858111,fill,0.0,0.018536306517717094,42980,S Montana Ave,1.0
117715273,,117965194,fill,0.0,0.02532003411971573,43773,S Entertainment Ave,1.382
117715293,,118017867,fill,2.0954757928848267e-09,0.06604459973164012,43777,W Floating Feather Rd,1.0
117715299,,117984933,fill,0.0,0.13760694270271756,43778,N 32nd St,1.019
117715456,,448695723,fill,1.1219225240623094e-06,0.7664726674340727,43678,N Mountain View Dr,1.0
117716165,,117787707,fill,3.7277794814391045e-06,13.072815787988077,43686,E Lewis Ln,1.0
117716186,,117850601,fill,4.05950109205314e-07,0.3104384437070564,43795,E Shaw Mountain Rd,1.0
117716350,,117801295,fill,2.0489096641540527e-08,0.04918079741116799,43800,W Pine Ave,1.033
117719431,,118013688,fill,4.9252487178275815e-08,0.0623107234841882,43849,E McKinley St,1.047
117719515,,117783739,fill,0.0,0.11380693681289245,43852,N Wildwood Ln,1.0
117719516,,118040203,fill,0.0,0.12294319250327135,43853,W Union St,1.0
117719517,,1058066176,fill,0.2796742671574042,0.2244908344496821,43854,S Grant Ave,1.0
117719762,,117723550,fill,1.641456037759781e-08,0.05341086682170726,43859,Linden Rd,1.0
117720654,,428981181,fill,3.476741588609204e-07,19.76655682612457,43868,,1.0
117720670,,383812203,fill,0.0,0.40411328995168105,43704,Sunnyridge Rd,1.143
117720774,,117873978,fill,1.4994582679132954e-07,1.3618595135911846,43871,W Garfield St,1.0
117721512,,117657572,fill,0.1898580734147931,23.291131662289388,42656,Burnt Log Rd,1.0
117722331,,119663013,fill,0.0,0.30983477247113456,43913,N Nola Rd,1.0
117723083,,117950596,fill,1.862645149230957e-09,0.6018251249823265,41977,Batt Corner Rd,1.0
117723105,,117779687,fill,6.367918103933334e-08,0.17225204531365534,41749,W Iowa Ave,1.0
117723210,,117678565,fill,5.813073872131255e-07,6.855670694213757,43071,W Boise Hills Dr,1.0
117723443,,117918083,fill,0.0,19.933925791019448,43930,E Hard Rock Dr,1.0
117723455,,117829054,fill,9.313225746154785e-10,0.01084477383255944,41357,S Phillippi St,1.0
117723505,,119075624,fill,9.946209255366535e-08,16.736987267527354,43940,W Southerland Dr,1.0
117723510,,117822340,fill,0.0,0.4326216317355147,43168,Allendale Rd,1.0
117723517,,117921162,fill,0.0,1.1669327576719297,43943,N 39th St,1.0
117723539,,117985338,fill,3.079003701883655e-08,0.07686297928032104,43188,W Targee St,1.0
117723545,,117973705,fill,0.0,0.2771574630203304,43945,S Gourley St,1.0
117723548,,117820964,fill,0.0,0.102881791174525,43946,W Good St,1.0
117723550,,119299101,fill,0.0,0.035015108416644125,43859,Linden Rd,1.0
117723585,,383822416,fill,0.0,0.0758519959296109,41977,Batt Corner Rd,1.0
117723586,,117644593,fill,0.0,1.2064324348092157,42439,W 6th St,1.0
117723992,,119289212,fill,9.69671875572576e-07,13.125224077513508,43955,W Riverside Dr,1.02
117724907,,119031032,fill,0.0,1.467704759620716,40174,E 12th St,1.0
117726247,,117668556,fill,0.0,5.380125604703721,41362,N Hammett Hill Rd,1.0
117726307,,1058066792,fill,1.979060471057892e-09,0.04499852328058296,43989,Miles Standish Rd,1.0
117727135,,383849920,fill,0.06013950121741359,1.5357341457871598,40269,Homedale Rd,1.0
117727557,,117893001,fill,0.0,28.726710119887173,44003,S Garden St,1.0
117727715,,117972859,fill,5.774199962615967e-08,0.043934087024013024,44007,Base Line Rd,1.0
117727747,,118174467,fill,2.7939677238464355e-09,2.0994568865124847,41977,Batt Corner Rd,1.0
117727765,,118077655,fill,1.5035596542515281e-07,0.03112882789179139,44014,W Davis St,1.0
117727781,,117723517,fill,3.725290298461914e-09,0.04759760998021534,43943,N 39th St,1.0
117727792,,117881655,fill,4.4996592615530957e-07,0.07037167560810076,44016,S 11th St,1.113
117727841,,118179289,fill,2.0393957582887033e-08,0.037260227791023226,42904,E 12th St,1.266
117727866,,117866802,fill,0.0,0.06145470053121471,44021,W Targee St,1.0
117727904,,463715085,fill,0.0,0.22308383430038248,44022,S Curtis Rd,1.044
117727908,,117611416,fill,2.7939677238464355e-09,0.06369646944725105,41831,N Wildwood St,1.0
117727910,,118077651,fill,0.0,0.03592754620862593,44024,N 13th St,1.0
117728313,,119269713,fill,0.0,13.147958127423408,44041,W Colchester Dr,1.114
117728318,,384121384,fill,0.0,32.479265160240914,44042,W Country Club Dr,1.0
117732342,,117980673,fill,2.8698679069403413e-08,0.4580684873457699,44095,E Shenandoah Dr,1.0
117732490,,119626882,fill,2.4518072814448283e-08,1.2318193833481246,44099,NE 10th Ave,1.0
117734823,,119160837,fill,0.0,16.024792391119973,44146,E Curling Dr,1.0
117735230,,119452597,fill,9.233613916835957e-08,1.624626198703993,41224,Homedale Rd,1.066
117735906,,118201873,fill,4.5539413683179427e-07,10.381201058370891,42330,W Taft St,1.0
117736024,,117806150,fill,9.313225746154785e-10,1.0802821789408767,40148,S Powerline Rd,1.0
117736038,,117878212,fill,7.285711337130327e-08,0.08251906579189949,44169,E 48th St,1.0
117736188,,117696740,fill,1.1606087967510804e-07,14.814187118616701,43402,Wooley Ave,1.0
117736197,,117802723,fill,2.7297376054309033e-06,0.008183536634447819,41678,W Lake Fork Rd,1.0
117737518,,117665078,fill,0.0,0.23485631324098222,42820,W Ada St,1.0
117737640,,474859810,fill,2.4561602450073785e-07,0.02397772491536898,44196,6th St N,1.035
117737960,,117927899,fill,0.0,7.880638129843447,44204,S Swan Falls Rd,1.0
117738481,,118115839,fill,6.171163911867134e-07,0.3272365845518834,44209,Commercial Way,1.0
117739361,,117856090,fill,0.0,0.8476441633888783,44244,N Midland Blvd,1.502
117739364,,118077702,fill,0.0,0.48231417382012864,44245,N Canyon St,1.0
117739442,,117963381,fill,0.0,0.05008986603360199,42994,W Bethel St,1.0
117739446,,383864060,fill,0.0,0.04563463627627584,44249,3rd St N,1.068
117739454,,117797253,fill,5.414668440991564e-06,0.7056041191933389,44250,11th Ave S,1.028
117739468,,117768725,fill,3.4924596548080444e-08,0.44903281352776503,44251,W Cassia St,1.093
117739470,,118015630,fill,1.1193984672969066,73.34115674564868,44253,E Bergeson St,1.0
117739847,,384143178,fill,5.134760360111663e-08,0.08453351973179224,44263,W Spectrum St,1.554
117739925,,117883159,fill,1.234002411365509e-08,0.10434523287017328,44265,W Brumback St,1.0
117740561,,119553296,fill,0.0,0.37743098863685987,44270,Kuna Rd,1.0
117741481,,117968068,fill,0.0,0.6669658446105586,44283,W Delwood Dr,1.0
117741510,,118036067,fill,0.020046861327232234,0.2495694494862164,41798,W Pine Ave,1.121
117741518,,118174413,fill,9.649185058439785e-07,0.6203129531425304,44285,N Kimball Ave,1.019
117741530,,117972412,fill,7.392959572623018e-08,0.15577622784263667,42919,W Bella St,1.0
117741544,,1187520595,fill,0.0,0.9431459147506018,44288,E Franklin Rd,1.585
117741562,,118024686,fill,0.0,0.3147656218559405,43690,N Star Rd,1.062
117742121,,1058088291,fill,0.01001495369479411,1.7789642379227644,44299,W Chicago St,1.0
117742170,,118184448,fill,2.7939677238464355e-09,2.3753443691285554,41314,E Frontage Rd,1.0
117742213,,117934193,fill,1.3748964939392227e-07,0.11673282273000041,43800,W Pine Ave,1.033
117743498,,117870312,fill,1.4613030663936254e-07,0.7336713011675897,42627,Iowa Ave,1.0
117743729,,474867580,fill,2.7939677238464355e-09,0.5254199166492697,43627,S Black Cat Rd,1.0
117743851,,117766835,fill,0.4209880860568576,2.361013177251209,44348,W Emerald St,1.0
117743925,,118035649,fill,2.0954757928848267e-09,0.2598879498883093,44251,W Cassia St,1.093
117743978,,771033979,fill,0.0,1.2150265183039437,43777,W Floating Feather Rd,1.0
117743983,,117934473,fill,6.170714901757912e-08,0.8923907820549744,44353,E Yamhill Rd,1.124
117744647,,117641757,fill,0.0,0.1252529898302157,41291,Fargo Rd,1.0
117744905,,117755584,fill,1.234002411365509e-08,0.07928982799330697,41749,W Iowa Ave,1.0
117745454,,117837099,fill,0.0,89.33416199423311,44383,N Black Cat Rd,1.0
117745996,,117890849,fill,0.0,4.4185514333904905,44244,N Midland Blvd,1.502
117746087,,117751453,fill,3.8643714939102767e-07,1.1840602002957894,44396,E Parkriver Dr,1.0
117746089,,118014201,fill,2.87545844912529e-08,0.06677028663659712,44397,W Holbrook Ave,1.0
117746126,,117980621,fill,7.394719203227258e-08,0.5566080677868968,44398,W Williams St,1.0
117746180,,118172673,fill,0.023187562436197635,0.11672875145126227,44402,W Bannock St,1.0
117746189,,383862108,fill,0.01274447772174399,2.4763662910854123,44403,S Sub Station Rd,1.0
117746227,,118137347,fill,1.323648250059069e-06,1.2192801449524495,41462,W Roosevelt Ave,1.275
117746264,,119795973,fill,0.0,25.85959279151558,44406,Lowell Rd,1.0
117747584,,118193281,fill,3.1694208200523754e-07,0.32663417213615276,44425,E Commercial St,1.232
117747601,,118054568,fill,0.0,0.010300311179634036,44426,N Main St,1.0
117747737,,118179351,fill,1.0663643479347229e-07,0.023783681391591927,44434,W Breneman St,1.0
117747739,,117665771,fill,0.0,0.008959278557540529,41798,W Pine Ave,1.121
117748493,,117797135,fill,1.211041684982227e-07,0.13850596804570614,42330,W Taft St,1.0
117750296,,117635394,fill,0.0017017226607558584,16.108475908629714,42256,W Victory Ln,1.0
117750429,,117849498,fill,3.727108843992958e-09,0.6469243843805543,44495,S 10th St E,1.0
117750432,,117965728,fill,9.313225746154785e-10,0.12802290202927225,42730,S Linder Rd,1.06
117750434,,117926301,fill,1.3971778739874714e-08,0.19999490855352065,44356,S Cloverdale Rd,1.0
117750457,,118108595,fill,0.0,0.022507267727633007,44498,Orchard Ave,1.0
117750546,,117833932,fill,2.7939677238464355e-09,0.45354185894132115,44356,S Cloverdale Rd,1.0
117750552,,117739847,fill,3.901025149659779e-08,0.06996439446163549,44263,W Spectrum St,1.554
117750555,,117780104,fill,5.541369318962097e-08,0.1231013376127521,44501,W Camas St,1.0
117751237,,117714992,fill,0.0,0.007159838909871041,42980,S Montana Ave,1.0
117751293,,117606648,fill,0.0,0.33194798207046006,41749,W Iowa Ave,1.0
117751453,,118079379,fill,4.0849889265557204e-07,12.908399120673295,44396,E Parkriver Dr,1.0
117751459,,117885826,fill,4.6566128730773926e-09,0.47399260883909733,41831,N Wildwood St,1.0
117751460,,117999627,fill,1.0884832590818405e-07,0.003069908910106278,44521,W Southerland Dr,1.0
117751502,,117930146,fill,0.0,0.40237769874471496,42435,Farmway Rd,1.0
117751506,,119013661,fill,1.1229318392931975e-07,3.2059238765631903,44528,E Airport Rd,1.0
117751803,,117968575,fill,0.0,1.1635517895796283,44537,W Linden St,1.0
117752165,,384166328,fill,0.0,0.48223707963711604,44549,S Amy Ave,1.0
117752273,,117989730,fill,5.8861962866551626e-08,0.2204419491357612,41412,E Reserve St,1.0
117752274,,117794490,fill,2.4285921473811005e-08,14.07262894156247,42202,S Yorktown Way,1.0
117752304,,118019896,fill,0.0,0.7847413031154815,44559,S Albright St,1.0
117752310,,117760173,fill,1.0360963642597198e-08,0.021151130406082075,44560,W Malad St,1.0
117752316,,118015658,fill,1.3064190488261977e-07,3.9954997893041764,44561,N Redway Rd,1.0
117752317,,117593850,fill,0.0,1.3362620651276416,41560,N Pauley Dr,1.0
117752967,,1187546039,fill,0.0400944695421792,0.6744589010187099,44580,W Elder St,1.068
117753311,,118125977,fill,8.613255607077605e-07,0.3965720930306702,44585,Greenhurst Rd,1.0
117753408,,117770495,fill,0.0,0.0013099066698032402,44589,S Market St,1.0
117754275,,119099556,fill,0.15035064592827088,12.319640497231518,44605,N Lakeharbor Ln,1.0
117754345,,118091609,fill,6.981853033116246e-08,9.095073551959558,44606,Wayne Dr,1.0
117754441,,118987102,fill,4.190951585769653e-09,0.3475147675626431,44610,W Dewey St,1.0
117754616,,117754345,fill,1.2800146696718066e-06,1.7845831783298252,44606,Wayne Dr,1.0
117754948,,1058082521,fill,2.189662964772375e-07,11.533648763503862,44624,W Island Woods Dr,1.0
117755020,,118188615,fill,0.0,0.44724781978928263,41290,Birch Ln,1.0
117755032,,117941767,fill,0.0,0.782774623104558,43332,N Bogus Basin Rd,1.0
117755447,,117811330,fill,4.109460860490799e-08,0.9755200296908413,41290,Birch Ln,1.015
117755584,,474870259,fill,5.055926004625424e-07,0.1686880741845016,41749,W Iowa Ave,1.0
117755613,,117944546,fill,2.0954757928848267e-09,0.011167266907534668,44644,W Victory Rd,1.0
117755633,,118174438,fill,0.0,0.030994048491351123,44645,N 16th St,1.114
117755635,,117885887,fill,0.0,3.972874736746235e-06,43317,N Hartman St,1.0
117755644,,118179341,fill,0.0,0.036046282391680506,42426,N Robbins Rd,1.0
117755646,,117857133,fill,3.74455451838501e-07,0.5622916840505923,44648,N 19th St,1.0
117755650,,448716288,fill,0.0,0.23893078203482787,43317,N Hartman St,1.0
117755758,,117838094,fill,3.7321526637596816e-07,0.022995494266695005,44556,N Walnut St,1.0
117755790,,117959061,fill,2.2251840950305137e-07,2.653016087767554,44660,W K-Bar-T Dr,1.0
117756595,,117593791,fill,3.607297391977965e-08,1.9388651518564757,41556,Southside Rd,1.0
117756873,,117807973,fill,1.5937835797572484e-07,25.880470986578132,44679,N Lancaster Dr,1.0
117756885,,117855161,fill,0.0,0.027870789160886034,44681,E Karcher Rd,1.074
117757603,,117981371,fill,1.089423390985472,6.615364497404386,40314,E Lake Forest Dr,1.065
117758548,,117849963,fill,0.0,0.39483766738032955,42910,N Allumbaugh St,1.0
117758607,,119140279,fill,2.366304291742564e-07,0.0837541891318665,44718,S Allen St,1.295
117758672,,117868232,fill,0.0,0.02025099091122229,44719,E Victory Rd,1.0
117758674,,440895811,fill,0.0,1.4974911181558639,44720,Cavalry St,1.3904999999999998
117758734,,118010391,fill,2.0626548063368915e-08,0.048301207246225886,44560,W Malad St,1.0
117758738,,117707884,fill,6.170012056827545e-09,0.0924208537087452,40147,W Northview St,1.043
117758750,,118024463,fill,0.0,13.024623244191986,44723,S Entertainment Ave,1.554
117758863,,117741481,fill,2.012820914387703e-07,0.35343191654033035,44283,W Delwood Dr,1.0
117758956,,383818446,fill,6.170012056827545e-09,0.5956504516364021,42662,Roosevelt Ave,1.0
117759575,,117699070,fill,9.385703304198744e-10,0.5012091523464903,42019,Gunfighter Ave,1.0
117759804,,117902256,fill,1.862645149230957e-09,0.6750153693806169,44756,S Locust Grove Rd,1.051
117759996,,484371307,fill,8.626878070959044e-08,0.23773007286655456,42977,E Pine Ave,1.448
117760173,,117769271,fill,4.293184940373938e-09,0.04217921038440409,44560,W Malad St,1.0
117760174,,117779109,fill,9.313225746154785e-10,0.6445758381602218,44765,S Curtis Rd,1.103
117760180,,117892987,fill,0.0,0.002148012753053763,44766,W Marvin St,1.0
117760280,,118120623,fill,1.1176477208740068e-08,0.5624974916924543,44768,N Stewart Rd,1.0
117760299,,119210533,fill,8.187639467650172e-07,18.35901056365941,44769,W Silver Crest Dr,1.0
117760328,,117859270,fill,1.862645149230957e-09,0.4918204471847787,43429,S Kimball Ave,1.0
117760337,,383849950,fill,0.0,0.20760940728712285,44244,N Midland Blvd,1.502
117761555,,118026197,fill,1.2107551665692782e-07,0.07122347371631577,44434,W Breneman St,1.0
117761566,,117742607,fill,0.0,19.897794972724483,44314,S Loggers Pond Pl,1.0
117762149,,117640573,fill,0.0,0.03312518465673975,42356,Red Top Rd,1.0
117762987,,118014374,fill,2.189383499091366e-06,0.0458608247317045,44814,N Lander St,1.0
117763353,,117871921,fill,1.7696660631950818e-08,1.7038730082158509,42253,S Five Mile Rd,1.0
117763368,,117813237,fill,6.170012056827545e-09,0.023228748272458688,44644,W Victory Rd,1.0
117763377,,118115740,fill,0.010015983004223792,1.2158368365737147,43577,N Mountain View Dr,1.0
117763394,,117719431,fill,2.915575194220747e-07,0.010252693941708912,43849,E McKinley St,1.047
117763395,,117998065,fill,0.0,0.6497255757322193,44826,N Avenue D,1.0
117763401,,118013042,fill,0.0,0.27622172989617866,41738,W Resseguie St,1.0
117763413,,117838144,fill,9.313225746154785e-10,0.068692280973778,44830,S Atlantic St,1.0
117763414,,117963378,fill,0.0,2.0748895829582352,44831,N Marshall St,1.0
117764140,384128915,117706641,override,9.313225746154785e-10,0.4717037445402923,41527,S Swan Falls Rd,1.0
117764591,,118029417,fill,7.087427001510325e-06,0.04829548508828907,42933,SW Old Grandview Hwy,1.0
117764592,,117969771,fill,9.023471193446442e-06,0.07412324447500396,42263,N 3rd St E,1.0
117765014,,117917704,fill,1.862645149230957e-09,0.15004345446988054,43174,S Roosevelt St,1.035
117765132,,383803683,fill,0.0,0.010653107298821851,41772,N Linder Rd,1.065
117765365,,119015500,fill,0.0,0.9517856519346708,44880,E 11th St,1.0
117766163,,117929916,fill,0.0,0.03863915320749811,41357,S Phillippi St,1.0
117766164,,117963148,fill,2.4563632905483246e-08,0.3542610140812599,43173,W Morris Hill Rd,1.0
117766266,,1058070553,fill,0.0,0.07952099017182945,41428,W Karcher Rd,1.348
117766267,,383849629,fill,0.23098944963960819,4.7075021263102315,40780,Boise Ave,1.0
117766727,,117765132,fill,0.0,0.017514124553088095,41772,N Linder Rd,1.065
117766835,,117799270,fill,0.0,0.2070992559416993,44348,W Emerald St,1.0
117767117,,119783240,fill,9.313225746154785e-10,14.241575778231322,44930,W Green Ln,1.0
117767123,,119862293,fill,3.656627311085652e-08,0.02491883919128668,44931,E Park St,1.025
117767255,,118009706,fill,5.051547752652141e-07,0.013400933082891697,40269,Homedale Rd,1.0
117767260,,118073744,fill,1.0543398348964093e-07,3.2093045391848705,44941,E Airport Rd,1.0
117767269,,474873804,fill,7.671669780443647,0.12302839782103092,44942,N Morrow Reservoir Rd,1.0
117767457,,118049870,fill,0.0,0.00022689936631081764,43443,Stewart Ln,1.0
117768328,,118134789,fill,5.22133895832235e-07,3.121705010937319,44606,Wayne Dr,1.0
117768720,,117684350,fill,0.0,0.9786697216696894,43174,S Roosevelt St,1.035
117768724,,117838247,fill,0.0,0.2956365278055273,44981,S Latah St,1.088
117768725,,117963390,fill,0.0,0.019805228969204336,44251,W Cassia St,1.093
117768726,,117882167,fill,0.0,0.29580871065184056,44983,W Kootenai St,1.032
117768748,,118035651,fill,5.1415127049160474e-08,20.923189709853546,44984,E Pennsylvania St,1.059
117768750,,117999494,fill,0.0,0.16880129433519642,44985,N 9th St,1.146
117768752,,117889385,fill,1.8662795822463695e-09,0.29606734470090146,44645,N 16th St,1.114
117768753,,118102094,fill,0.0,0.00038340792707458604,42820,W Ada St,1.0
117768756,,118172675,fill,0.0,0.10986559051394806,44988,W Jefferson St,1.058
117768758,,117921538,fill,3.745915114038085e-08,0.09144394806241962,42345,Adams St,1.061
117768763,,118010345,fill,0.0,0.21735737110884656,43854,S Grant Ave,1.0
117768764,,118193379,fill,9.313225746154785e-10,0.07389806354348138,42241,S Euclid Ave,1.0
117768775,,117783657,fill,0.05992988951525698,0.7964306225798623,43174,S Roosevelt St,1.035
117768798,,117758956,fill,2.1980002003174175e-07,0.42763943686065886,42662,Roosevelt Ave,1.0
117769138,,383864118,fill,0.0,0.1302176882809647,43429,S Kimball Ave,1.019
117769140,,117847227,fill,0.0,0.33967071935387594,41773,N Illinois Ave,1.345
117769241,,117839692,fill,0.0,0.06802321675863254,45016,N Kimball St,1.0
117769271,,118014147,fill,0.0,0.014300117283823965,44560,W Malad St,1.0
117769283,,474859043,fill,0.0,0.022626544411025407,45018,E Chicago St,1.02
117769296,,117977617,fill,1.6298145055770874e-08,0.04991695486205572,42820,W Ada St,1.0
117769468,,117972866,fill,2.0954757928848267e-09,0.03058271876108165,43859,Linden Rd,1.0
117769854,,117778516,fill,0.0,4.5969116554264815,45030,Yellowpine Ave,1.0
117770101,,117591724,fill,0.0,0.05382007705020442,41526,E Island Woods Dr,1.0
117770525,,118172775,fill,2.4479994242667053e-07,9.244294090560231,44041,W Colchester Dr,1.114
117770540,,117768764,fill,0.04994182377633551,0.08082110522889252,42241,S Euclid Ave,1.0
117770543,,118059673,fill,0.0,0.48378975860146056,43174,S Roosevelt St,1.158
117770703,,484355337,fill,1.8510036170482635e-08,0.31635687205181284,42540,W Joplin Rd,1.239
117770933,,117653028,fill,0.0,5.071426798034565,42586,E Island Woods Dr,1.0
117771306,,117790937,fill,2.468004822731018e-08,0.07580581357183291,45068,W Columbia Rd,1.0
117772793,,117980559,fill,0.0,0.03312001628029293,42730,S Linder Rd,1.06
117773461,,117575083,fill,2.0954757928848267e-09,0.4632070638890582,41290,Birch Ln,1.0
117773654,,119805894,fill,4.0745362639427185e-09,4.619686465412428,42040,Lowell Rd,1.0
117774319,,448710822,fill,11.905967378643293,31.763757992508488,41526,E Island Woods Dr,1.0
117774604,,117823705,fill,1.4620229855378305e-06,1.437994055523859,45137,W Fenton St,1.0
117774843,,117760340,fill,0.0,0.37000539822284395,44773,Industrial Rd,1.0
117774908,,117817876,fill,0.100020476973507,0.20724679602068363,44356,S Cloverdale Rd,1.0
117776322,,117818560,fill,1.862645149230957e-09,0.7067724535840227,43429,S Kimball Ave,1.0
117776344,,118055306,fill,9.313225746154785e-10,2.028967013225383,43682,N Wilson St,1.0
117776348,,119127420,fill,0.0,0.003280003407780896,45176,W Victory Rd,1.0
117776350,,118014382,fill,1.376312726310317e-07,0.2181620764893637,43188,W Targee St,1.0
117776456,,117904071,fill,1.826466989715568e-07,4.213184322508425,45182,N Garrett St,1.648
117776467,,118021377,fill,3.6646657612056126e-07,0.7742666279586956,45183,W Diamond St,1.0
117778239,,1058084556,fill,0.0,0.01535077996740597,45207,N Eagle Rd,1.0
117778939,,474900043,fill,0.0,0.7870396947789118,45216,S Eisenman Rd,1.1115
117779012,,117837146,fill,9.313225746154785e-10,0.31790482962949795,42910,N Allumbaugh St,1.0
117779031,,118040235,fill,0.0,0.8333830864635274,45225,N Roosevelt St,1.052
117779506,,117764591,fill,3.317836672067642e-08,0.008127589641304667,42933,SW Old Grandview Hwy,1.0
117779687,,117751293,fill,1.9216758418394042e-06,0.11320262632972344,41749,W Iowa Ave,1.0
117779716,,117720654,fill,0.0,10.797016235904607,43868,,1.0
117780000,,117860913,fill,2.2165672930987933e-07,0.2309674374260453,41290,Birch Ln,1.0
117780013,,117958851,fill,6.355039805153469e-09,0.11867240668465229,45258,W Spaulding St,1.0
117780025,,117712997,fill,0.0,0.19102219064063775,43737,S Roosevelt St,1.0
117780028,,118019851,fill,3.4756680936562405e-07,0.8626483709412582,42240,W Gowen Rd,1.0
117780046,,117928027,fill,2.0954757928848267e-09,0.01847463743288813,44501,W Camas St,1.0
117780062,,117985344,fill,5.229295098133315e-06,0.16386254279328227,44252,W Robertson Dr,1.0
117780069,,117838183,fill,4.555243330777377e-07,3.0279634895976244,45263,S Ashbury Way,1.0
117780082,,117612104,fill,0.0,0.3544409266969808,41528,N Milwaukee St,1.094
117780101,,117751459,fill,1.3039035745517502e-08,0.8501763676664496,41831,N Wildwood St,1.0
117783274,,117921559,fill,5.581047176061402e-07,9.804812593408542,43795,E Shaw Mountain Rd,1.0
117783292,,118040190,fill,0.0,2.1042685730494384,44009,N Alamo Rd,1.0
117783345,,117698314,fill,9.313225746154785e-10,2.0599636911811103e-06,43429,S Kimball Ave,1.0
117783616,,117999464,fill,2.0954757928848267e-09,0.02886432780888981,41738,W Resseguie St,1.0
117783633,,117686981,fill,5.262003705612709e-06,0.018444807282861575,42263,N 3rd St E,1.0
117783655,,117797149,fill,1.8533450859744492e-08,0.10403642418435766,44265,W Brumback St,1.0
117783657,,117813946,fill,0.0,0.7638499272045465,43174,S Roosevelt St,1.035
117783734,,118008234,fill,1.641456037759781e-08,0.4832378493450733,44983,W Kootenai St,1.032
117783735,,119290159,fill,0.0,0.0032798308707810975,45354,W Victory Rd,1.0
117784430,,117995629,fill,0.0,0.18348975440983395,42642,N Meridian Rd,1.0
117785657,,117985282,fill,4.508309734986915,11.067861855011529,44095,E Shenandoah Dr,1.0
117785665,,383866530,fill,0.07990732068052124,0.04719782203093814,45397,N 31st St,1.431
117785667,,118073721,fill,0.0,0.10345118088139316,44265,W Brumback St,1.0
117785668,,118073728,fill,5.3442748203154e-08,0.05676568912386415,42919,W Bella St,1.0
117785669,,117918061,fill,2.0954757928848267e-09,0.06350600227472114,42810,W Lemp St,1.0
117785671,,118126043,fill,0.0021273844400954483,0.28924943141640824,41738,W Resseguie St,1.0
117785672,,118102089,fill,0.0,0.4970744817300101,43778,N 32nd St,1.019
117785679,,117797518,fill,0.0,1.8728870360345127,44863,W Ann Morrison Park Dr,2.171
117785681,,117917690,fill,1.8662795822463695e-09,0.013259483912747783,42241,S Euclid Ave,1.0
117785688,,117674547,fill,1.4435499906539917e-08,0.1540220696033998,42994,W Bethel St,1.0
117785691,,118059805,fill,1.862645149230957e-09,0.00033555636457549554,41357,S Phillippi St,1.0
117785692,,118049935,fill,2.276617274649991e-06,0.268614147546117,44252,W Robertson Dr,1.0
117786147,,117823627,fill,0.0,0.3601565181091928,45423,S Annett St,1.0
117787565,,474899342,fill,0.0,43.1347910693907,45446,S 21st Ave,1.605
117787758,,118059661,fill,4.6566128730773926e-09,0.3071963719977191,45454,N Phillippi St,1.0
117788477,,117692005,fill,1.1392653447448973e-08,3.47828417606587,43332,N Bogus Basin Rd,1.0
117789456,,117860752,fill,1.862645149230957e-09,0.36618915303509425,43704,Sunnyridge Rd,1.0
117789501,,118189093,fill,0.010023434124970204,0.02097899230193434,44618,W Victory Rd,1.0
117790157,,118139823,fill,0.0,0.12114279194474875,44495,S 10th St E,1.0
117790216,,117752274,fill,6.009782431246856e-09,1.2001604163218644,42202,S Yorktown Way,1.0
117790222,,117882227,fill,0.0,1.0160104772962768,45523,S Vermont Ave,1.0
117790232,,117723455,fill,0.0,0.023600402886870597,41357,S Phillippi St,1.0
117790235,,118059626,fill,1.2737198215586e-07,0.32063524240095376,44983,W Kootenai St,1.127
117790242,,118115731,fill,0.4794380556818393,0.5246871905087289,45526,N Benjamin Ln,1.15
117790937,,119038051,fill,7.613562047481537e-08,0.4870935984178004,45068,W Columbia Rd,1.0
117791979,,117770933,fill,1.4779099108901237e-06,5.147022444550657,42586,E Island Woods Dr,1.0
117792021,,118031672,fill,0.08997828157193087,0.11814576751851291,45182,N Garrett St,1.648
117792143,,117999616,fill,6.170012056827545e-09,0.11378331130680408,40196,W Amity Rd,1.067
117792950,,117750434,fill,6.520297361975743e-09,0.011183397898605563,44356,S Cloverdale Rd,1.0
117792992,,117809365,fill,0.0,0.274526904571303,44020,N Avenue E,1.0
117794449,,117941092,fill,0.0,0.2015507521524853,45616,S Linder Rd,1.0
117794451,,448697915,fill,0.0,5.457201697169978,45617,E Deer Flat Rd,1.253
117794488,,117838182,fill,0.0,0.05707245595772292,45619,S Oakhurst Way,1.0
117794494,,118049838,fill,0.0,0.4286985217566439,43871,W Garfield St,1.0
117794534,,117942445,fill,0.0,0.31160071930690947,45623,E Ohio Ave,1.0
117794547,,119885158,fill,1.0244548320770264e-08,0.7029197784315215,44537,W Linden St,1.0
117794565,,117866370,fill,0.0,0.3130070100100397,43444,W Green Ln,1.0
117794585,,1058065930,fill,0.0,3.0359994126783647,44489,N Pollard Ln,1.0
117794599,,117702135,fill,0.0,0.284595043513832,43493,N 36th St,1.0
117794620,,118036104,fill,0.0,1.523221054635087,43174,S Roosevelt St,1.035
117794627,,117723624,fill,0.0,13.632360024976208,43953,W Curling Dr,1.0
117794630,,117878203,fill,1.862645149230957e-09,0.49030507647844956,44648,N 19th St,1.0
117794661,,118201966,fill,0.0,1.1412380212819642,41903,Rodeo Ln,1.0
117794686,,117739454,fill,1.8906092706616078e-06,1.2681400396537583,44250,11th Ave S,1.028
117794701,,118116503,fill,3.725290298461914e-09,0.09296068760943399,42582,N Raymond St,1.0
117794706,,117948997,fill,0.0,0.11626183948158086,45637,W Selway St,1.0
117794715,,117807975,fill,0.0,0.03287447038272262,45397,N 31st St,1.431
117796081,,440882511,fill,0.0,3.8956511072891544,45661,S 13th St,1.471
117796212,,117766727,fill,9.313225746154785e-10,0.27891597389358935,41772,N Linder Rd,1.065
117796248,,117727866,fill,6.170012056827545e-09,0.002886498800478421,44021,W Targee St,1.0
117796274,,448690033,fill,0.0,0.0809043842259598,45669,Center Ave,1.0
117797135,,117829069,fill,1.0178464280209275e-06,0.5222792642834975,42330,W Taft St,1.0
117797141,,117998842,fill,0.0,0.4233968431765902,45687,W Broad St,1.0
117797146,,117829072,fill,0.0,0.04489144060718786,44703,N 6th St,1.0
117797149,,118013044,fill,0.0,0.0502237288633296,44265,W Brumback St,1.0
117797151,,118201930,fill,4.967334150899924e-08,1.0454611421499749,45691,E Curling Dr,1.0
117797152,,117999460,fill,2.0042323630296323e-07,2.394871331221509,45692,W Highland View Dr,1.0
117797165,,1058070551,fill,0.0,0.20021052192018374,44196,6th St N,1.044
117797190,,118064995,fill,8.840532342456997e-07,0.8064195323871672,42439,W 6th St,1.0
117797229,,117723585,fill,0.0,1.7701344041691982,41977,Batt Corner Rd,1.0
117797249,,117794686,fill,6.412271854380813e-07,0.5426098162142523,44250,11th Ave S,1.028
117797253,,117743562,fill,1.7872311337412004e-08,0.6019667854981492,44250,11th Ave S,1.028
117797518,,117765047,fill,0.36058480626104633,3.3911403526446406,44863,W Ann Morrison Park Dr,2.171
117797796,,118049154,fill,1.5445280264133155e-05,0.8036665472846494,42019,Gunfighter Ave,1.0
117798621,,117820511,fill,7.802791983953963e-06,0.305038574903989,45742,S 3rd St E,1.0
117798622,,1058098309,fill,1.200101403264794e-05,0.0016004461141108095,45742,S 3rd St E,1.0
117799270,,117984774,fill,0.0,0.00043453031230455963,44348,W Emerald St,1.0
117799639,,117955948,fill,0.0,0.17952835037493742,45759,E Hubbard Rd,1.0
117800375,,117942774,fill,1.0244548320770264e-08,0.02178876191260315,42919,W Bella St,1.0
117800383,,119043132,fill,0.0,0.2942913723586571,45771,E Fargo Ave,1.0
117800399,,117850107,fill,3.655441105365753e-08,0.017697575659553877,45773,E Main St,1.0
117800528,,118008249,fill,9.313225746154785e-10,0.4910553298507523,44495,S 10th St E,1.0
117801240,,117933226,fill,3.905734047293663e-07,1.7570552177979266,40314,E Lake Forest Dr,1.065
117801295,,383813618,fill,4.0978193283081055e-08,0.07385617114204024,43800,W Pine Ave,1.033
117801619,,117917068,fill,1.140276637753294e-07,4.124246796384966,41819,Isaiah Way,1.015
117802655,,117878066,fill,0.0,0.6428842017231204,43737,S Roosevelt St,1.0
117802659,,118201813,fill,1.293675968990995e-07,0.3262663666587855,45824,W Newman St,1.0
117802666,,117980586,fill,1.862645149230957e-09,0.2922501504363879,41831,N Wildwood St,1.0
117802669,,117769241,fill,0.0,0.10304717397548302,45016,N Kimball St,1.0
117802673,,118019893,fill,4.340090759296357e-07,0.1741508772476834,45827,S White Cloud Dr,1.0
117802723,,118117798,fill,4.21423465013504e-08,0.5835508576310531,41678,W Lake Fork Rd,1.0
117802889,,118061373,fill,8.094614414053718e-07,17.01388670291874,44659,E Table Rock Rd,1.0
117804074,,117955849,fill,0.0,0.1536689358910337,45687,W Broad St,1.0
117804078,,117804127,fill,0.0,19.89422065648452,41288,W Executive Dr,1.17
117804081,,119803033,fill,0.0,1.5874029726238064,45859,W Hillcrest Dr,1.0
117804161,,117807987,fill,0.0,0.13027450075099978,43854,S Grant Ave,1.0
117804168,,119753718,fill,5.1398173932461955,5.246098405927853,45865,W Shoup Ave,1.0
117804185,,119050791,fill,0.009988263614356318,13.987571226250793,43773,S Entertainment Ave,1.215
117805265,,117849918,fill,0.0,0.3501719331988511,41772,N Linder Rd,1.0325
117805492,,118059796,fill,2.468004822731018e-08,0.5108303739428095,45176,W Victory Rd,1.0
117806060,,117772793,fill,9.313225746154785e-10,0.1100848099877112,42730,S Linder Rd,1.06
117806074,,118188665,fill,8.393738457915942e-08,0.6492979511394594,45901,7th Ave S,1.0
117806129,,383866825,fill,0.0,0.0361626070502723,44988,W Jefferson St,1.058
117806131,,117727910,fill,0.0,0.03167591913660317,44024,N 13th St,1.0
117806132,,117882213,fill,0.0,0.007892277654434565,44985,N 9th St,1.146
117806148,,118174442,fill,0.0,0.6548743980528684,45908,N Kings Rd,1.086
117806150,,117986353,fill,0.0,0.19101984706597364,40148,S Powerline Rd,1.0
117806160,,117711056,fill,4.109460860490799e-08,0.014393444973450187,41749,W Iowa Ave,1.0
117806165,,117927140,fill,2.4153958431388314,28.363490980226857,45911,E 13th St,1.16
117806730,,461321838,fill,7.232445383508367e-07,0.22141985773575357,45920,Deinhard Ln,1.0
117806823,,117816144,fill,2.0117429928929518e-07,0.12832774208030173,45922,W Sunset Ave,1.0
117807907,,118055195,fill,6.565824151039124e-08,0.6905831854438134,45940,Stewart Ln,1.0
117807970,,118002148,fill,0.0,84.72538102123482,45942,E Iowa Dr,1.0
117807972,,118002149,fill,2.0954757928848267e-09,0.014966909253274707,45462,W Dewey St,1.0
117807973,,117998966,fill,6.414399720077005e-07,0.3355708666432804,44679,N Lancaster Dr,1.0
117807974,,450148867,fill,0.0,0.9252332266518408,45945,W Neff St,1.0
117807975,,117785665,fill,0.0,0.014382281230410854,45397,N 31st St,1.431
117807977,,118077754,fill,9.313225746154785e-10,0.05065967782044822,45947,N 20th St,1.0
117807979,,117719516,fill,2.0954757928848267e-09,0.13407105160882793,43853,W Union St,1.0
117807980,,117823854,fill,0.0,0.026352515453794467,45688,W Hays St,1.02
117807986,,117999640,fill,0.0,0.497262425451396,42984,W University Dr,1.205
117807987,,117768763,fill,0.0,0.23669056455332793,43854,S Grant Ave,1.0
117808002,,117804081,fill,1.4657113618022722e-06,0.17660456994775586,45859,W Hillcrest Dr,1.0
117808012,,117952085,fill,0.0,0.0027562733413333262,45953,S Kerr St,1.0
117808015,,117828782,fill,0.0,0.2689421945620438,45954,S Owyhee St,1.034
117808024,,117761555,fill,1.6823045194614e-07,0.24845010475780782,44434,W Breneman St,1.0
117808032,,117821646,fill,0.0,0.026482962775133956,45958,N 17th St,1.072
117808033,,118003917,fill,0.0,0.10684538404416344,45959,W Idaho St,1.0
117808034,,117875571,fill,2.073322564753005e-07,1.3647318609126557,45960,W Ellis Ave,1.0
117808044,,448736526,fill,4.0171135705126155e-07,1.216200637134449,45182,N Garrett St,1.648
117808061,,117921218,fill,0.21605994597652517,1.342671519213809,44250,11th Ave S,1.028
117809328,,117663826,fill,0.0,7.629976537522765,42798,W President Dr,1.0
117809365,,117727859,fill,0.0,0.08170314505653664,44020,N Avenue E,1.0
117809418,,770993226,fill,9.780168903881989e-08,0.216522324325922,43167,Main St,1.0
117809427,,117866837,fill,0.0,2.4558597845602037,42330,W Taft St,1.0
117809498,,383859048,fill,0.0,0.012790015644554842,42312,N Pierce Park Ln,1.023
117809620,,118055329,fill,0.0,0.0003512124898179536,41738,W Resseguie St,1.0
117809621,,484378109,fill,3.1037156637831086e-07,20.995776288323952,46000,N Collister Dr,1.0
117810362,,117925194,fill,0.0,0.08692041769688785,44434,W Breneman St,1.0
117810676,,119224797,fill,9.313225746154785e-10,8.130354904104081,41616,N Middlefield Rd,1.0
117810681,,118031793,fill,0.0,1.027294422228124,46026,N Ash Park Ln,1.0
117810684,,117909092,fill,0.3905956138214003,0.2849091529242287,46028,N Eldorado St,1.0
117810692,,461345353,fill,0.0,19.0829192927483,46029,N Lakeharbor Ln,1.0
117810693,,117741530,fill,8.265487849712372e-09,1.6402333292918172,42919,W Bella St,1.0
117810697,,117836241,fill,0.0,0.09012466644779238,46031,N 14th St,1.597
117810704,,118179350,fill,0.0,0.24591000968047183,46032,N 14th St,1.0
117810725,,118117841,fill,1.8662795822463695e-09,0.030803853093289035,44495,S 10th St E,1.0
117811330,,119763011,fill,1.979060471057892e-09,0.9604182006610245,41290,Birch Ln,1.03
117811779,,117661927,fill,0.0,0.263688014200369,42752,Aviation Way,1.137
117812671,,117783633,fill,2.4364472900159677e-06,0.11709594132258871,42263,N 3rd St E,1.0
117812700,,117723453,fill,0.0,1.754298717813242,43931,S Findley Ave,1.0
117812701,,117893000,fill,4.190951585769653e-09,0.36741777048774793,41471,W Malad St,1.0
117812744,,117764592,fill,1.003850044080884e-05,0.022889694799175686,42263,N 3rd St E,1.0
117812977,,120084860,fill,0.0,0.6237525123794398,46099,SW 12th Ave,1.0
117813236,,117871925,fill,0.0,0.46568771374677453,46101,S Black Cat Rd,1.036
117813237,,474889167,fill,8.835922926664352e-08,0.17653415437337117,44644,W Victory Rd,1.0
117813243,,119010065,fill,0.0,0.974477772019668,42260,Ustick Rd,1.0
117813249,,117933052,fill,0.0,0.29755570528149633,42722,S Robinson Rd,1.0
117813291,,118113677,fill,1.862645149230957e-09,0.3898698083768579,41291,Fargo Rd,1.0
117813294,,119535799,fill,2.2584572434425354e-08,0.036029231103754,46107,Orchard Ave,1.0
117813362,,117829759,fill,0.0,0.14567245463265976,42312,N Pierce Park Ln,1.023
117813373,,119017601,fill,7.173149008755991e-08,11.24158584563267,46110,S Wind Dancer Way,1.0
117813818,,119126623,fill,0.0029611882971769077,11.073635912225853,46118,S Parkriver Dr,1.0
117813822,,117715427,fill,0.0,12.348648195173666,42586,E Island Woods Dr,1.0
117813888,,117813373,fill,0.0,0.2185823675069969,46110,S Wind Dancer Way,1.0
117813904,,118035185,fill,8.149072527885437e-09,0.9522856147855521,40147,W Northview St,1.029
117813924,,117856869,fill,1.5494158129398029e-06,7.202055648530148,41529,W Riverside Dr,1.104
117813946,,117794620,fill,0.003029466605545884,8.346801040938203,43174,S Roosevelt St,1.035
117813985,,1030192507,fill,2.000210374371424e-08,0.0777334015728286,46134,N 11th St,1.118
117815215,,118122669,fill,2.458128196928158e-08,0.11359734837543556,42904,E 12th St,1.266
117815551,,117961091,fill,9.313225746154785e-10,0.25359699649249023,44403,S Sub Station Rd,1.049
117816144,,118091575,fill,1.4575495836843583e-07,0.020125390390319353,45922,W Sunset Ave,1.0
117816145,,117940878,fill,4.791618443244337e-08,0.10649636594848744,45958,N 17th St,1.072
117816149,,117917679,fill,5.421817496201149e-07,0.5473608601766387,42345,Adams St,1.0
117816150,,117938395,fill,0.0,0.019910117046180176,42345,Adams St,1.061
117816156,,117912893,fill,3.8886258585446646e-07,0.03568539211713073,44250,11th Ave S,1.028
117816223,,117813291,fill,0.0,0.6028308260168842,41291,Fargo Rd,1.0
117817496,,117833892,fill,1.047779287739251e-07,9.877927819306649,46214,W Donnybrook Dr,1.0
117817541,,474888166,fill,4.9252487178275815e-08,0.4996523133128221,46215,E Jefferson St,1.047
117817543,,117759996,fill,9.848736226558685e-08,0.175430442272841,42977,E Pine Ave,1.448
117817640,,118122926,fill,1.4598481357097626e-07,0.07823482407439997,46221,W Commerce Ave,1.295
117818545,,118077723,fill,1.1214577505735966e-06,0.10671066081906133,43429,S Kimball Ave,1.019
117818560,,118122442,fill,0.0,0.06934044479766044,43429,S Kimball Ave,1.0
117818661,,117870792,fill,0.0,0.1913597259730011,41831,N Wildwood St,1.0
117818694,,117770525,fill,0.0,2.033923352629529,44041,W Colchester Dr,1.114
117820447,,384145815,fill,1.3131289195118147e-06,10.638664206089288,46303,N 3rd St E,1.0
117820511,,117798622,fill,9.025531976142344e-06,0.6036615267798311,45742,S 3rd St E,1.0
117820964,,118120773,fill,0.0,0.05826333120154459,43946,W Good St,1.0
117820966,,1058066236,fill,0.013156357294784891,2.4614879041582753,44016,S 11th St,1.113
117820980,,119644291,fill,4.008011083154206e-06,0.9823787194728766,43071,W Boise Hills Dr,1.0
117821559,,484362635,fill,0.0,0.2085592830305245,46337,Star Rd,1.0
117821656,,117634377,fill,9.313225746154785e-10,1.1919343526661237,42241,S Euclid Ave,1.0
117821687,,118122994,fill,0.0,0.1389871160189955,42810,W Lemp St,1.0
117822015,,117655249,fill,7.813688518380758e-08,0.31168575490949024,42627,Iowa Ave,1.0
117822340,,117796073,fill,0.0,0.7624567467035774,43168,Allendale Rd,1.0
117822965,,117969520,fill,0.0,0.06533988413019642,42642,N Meridian Rd,1.212
117823408,,118135184,fill,9.313225746154785e-10,5.862634797219442,41528,N Milwaukee St,1.453
117823550,,117877231,fill,1.085057717249738e-05,0.22836296681947488,46374,Stockton St,1.0
117823599,,117931396,fill,4.869724018636908e-08,0.008168626240603771,46375,E Stonepoint Dr,1.0
117823613,,117878204,fill,9.313225746154785e-10,0.2433330764032462,46376,N 26th St,1.0
117823619,,118077740,fill,3.725290298461914e-09,1.4485514600554552,43778,N 32nd St,1.019
117823624,,117916904,fill,0.0,0.08949068961285889,44402,W Bannock St,1.0
117823625,,1058066337,fill,1.7661897633966803e-06,0.03540909196931352,46379,S 3rd St,1.0
117823626,,117813920,fill,2.2931159012476224e-09,2.60031906932619,46127,W Martin St,1.0
117823627,,1030190617,fill,2.825495762087686,4.458750126820405,45423,S Annett St,1.0
117823633,,117878235,fill,8.265487849712372e-09,0.16852744203032444,44983,W Kootenai St,1.032
117823698,,117968124,fill,0.0,0.0593665147930551,44021,W Targee St,1.0
117823704,,117833871,fill,9.313225746154785e-10,0.4412420204370733,46384,S Pond St,1.0
117823705,,117989674,fill,8.475388825288352e-07,0.022548604997325583,45137,W Fenton St,1.0
117823768,,119728239,fill,3.446215327150434,3.7106566420537774,46389,W Devonwood Dr,1.0
117823819,,118010373,fill,9.313225746154785e-10,0.22385916745577106,46391,S Linder Rd,1.0
117823829,,118059675,fill,0.39953278721833607,7.9631628509309,42910,N Allumbaugh St,1.0
117823845,,117811284,fill,0.1403259595633444,12.31226478831519,46047,N Lakeharbor Ln,1.0
117823854,,118077747,fill,2.3114642525562947e-07,0.10968481455807932,45688,W Hays St,1.02
117823855,,117807980,fill,0.0,0.2357089527444316,45688,W Hays St,1.02
117823856,,117862040,fill,7.470156672890889e-07,0.02197483612891915,45688,W Hays St,1.02
117823920,,118134799,fill,1.234002411365509e-08,0.16435262286768193,44914,W California Ave,1.0
117823981,,1030243320,fill,0.0,0.2302564375871725,43627,S Black Cat Rd,1.0
117824000,,119010230,fill,0.0,0.06712003488621576,42332,E Kuna Rd,1.0
117824108,,440889621,fill,0.0,2.2409989508982164,46411,Loomis Ln,1.0
117825451,,117748493,fill,2.1549281088148173e-07,0.11295956539530039,42330,W Taft St,1.0
117825639,,117715456,fill,4.556541109655322e-06,0.2932787103907799,43678,N Mountain View Dr,1.0
117825640,,117838510,fill,1.108312994302231e-07,0.06660623903530904,42834,W Pomona Rd,1.0
117825653,,118021360,fill,6.615533963611008e-06,8.969514291320394,46447,W Maple Hill Dr,1.0
117825779,,117842543,fill,9.034909051364802e-08,6.286434441466781,46454,N 2nd St,1.0
117825802,,119021262,fill,0.0,0.1844306007793648,46455,S Celebration Ave,1.0
117825873,,118059704,fill,1.6530975699424744e-08,0.023971718278403387,42731,E Kuna Rd,1.0
117825874,,119350797,fill,7.392372936010361e-08,0.48741926812328984,41305,W Columbia Rd,1.0
117825916,,117685254,fill,0.0,0.5741309200290061,42984,W University Dr,1.205
117825979,,117864111,fill,0.0,0.1632850124849199,44398,W Williams St,1.0
117828366,,118020041,fill,8.359075703468288e-07,0.436940956234281,44196,6th St N,1.026
117828473,,119119808,fill,0.0,0.7605507027062686,46519,W Linden St,1.0
117828782,,118125471,fill,0.0,0.34506012405051933,45954,S Owyhee St,1.034
117828968,,448695948,fill,0.0,0.6782965038015618,46528,N 28th St,1.021
117829042,,117944373,fill,6.036135334819632e-07,14.150411851894177,43493,N 36th St,1.0
117829054,,117829716,fill,0.0,0.6581111060786498,41357,S Phillippi St,1.0
117829056,,117999520,fill,9.313225746154785e-10,0.11028776899104287,45954,S Owyhee St,1.034
117829069,,117956346,fill,1.5590515320805767e-07,1.187703842109812,42330,W Taft St,1.0
117829072,,117999495,fill,0.0,0.10884953820990972,44703,N 6th St,1.0
117829716,,117766163,fill,0.08199344817135042,0.3347802322884377,41357,S Phillippi St,1.0
117829754,,117723083,fill,0.1897719306682911,1.4695030461872989,41977,Batt Corner Rd,1.0
117829759,,117839699,fill,0.0,0.11143085721496959,42312,N Pierce Park Ln,1.023
117829767,,118048026,fill,2.465694104948925e-07,0.4291021244487183,46574,E Windsong Dr,1.0
117829768,,463714712,fill,0.0244100267568553,6.499633144585459e-06,45947,N 20th St,1.0
117829780,,117912877,fill,1.862645149230957e-09,0.11230755969313577,43945,S Gourley St,1.0
117829781,,383815243,fill,0.0,0.41500426208577323,45225,N Roosevelt St,1.052
117829904,,117994677,fill,1.1354904863232559e-07,0.6198977228690978,46389,W Devonwood Dr,1.0
117830333,,117936538,fill,0.0,0.24833185642705757,40147,W Northview St,1.029
117830337,,117842182,fill,9.313225746154785e-10,0.007961924327616998,42333,Lake Ave,1.0
117830379,,118020787,fill,0.02004721374727106,0.01607297803087704,44560,W Malad St,1.0
117830470,,118065032,fill,0.0038796881012428566,5.706627299855711,46609,N Glenwood St,1.0
117830669,,474868080,fill,2.0954757928848267e-09,0.039650388939890036,46616,Lake Lowell Ave,1.0
117831221,,117688569,fill,0.0,0.8538012850845575,41773,N Illinois Ave,1.345
117831236,,117765749,fill,9.313225746154785e-10,6.052737401855524,43072,Mill Rd,1.0
117832209,,384138201,fill,1.8510036170482635e-08,2.0765767478467296,44719,E Victory Rd,1.0
117832777,,117608134,fill,6.009694010153634,20.609069860580718,41773,N Illinois Ave,1.345
117832788,,117823920,fill,6.76955096423626e-08,0.041390760816113925,44914,W California Ave,1.0
117832793,,117854310,fill,9.313225746154785e-10,0.10340867376464757,43354,S Johns Ave,1.03
117833615,,117784430,fill,0.0,0.040568789328176535,42642,N Meridian Rd,1.0
117833857,,118002174,fill,0.0,0.028323473096577345,44022,S Curtis Rd,1.044
117833870,,118049848,fill,1.412531487742953e-05,1.5833454240720926,46690,W Sunrise Rim Rd,1.068
117833874,,117866822,fill,1.8662795822463695e-09,0.03783116037357104,46026,N Ash Park Ln,1.0
117833892,,118019894,fill,0.0,15.132869720751216,46214,W Donnybrook Dr,1.0
117835238,,118079402,fill,0.0,12.201123753940607,46747,N 8th St,1.0
117835736,,117837125,fill,1.8510036170482635e-08,0.07861971590932626,43173,W Morris Hill Rd,1.0
117836175,,118113212,fill,0.00011312926070457869,0.39104723727038504,45225,N Roosevelt St,1.052
117836182,,118009716,fill,0.0,0.01381250519847299,45616,S Linder Rd,1.0
117836241,,1030192511,fill,5.887380650189343e-07,0.16434961771940948,46031,N 14th St,1.597
117837099,,484352225,fill,0.0,0.013780169250111385,44383,N Black Cat Rd,1.0
117837122,,117978414,fill,0.0,0.12197326466406366,46788,S Manitou Ave,1.0
117837125,,117684348,fill,8.42846930027008e-08,0.04856665879077582,43173,W Morris Hill Rd,1.0
117837131,,117912876,fill,0.0,0.08238182226267554,46790,S Pacific St,1.0
117837134,,118008236,fill,2.7939677238464355e-09,1.9122763821061994,44981,S Latah St,1.088
117837146,,117823829,fill,0.0,0.022251897125926234,42910,N Allumbaugh St,1.0
117837149,,117998198,fill,0.0,0.36711592776435964,46795,N Liberty St,1.029
117837204,,117894057,fill,0.0,1.240988879981387,42793,N Ten Mile Rd,1.0
117837218,,117862027,fill,0.0,0.014715351181166625,42904,E 12th St,1.266
117837976,,117723051,fill,0.0,0.06720983261249103,41592,W McMillan Rd,1.025
117838086,,117984895,fill,1.7661781267789376e-08,34.82627903612084,46820,E Sendero Ln,1.0
117838087,,118179345,fill,0.0,0.5727228250116241,46821,E Crestline Dr,1.0
117838091,,117838276,fill,0.0,18.81001960048127,46822,S Granite Way,1.0
117838094,,118003887,fill,2.412035570577477e-07,0.05303043548894948,44556,N Walnut St,1.0
117838096,,384121345,fill,0.0,3.8864024531517316,43686,E Lewis Ln,1.0
117838108,,117889394,fill,1.6625151422821075e-07,0.11645135187768574,45922,W Sunset Ave,1.0
117838116,,117808034,fill,8.401341542752508e-06,0.0014059008713616095,45960,W Ellis Ave,1.0
117838118,,117866836,fill,0.0,0.4066840075516609,43778,N 32nd St,1.019
117838121,,118010286,fill,0.0,0.08300972172025922,43317,N Hartman St,1.0
117838125,,118055305,fill,0.009988372638070283,0.24155083211792316,46829,S Lincoln Ave,1.0
117838126,,117994562,fill,0.0,0.003793160971042653,46788,S Manitou Ave,1.0
117838144,,118003733,fill,0.0,0.10564468332700017,44830,S Atlantic St,1.0
117838162,,117856018,fill,0.0,0.8499118902068403,46835,E 36th St,1.184
117838175,,117908597,fill,0.0,10.57412780393031,43179,S Solar Way,1.0
117838182,,117935788,fill,0.0,0.4231886862510805,45619,S Oakhurst Way,1.0
117838183,,117787796,fill,2.0954757928848267e-09,0.008859252944461105,45263,S Ashbury Way,1.0
117838184,,117746087,fill,8.473152105967515e-07,12.454364024971653,44396,E Parkriver Dr,1.0
117838207,,119736839,fill,0.020041164775550117,41.311704972516,45691,E Curling Dr,1.0
117838211,,118005245,fill,0.04313796947460597,1.070117058149151,46841,S Ridge Point Way,1.0
117838218,,118055337,fill,0.43967765438757733,20.02832024854817,46842,W Parkhill Dr,1.0
117838220,,118010334,fill,3.2842328347685766e-08,0.06293153095253956,45922,W Sunset Ave,1.0
117838223,,118101118,fill,0.04021681929481939,0.16874215669062664,44265,W Brumback St,1.0
117838226,,117862852,fill,0.0,0.18257155079675158,44265,W Brumback St,1.0
117838231,,117754440,fill,0.0,1.329065609324033,43778,N 32nd St,1.019
117838247,,117878236,fill,4.6566128730773926e-09,0.9151121270817839,44981,S Latah St,1.088
117838258,,117916902,fill,0.23093518401072338,5.802647336124664,46852,S 8th St,1.0
117838309,,117751502,fill,0.0,0.011270677954712482,42435,Farmway Rd,1.0
117838510,,117849956,fill,9.848736226558685e-08,0.5524138022902321,42834,W Pomona Rd,1.0
117839010,,118059720,fill,0.0,1.33808157457878,42844,W Mace Rd,1.0
117839639,,117931413,fill,1.5986244230024433e-08,15.162047735661758,41223,S Old Quarry Way,1.0
117839692,,118135189,fill,1.862645149230957e-09,0.052691137262769416,45016,N Kimball St,1.0
117839710,,117866834,fill,0.0,0.044459936604852146,45397,N 31st St,1.431
117841139,,117998042,fill,1.979060471057892e-09,0.0011485202851986287,42919,W Bella St,1.0
117841513,,484390341,fill,1.6650647075465254e-08,3.589814556574879,44618,W Victory Rd,1.0665
117842182,,117990478,fill,0.16024044169899052,0.13746792285559195,42333,Lake Ave,1.0
117842199,,117878175,fill,0.0017784155910268802,0.29075497249741034,42312,N Pierce Park Ln,1.023
117842306,,117779121,fill,0.0,7.98003408973733,44396,E Parkriver Dr,1.0
117842307,,117892989,fill,2.1872453191382735e-09,18.673016394108515,44253,E Bergeson St,1.0
117842331,,117917842,fill,0.0,0.016360688806713597,46976,N Shamrock Ave,1.0
117842395,,117832788,fill,2.671731635928154e-08,0.041504756650795116,44914,W California Ave,1.0
117842486,,117907988,fill,0.0,0.9261375244140027,46986,S 2nd St,1.0
117842506,,117950939,fill,1.2134587242699588e-08,1.4508933483318174,46989,Lenora St E,1.0
117842520,,117847179,fill,5.948822945356369e-08,0.03535272116641863,44914,W California Ave,1.0
117842543,,119580333,fill,9.313225746154785e-10,13.296526563345026,46454,N 2nd St,1.0
117843194,,117702376,fill,6.568465669537153e-08,0.07011613410867312,42994,W Bethel St,1.0
117843681,,384160069,fill,4.6917177221449355e-07,7.6974721624698645,47015,Skyway St,1.0
117843995,,118085653,fill,0.0,0.17674441827816167,44648,N 19th St,1.0
117843996,,118003792,fill,2.0954757928848267e-09,0.31055131398272806,45959,W Idaho St,1.0
117843997,,117989761,fill,0.0,0.8474194983893142,47021,N 38th St,1.0
117844000,,118125501,fill,0.0,0.09302188612963391,46379,S 3rd St,1.0
117844007,,117963460,fill,2.2584572434425354e-08,0.23605938843061836,44021,W Targee St,1.0
117844021,,117994498,fill,0.0,0.3081827381224116,44251,W Cassia St,1.093
117844184,,448716867,fill,0.06991632898390927,0.7321308979567505,45616,S Linder Rd,1.0
117844331,,383863021,fill,0.0,0.10409587009877441,47033,Carrie Rex Ave,1.0
117844851,,117908498,fill,1.862645149230957e-09,1.4036807704630974,46391,S Linder Rd,1.107
117844949,,117844948,fill,0.0,0.0016403657328396548,42980,S Montana Ave,1.0
117845571,,119228892,fill,0.21049140210643805,0.3154142330322429,47059,W McMillan Rd,1.0
117845700,,118021401,fill,0.0,0.006219690179307236,42730,S Linder Rd,1.06
117845702,,118002118,fill,2.2931159012476224e-09,22.979323532103365,44402,W Bannock St,1.0
117845782,,119950711,fill,9.313225746154785e-10,0.06766933249133444,47067,N Milwaukee St,1.142
117847179,,117766609,fill,1.2654254988041502,75.27822843901491,44914,W California Ave,1.0
117847197,,117684438,fill,0.0,1.032094789813101,43178,N 2nd St,1.0
117847202,,117953777,fill,6.884271019125599e-09,5.6898487859269835,41250,N Willow Creek Rd,1.02
117847227,,117831221,fill,0.0,0.9405437494143598,41773,N Illinois Ave,1.345
117848872,,118075345,fill,4.0745362639427185e-09,0.005324809931948948,41382,W Smith Ave,1.0
117849442,,117624445,fill,9.313225746154785e-10,0.16982695912548706,42046,S Mitchell St,1.0
117849498,,117790157,fill,1.7698575088357205e-08,0.18612851765669802,44495,S 10th St E,1.0
117849911,,118079392,fill,0.0,0.5328245987524269,45454,N Phillippi St,1.0
117849918,,117796212,fill,9.313225746154785e-10,0.36065208321036835,41772,N Linder Rd,1.065
117849953,,117661905,fill,1.1511939108957033e-06,0.17467627276761277,42750,S Apple St,1.04
117849956,,117994586,fill,9.034309024198185e-08,0.6023981399799823,42834,W Pomona Rd,1.0
117849962,,118179331,fill,0.0,28.33452052580961,47177,N Bunchberry Way,1.0
117849963,,117903026,fill,0.0,0.32978790066374586,42910,N Allumbaugh St,1.0
117849965,,117758738,fill,2.0954757928848267e-09,0.05153799802968706,40147,W Northview St,1.043
117849971,,117802669,fill,0.0,0.20711780184640816,45016,N Kimball St,1.0
117849994,,117968230,fill,0.0,0.594584892615103,47181,S Cleveland St,1.0
117850039,,117643969,fill,2.635790972163672e-07,0.06709831221056106,42417,S 18th Ave,1.0
117850051,,117953331,fill,5.04799401145222e-07,0.29561123170373094,47185,6th St N,1.0
117850059,,117893276,fill,0.0,0.7989273398912928,47186,Heath Pl,1.0
117850107,,117938369,fill,9.75022800364144e-08,0.0711685259328192,45773,E Main St,1.0
117850601,,117893113,fill,5.667719726509201e-07,24.192920539613368,43795,E Shaw Mountain Rd,1.0
117850892,,1058096006,fill,2.100690208874161e-07,0.9460882252411125,44585,Greenhurst Rd,1.0
117850922,,118014188,fill,9.313225746154785e-10,0.3706152761868964,47207,N Kit Ave,1.0
117851402,,117983998,fill,4.800830113917473e-08,2.3231466251876043,44495,S 10th St E,1.0
117852010,,118134746,fill,0.0,0.15480305213253587,44645,N 16th St,1.114
117852012,,117807977,fill,0.0,6.589692389979973e-06,45947,N 20th St,1.0
117852014,,117999489,fill,0.0,1.0316079111879333,44648,N 19th St,1.0
117852015,,448698144,fill,3.98167631371126e-07,0.6647842180403813,41382,W Smith Ave,1.0
117852084,,463722983,fill,0.028749790239045264,1.0651886640009707,47246,E Plaza Dr,1.038
117852108,,117948055,fill,0.0,0.013094594656678282,42980,S Montana Ave,1.0
117852111,,383864108,fill,0.0,0.07686724718874416,42980,S Montana Ave,1.0
117852127,,118111838,fill,0.0,0.050917452099980665,42980,S Montana Ave,1.0
117853699,,484355317,fill,0.2512720048767049,0.5543615636557604,41528,N Milwaukee St,1.094
117854160,,117955851,fill,2.142326614081686e-08,2.630603314707173,45030,Yellowpine Ave,1.0
117854255,,118057437,fill,0.0,0.22848186970745132,44403,S Sub Station Rd,1.049
117854310,,383864154,fill,0.0,5.059839648471694,43354,S Johns Ave,1.015
117855039,,117861975,fill,0.13891946419540593,0.38231859456232087,47302,Albany St,1.0
117855047,,117923952,fill,9.313225746154785e-10,0.030112113302521948,42980,S Montana Ave,1.0
117855049,,484428414,fill,6.51925802230835e-09,0.029499134066469423,43429,S Kimball Ave,1.0
117855070,,118075392,fill,0.0,0.006790738875082525,44255,N Allumbaugh St,1.0
117855094,,117753408,fill,0.0002351771631777081,0.964887230191664,44589,S Market St,1.0
117855101,,117917824,fill,4.0745362639427185e-09,0.32656420431246147,44021,W Targee St,1.0
117855161,,118122376,fill,2.6775524020195007e-08,0.5517501147654684,44681,E Karcher Rd,1.074
117855178,,118059813,fill,1.979060471057892e-09,0.2555129681712458,40147,W Northview St,1.029
117855201,,118101170,fill,1.4435499906539917e-08,0.41657228811780556,47317,W Desert Ave,1.0
117855658,,118130802,fill,9.513142416752594e-07,0.20008580615399296,42933,SW Old Grandview Hwy,1.0
117855881,,119483479,fill,2.0954757928848267e-09,1.5733384272720627,40120,W 12th St,1.0
117856090,,117760337,fill,9.313225746154785e-10,0.25224510481405105,44244,N Midland Blvd,1.502
117856093,,118085662,fill,4.109460860490799e-08,0.48195251240940706,44719,E Victory Rd,1.0
117856101,,117727715,fill,2.6775524020195007e-08,0.3801623290379723,44007,Base Line Rd,1.0
117856172,,117859949,fill,0.038152545704284585,0.14142092740621592,42577,E 50th St,1.093
117856517,,117661720,fill,3.0850060284137726e-08,0.03637631944337727,41462,W Roosevelt Ave,1.053
117856850,,118017903,fill,2.6659108698368073e-08,0.6278192979833648,41798,W Pine Ave,1.121
117856869,,117841334,fill,0.0,20.681833647157703,41529,W Riverside Dr,1.104
117857132,,1058107645,fill,1.2109527148418348e-07,0.015198051079352126,46133,N 4th St,1.0
117857133,,1030192989,fill,5.216666565409152e-07,0.49830938582528006,44648,N 19th St,1.0
117857134,,117917677,fill,0.0,0.0302201468990404,44988,W Jefferson St,1.058
117857136,,117605967,fill,0.0,0.533224489609097,41738,W Resseguie St,1.0
117857139,,117755633,fill,0.0,0.09680484159568437,44645,N 16th St,1.114
117857143,,118004590,fill,6.56648463028343e-08,0.1354687112777242,45462,W Dewey St,1.0
117857155,,118020042,fill,3.222393141435715e-07,0.1553602485532224,44196,6th St N,1.044
117857161,,117980432,fill,1.6019831180009634e-07,0.08228163789823384,41462,W Roosevelt Ave,1.053
117858111,,117982803,fill,0.0,0.12780982052677814,42980,S Montana Ave,1.0
117859270,,117855049,fill,0.0,0.4376517746746913,43429,S Kimball Ave,1.0
117859281,,119956655,fill,0.060139927863710085,0.9348443729441556,47450,E Karcher Rd,1.0
117859293,,117588077,fill,2.958347889927439e-07,0.23480610478679864,41471,W Malad St,1.0
117860913,,117917392,fill,4.109460860490799e-08,0.11891790255100432,41290,Birch Ln,1.0
117861975,,117953299,fill,4.7351252045189043e-07,0.8034090761748303,47302,Albany St,1.0
117862027,,1058090340,fill,2.0489096641540527e-08,0.031155324713267873,42904,E 12th St,1.266
117862040,,118174434,fill,5.477966727737186e-07,0.14275983953933746,45688,W Hays St,1.02
117862041,,118049996,fill,0.0,0.04318026724411084,41738,W Resseguie St,1.0
117862110,,117898484,fill,3.4084499717676937e-07,0.6362190869374444,43167,Main St,1.0
117862111,,117868203,fill,9.437090143554625e-08,0.05872827243848633,47302,Albany St,1.0
117862143,,117746264,fill,0.0,0.3051287524262136,44406,Lowell Rd,1.0
117862852,,117785667,fill,8.317791241172817e-09,0.027448864705434062,44265,W Brumback St,1.0
117863918,,117855881,fill,1.8487691442580258e-08,7.373055890998529,40120,W 12th St,1.0
117864048,,117998206,fill,0.0,13.793028050034167,46976,N Shamrock Ave,1.0
117864052,,117935639,fill,6.7870132625103e-08,0.029478206941263352,47569,W Highlander Rd,1.0
117864110,,117984819,fill,0.0,0.08150804053730099,47571,W Chamberlin St,1.0
117864122,,117738760,fill,0.0,0.9594331497966095,44213,N Riverside Dr,1.0
117864546,,383803155,fill,0.1428715590870649,11.369383458095825,43332,N Bogus Basin Rd,1.0
117864668,,383834120,fill,0.0,0.07975325001916644,47588,Conway Rd,1.0
117865694,,117871744,fill,7.611742707198987e-07,33.24397057023259,43737,S Roosevelt St,1.0
117865702,,118036612,fill,0.011844018627978872,0.06529157305200783,42312,N Pierce Park Ln,1.023
117865746,,117999605,fill,0.0,2.286732772287394,41357,S Phillippi St,1.0
117866354,,119127427,fill,0.0,6.890544245967476,45483,Marble Front Rd,1.0
117866370,,117699211,fill,0.0,14.245029218436343,43444,W Green Ln,1.0
117866649,,118060039,fill,0.0,0.005123845292843043,43429,S Kimball Ave,1.0
117866658,,117862110,fill,1.4570529774164624e-08,1.0635906131034005,43167,Main St,1.0
117866659,,118115851,fill,1.5293563197096092e-06,1.4728524308164594,44285,N Kimball Ave,1.0
117866802,,117938825,fill,0.001858084361422393,0.28060426775522274,44021,W Targee St,1.0
117866818,,117755650,fill,1.862645149230957e-09,0.08858242713327513,43317,N Hartman St,1.0
117866822,,118125484,fill,0.0,0.04593492371546404,46026,N Ash Park Ln,1.0
117866836,,118126054,fill,0.0,0.24840665876794787,43778,N 32nd St,1.019
117866837,,118024575,fill,0.0,4.443041396854767,42330,W Taft St,1.0
117867563,,117622302,fill,0.0,6.582232685132539,42019,Gunfighter Ave,1.0
117867762,,117984828,fill,0.0,0.018670502858583404,45954,S Owyhee St,1.034
117868084,,117832931,fill,0.0,0.07658048766785441,43227,11th Ave N,1.0
117868156,,1058066304,fill,0.0,0.6154543065429721,42984,W University Dr,2.171
117868202,,118115849,fill,0.0,0.6374000843592569,47688,S Kit Ave,1.0
117868203,,117917748,fill,0.030021011045964805,0.13306536528986612,47302,Albany St,1.0
117868206,,119590320,fill,0.0,0.03503900162752416,42044,Linden Rd,1.0
117868220,,117850051,fill,3.659757706018261e-06,0.08109199606184347,47185,6th St N,1.0
117868232,,117856093,fill,1.582193867813912e-07,2.242179810264929,44719,E Victory Rd,1.0
117868440,,118075359,fill,2.0349611371526201e-07,0.08710865474057528,41305,W Columbia Rd,1.0
117868884,,117779011,fill,0.010129661189010169,0.363916545685953,42984,W University Dr,1.205
117870312,,474868096,fill,1.706120061396134e-07,0.13862313404462157,42627,Iowa Ave,1.0
117870352,,117663829,fill,2.0954757928848267e-09,0.07613916246356212,40196,W Amity Rd,1.067
117870792,,117921696,fill,0.04994141983620674,0.10790964775475231,41831,N Wildwood St,1.0
117870867,,117980474,fill,0.0,0.9226863111426837,43174,S Roosevelt St,1.035
117871416,,118054340,fill,7.601920515298843e-08,0.10677405157662179,44618,W Victory Rd,1.0
117871436,,118139909,fill,0.0,0.2990852633449208,45354,W Victory Rd,1.0
117871744,,119010125,fill,1.437528900842474e-08,8.766286846286874,43737,S Roosevelt St,1.0
117871921,,117635229,fill,7.037220601584147e-07,1.3616407545090397,42253,S Five Mile Rd,1.0
117871925,,770992226,fill,0.0,0.6082022626322896,46101,S Black Cat Rd,1.036
117873071,,117751237,fill,0.0,0.011436854108808348,42980,S Montana Ave,1.0
117873922,,117886074,fill,2.0489096641540527e-08,0.05143943696987208,47317,W Desert Ave,1.0
117873944,,117763368,fill,5.5530108511447906e-08,0.007920046920162349,44644,W Victory Rd,1.0
117873959,,117829767,fill,1.0339358500751908e-08,2.1238047230593793,46574,E Windsong Dr,1.0
117873978,,117994564,fill,0.0,0.49770916664402876,43871,W Garfield St,1.0
117873980,,117878153,fill,0.0,0.0014014939188200515,44398,W Williams St,1.0
117874184,,117634033,fill,3.84145602478622e-07,2.735218530317411,40314,E Lake Forest Dr,1.065
117875121,,119802851,fill,1.0186340659856796e-08,0.018306850695864796,42499,6th Ave S,1.0
117875565,,117977634,fill,0.0,21.53353833871728,47870,W Hill Rd,1.0
117875571,,117984935,fill,0.0,1.9092896965516672,45960,W Ellis Ave,1.0
117875874,,117864052,fill,7.392372936010361e-08,0.015843012436874915,47569,W Highlander Rd,1.0
117877156,,484378957,fill,0.04856763412547123,5.148755798049194,47903,W El Gato Ln,1.0
117877231,,117856877,fill,1.3931465874130453e-08,0.19485696050523416,46374,Stockton St,1.0
117878066,,118015650,fill,0.0,1.2977508614648627,43737,S Roosevelt St,1.0
117878069,,1058066132,fill,2.0954757928848267e-09,0.09855399822788513,42252,W Clark St,1.0
117878080,,383850078,fill,0.0,0.012350978058861983,42312,N Pierce Park Ln,1.023
117878134,,117702389,fill,1.0244548320770264e-08,0.5356876552755523,43252,N Linder Rd,1.0
117878151,,118113086,fill,0.0,0.11601736051869693,43778,N 32nd St,1.019
117878153,,117958736,fill,0.0,0.11652659705680435,44398,W Williams St,1.0
117878163,,117984840,fill,0.0,1.4231910739057696,46795,N Liberty St,1.029
117878164,,117980480,fill,2.5917261536229565e-07,0.27429142877676327,44009,N Alamo Rd,1.0
117878175,,117894346,fill,9.313225746154785e-10,0.2822966957053552,42312,N Pierce Park Ln,1.023
117878191,,117838087,fill,4.303185292469188e-06,9.066270720847115,46821,E Crestline Dr,1.0
117878192,,118044870,fill,0.0,0.0743117421011732,47940,N Locust St,1.0
117878198,,117807970,fill,1.5604100598639115e-07,69.3279803454135,45942,E Iowa Dr,1.0
117878203,,117882215,fill,0.0,0.13172826500957058,44648,N 19th St,1.0
117878204,,118026198,fill,0.0,0.2072891496947875,46376,N 26th St,1.0
117878205,,117889383,fill,9.385703304198744e-10,0.21564377622647157,44703,N 6th St,1.0
117878206,,118003791,fill,4.466553548240239e-07,0.39251746226818796,45688,W Hays St,1.02
117878212,,117989675,fill,5.260544741728042e-06,0.1241596976428525,44169,E 48th St,1.0
117878215,,117702377,fill,0.0,0.34039985242299053,43503,W Irving St,1.045
117878235,,117984837,fill,1.4435499906539917e-08,0.0814001524902892,44983,W Kootenai St,1.032
117878236,,117837134,fill,9.313225746154785e-10,2.0200438908154865,44981,S Latah St,1.088
117878237,,384141963,fill,0.0,2.277056151361137,47950,S Pond St,1.0
117878304,,117811923,fill,9.285309713923999e-08,0.5096663023570329,42752,Aviation Way,1.0
117878743,,117820980,fill,1.3991858345994513e-06,2.4283761893040605,43071,W Boise Hills Dr,1.0
117878829,,117770101,fill,0.015746752612339338,4.583367313342592,41526,E Island Woods Dr,1.0
117878955,,118125478,fill,0.2248195048633203,1.865220652227407,45016,N Kimball St,1.0
117880233,,118022104,fill,0.0,0.24604179727222686,47998,W Wright St,1.21
117881336,,119102261,fill,0.052624684906103475,0.2714075730530112,43775,Locust Ln,1.0
117881646,,118010326,fill,7.969706818787397,24.990506054496933,44095,E Shenandoah Dr,1.0
117881651,,117893127,fill,0.0,0.6428280803126256,44024,N 13th St,1.0
117881655,,117820966,fill,2.7939677238464355e-09,2.16810367760516,44016,S 11th St,1.113
117881657,,117985333,fill,0.0022223554279071633,0.23605044985112045,46788,S Manitou Ave,1.0
117881661,,117903056,fill,0.0,0.09223454528500952,42252,W Clark St,1.0
117881663,,119685423,fill,1.4174491704774462e-07,0.1252686157644689,48037,Alworth St,1.0
117881668,,119516886,fill,0.0,28.680329400705432,48038,E Shenandoah Ct,1.0
117882167,,117903019,fill,0.0,1.1479464767492118,44983,W Kootenai St,1.032
117882168,,118193395,fill,2.669549542725347e-07,0.05010660359215535,44251,W Cassia St,1.093
117882197,,117917652,fill,2.8471560812693903e-07,4.4319952905482864,44659,E Table Rock Rd,1.0
117882213,,117768750,fill,0.0,0.004067958866301069,44985,N 9th St,1.146
117882214,,118174436,fill,0.0,0.0004804764982964116,46032,N 14th St,1.0
117882215,,118005173,fill,0.0,0.2921386924381295,44648,N 19th St,1.0
117882221,,117639924,fill,0.014689335458755235,0.13879934672837635,42345,Adams St,1.061
117882226,,118122997,fill,9.313225746154785e-10,0.22776189621089316,46788,S Manitou Ave,1.0
117882227,,117984822,fill,0.0,0.0031567196905939454,45523,S Vermont Ave,1.0
117882236,,118014513,fill,9.313225746154785e-10,0.013753061768568386,43174,S Roosevelt St,1.035
117882250,,118010394,fill,0.0,0.5776444233152915,48037,Alworth St,1.0
117882280,,120027653,fill,0.0,7.372461976732382,48071,W Hackamore Dr,1.181
117882285,,118003794,fill,9.313225746154785e-10,0.20621760247033194,44985,N 9th St,1.146
117882286,,117711082,fill,2.0954757928848267e-09,0.019405196933917068,42810,W Lemp St,1.0
117882342,,463721111,fill,0.0,0.05801705114345168,48077,N Bradley St,1.0
117882377,,118132492,fill,1.1891476101464169e-07,0.8053474592373107,40780,Boise Ave,1.0
117882484,,119490965,fill,1.2536232349386903e-06,0.20741882701094028,44882,S Eisenman Rd,1.0735
117882543,,117696083,fill,0.0,0.13450832525199985,43103,N 28th St,1.0
117883054,,117802673,fill,1.862645149230957e-09,11.623671879775657,45827,S White Cloud Dr,1.0
117883159,,117889386,fill,0.0,0.02680840201412593,44265,W Brumback St,1.0
117884207,,117977235,fill,0.0,0.23154998290760886,44402,W Bannock St,1.0
117884209,,117768753,fill,0.0,0.1020746269178403,42820,W Ada St,1.0
117884212,,119063367,fill,0.0,3.846373351910813,48123,E Highland View Dr,1.0
117884213,,118102098,fill,0.0,34.28099365453102,46842,W Parkhill Dr,1.0
117884337,,117935254,fill,0.0,0.9591650933477922,43283,Friends Rd,1.0
117884610,,117985181,fill,5.899832147469389e-07,5.181959089730185,40314,E Lake Forest Dr,1.065
117885006,,117801240,fill,7.061623149273177e-06,6.648174367161175,40314,E Lake Forest Dr,1.065
117885826,,117727908,fill,9.313225746154785e-10,0.23939300202732738,41831,N Wildwood St,1.0
117885887,,117838121,fill,9.313225746154785e-10,0.5157578028962178,43317,N Hartman St,1.0
117885889,,117849962,fill,3.55857856097497e-08,12.24093087336368,47177,N Bunchberry Way,1.0
117885892,,117989841,fill,9.313225746154785e-10,0.2242319181365815,46032,N 14th St,1.0
117886074,,117908592,fill,1.979060471057892e-09,0.022702093856423744,47317,W Desert Ave,1.0
117887245,,118139921,fill,0.0,0.5825256904428784,48195,W King St,1.0
117887267,,117790242,fill,0.0,2.8266490980984145,45526,N Benjamin Ln,1.15
117887319,,118010337,fill,4.298525528997807e-07,0.0037344203308009583,45960,W Ellis Ave,1.0
117887320,,117823613,fill,9.313225746154785e-10,0.13841579112067848,46376,N 26th St,1.0
117888327,,119069313,fill,0.0,0.16949694247614389,48228,N 20th St,1.0
117888432,,1187649541,fill,1.1033679645438562e-05,1.3469121899856304,41314,E Frontage Rd,1.0
117888552,,384185710,fill,0.0,0.8105245539927637,43160,S Maple Grove Rd,1.0
117889382,,484382864,fill,2.6523204526108854e-07,0.5313438646002453,44024,N 13th St,1.076
117889383,,117985323,fill,0.0,0.1403510405269799,44703,N 6th St,1.0
117889385,,117852010,fill,9.313225746154785e-10,0.19768825260879908,44645,N 16th St,1.114
117889386,,117838223,fill,0.0,0.12519423370224558,44265,W Brumback St,1.0
117889387,,117785669,fill,2.0954757928848267e-09,0.10673587694833486,42810,W Lemp St,1.0
117889392,,117917670,fill,9.313225746154785e-10,6.447180851409939e-06,45947,N 20th St,1.0
117889394,,118122748,fill,0.0,0.3610880911679146,45922,W Sunset Ave,1.0
117889400,,119123006,fill,0.0,0.29471839171228,48266,E Fargo Ave,1.0
117889811,,117984787,fill,1.2730060376822088,0.5980415137504451,48279,S Starview Dr,1.0
117890017,,117964650,fill,0.0,2.065400025178917,45865,W Shoup Ave,1.0
117890849,,117739361,fill,5.681175054334494e-08,0.5579670763524973,44244,N Midland Blvd,1.502
117892446,,117871416,fill,1.8079299479722977e-07,0.24940558696596327,44618,W Victory Rd,1.0
117892989,,117739470,fill,10.477805167854257,5.405262550016687,44253,E Bergeson St,1.0
117892995,,117780070,fill,0.0,2.92278169388004,45264,E Lost Creek Dr,1.0
117893000,,117859293,fill,3.294779848792801e-08,0.469315088904267,41471,W Malad St,1.0
117893001,,119089100,fill,5.408303036497261e-07,16.688982339310655,44003,S Garden St,1.0
117893004,,117787843,fill,1.979060471057892e-09,0.05691824687363578,43577,N Mountain View Dr,1.0
117893010,,117908694,fill,0.0,1.4836589664727171,42910,N Allumbaugh St,1.0
117893028,,118015690,fill,1.273617672345149e-07,0.1442962298490329,44251,W Cassia St,1.093
117893041,,118015707,fill,0.0,0.0070436611371178515,48377,W K-Bar-T Dr,1.0
117893116,,117881646,fill,4.201561958021773e-06,0.1897004673922993,44095,E Shenandoah Dr,1.0
117893119,,117999469,fill,0.0,6.441078667823092,46822,S Granite Way,1.0
117893127,,118201927,fill,0.0,0.48032999471195126,44024,N 13th St,1.0
117893132,,117852014,fill,9.313225746154785e-10,0.44372658528862985,44648,N 19th St,1.0
117893135,,117783616,fill,0.0,0.21248139397883392,41738,W Resseguie St,1.0
117893152,,117823626,fill,2.978136935902223e-07,1.8428124027848298,46127,W Martin St,1.0
117893245,,117711087,fill,0.0,0.14335102615086726,43317,N Hartman St,1.0
117893246,,118188672,fill,0.0,0.027947531103791334,40147,W Northview St,1.043
117893248,,118130634,fill,4.0745362639427185e-09,0.22470347923575673,44988,W Jefferson St,1.058
117893254,,117984803,fill,2.2931159012476224e-09,11.123352299053181,40118,S Beverly St,1.0
117893262,,117711184,fill,4.293184940373938e-09,0.18971078469985514,42994,W Bethel St,1.0
117893267,,118049959,fill,1.862645149230957e-09,7.829890665845937,44830,S Atlantic St,1.0
117893276,,383827557,fill,5.6785717556536826,5.764612498560581,47186,Heath Pl,1.0
117893316,,117917691,fill,0.0,0.13757230678135102,45523,S Vermont Ave,1.0
117893336,,117936535,fill,2.796391991308032e-09,0.05551712733341674,46384,S Pond St,1.0
117893339,,117994587,fill,2.628723958766054e-07,0.00015742332072932186,48405,W Settlers Dr,1.0
117893340,,117916864,fill,0.0,0.052266710700081376,46028,N Eldorado St,1.0
117893352,,117883054,fill,0.0,11.646948748648128,45827,S White Cloud Dr,1.0
117893782,,117868202,fill,3.725290298461914e-09,0.27635859409772934,47688,S Kit Ave,1.0
117893987,,118172792,fill,4.5448075157517844e-06,0.30960779194086285,42019,Gunfighter Ave,1.0
117894034,,117823819,fill,0.0,0.2256958909017044,46391,S Linder Rd,1.0
117894035,,117813236,fill,0.034325195671860036,1.125852378737818,46101,S Black Cat Rd,1.018
117894057,,117663347,fill,0.0,0.852593860831746,42793,N Ten Mile Rd,1.0
117894135,,118111736,fill,1.2518847576764857e-06,0.12473461825013032,44250,11th Ave S,1.028
117894247,,117760174,fill,0.0,0.7543136826090517,44765,S Curtis Rd,1.103
117894260,,119608004,fill,1.6076315267923685e-07,0.12558541586895444,48436,Alworth St,1.0
117894266,,118000582,fill,0.0,0.0002434852644057628,41738,W Resseguie St,1.0
117894346,,117813362,fill,0.0,0.1575729306799758,42312,N Pierce Park Ln,1.023
117896003,,484427279,fill,9.232204780714464e-08,0.8592219373711032,43765,Marble Front Rd,1.0
117896894,,119754563,fill,0.040043517768186605,25.887149516434903,42040,Lowell Rd,1.0
117897647,,117954409,fill,1.8071498044915748e-07,1.566248903021858,44983,W Kootenai St,1.032
117897714,,118060107,fill,3.942922847432081e-07,0.05206658829661137,41224,Homedale Rd,1.0
117897747,,117802655,fill,9.313225746154785e-10,0.025828255270880618,43737,S Roosevelt St,1.0
117897748,,117859289,fill,1.641456037759781e-08,0.23039216172489319,44021,W Targee St,1.0
117897756,,117598275,fill,1.8533450859744492e-08,0.0648169043797111,41616,N Middlefield Rd,1.0
117897773,,117823727,fill,1.8277442804925416e-07,0.0009988486192469281,44501,W Camas St,1.0
117897775,,118189157,fill,0.0,2.8639590014452097,41288,W Executive Dr,1.17
117897818,,117882279,fill,0.0,4.033084068440303,48070,S Jo Linda Ave,1.0
117898484,,118987927,fill,1.0459072831574685e-07,0.9483107808748912,43167,Main St,1.0
117898504,,119558993,fill,1.1781598674824618e-07,0.009759370476785989,48548,E Main St,1.0
117898505,,117767123,fill,4.6319206545935405e-07,0.04297908492492297,44931,E Park St,1.025
117900623,,117684311,fill,0.0,9.608872971966775e-06,40548,Notus Rd,1.0
117900888,,117825451,fill,0.0,0.010798961375940053,42330,W Taft St,1.0
117902256,,1030151912,fill,0.0,0.18077979466659144,44756,S Locust Grove Rd,1.051
117902314,,484428154,fill,0.0,1.0406103299747826,44686,Midland Blvd,1.0
117902988,,117675062,fill,0.0,7.7951081987263535,43004,E Central Dr,1.386
117903010,,117999527,fill,0.010197957188085747,5.173490975629335,45225,N Roosevelt St,1.052
117903016,,118173835,fill,0.0,0.008421509170062791,43188,W Targee St,1.0
117903019,,117823633,fill,6.56648463028343e-08,0.41386023754415646,44983,W Kootenai St,1.032
117903023,,117842329,fill,6.170012056827545e-09,0.14096312689520119,46975,W Jewell St,1.0
117903025,,118008415,fill,0.0,0.052367998832380636,42582,N Raymond St,1.0
117903026,,117974539,fill,0.0,2.1064182284981143,42910,N Allumbaugh St,1.0
117903033,,117989844,fill,1.4563854542501042e-07,0.10944410569328511,45922,W Sunset Ave,1.0
117903058,,118125485,fill,8.207808581761081e-08,0.12449671737257972,43886,W Emerald St,1.109
117903059,,118010397,fill,2.876966268489414e-08,0.2115674602488582,40147,W Northview St,1.029
117903143,,119786691,fill,2.356578541196795e-07,0.08369119093774202,48655,S Allen St,1.186
117903977,,117855178,fill,9.850497435655163e-08,0.35770435204506157,40147,W Northview St,1.029
117904071,,117792021,fill,2.7932885519208237e-08,1.60064036342024,45182,N Garrett St,1.648
117905257,,119736838,fill,0.0,0.036098403541245716,48697,N Robbins Rd,1.0
117906372,,117742121,fill,8.960199265225724e-09,0.39963941002633874,44299,W Chicago St,1.0
117906374,,119090002,fill,0.0,0.762127198346775,44537,W Linden St,1.0
117908019,,118073896,fill,2.418421489482539e-07,0.06076869857346878,46133,N 4th St,1.0
117908467,,117790827,fill,0.0,20.959772343769572,45537,S Solar Ave,1.0
117908498,,450152378,fill,0.0,0.41069218456760836,46391,S Linder Rd,1.107
117908560,,383859087,fill,6.51925802230835e-09,0.22707501958990406,42722,S Robinson Rd,1.0
117908567,,1187544979,fill,0.04009401842787851,0.8998027966156599,41288,W Executive Dr,1.542
117908592,,117958139,fill,0.0,0.031495669970183826,47317,W Desert Ave,1.0
117908694,,117669750,fill,9.313225746154785e-10,0.8678422626452971,42910,N Allumbaugh St,1.0
117908699,,117881657,fill,0.0,0.25558636640244004,46788,S Manitou Ave,1.0
117909092,,448718745,fill,0.0,0.3473267804057514,46028,N Eldorado St,1.0
117912212,,1058065913,fill,1.862645149230957e-09,0.4014901280158938,46101,S Black Cat Rd,1.0
117912330,,117850039,fill,1.6547113971252727e-06,0.019685349097812832,42417,S 18th Ave,1.0
117912840,,118044890,fill,0.0,0.36857737595053663,43227,11th Ave N,1.0
117912863,,119055839,fill,0.0,5.8764530099545595,48885,S Crosspoint Ave,1.0
117912870,,117719517,fill,0.0,0.030532325770224134,43854,S Grant Ave,1.0
117912876,,118008237,fill,9.313225746154785e-10,0.24938085158242984,46790,S Pacific St,1.0
117912877,,117723545,fill,0.0,0.04095212802144488,43945,S Gourley St,1.0
117912879,,118059672,fill,0.0,0.23988551237204092,44251,W Cassia St,1.093
117912893,,117808061,fill,0.0,0.009610942989525029,44250,11th Ave S,1.028
117913129,,117727135,fill,4.0745362639427185e-09,0.01992360347810518,40269,Homedale Rd,1.0
117913988,,118036130,fill,1.1641532182693481e-10,0.044489617297927,42312,N Pierce Park Ln,1.023
117914074,,118044871,fill,1.5407984580255307,43.85076753013135,44095,E Shenandoah Dr,1.0
117914079,,117783655,fill,1.2375118458567477e-08,0.022253648099876955,44265,W Brumback St,1.0
117914093,,118183305,fill,4.860980432012954,10.683156106437593,43795,E Shaw Mountain Rd,1.0
117914097,,117956387,fill,1.979060471057892e-09,0.10099367317059205,45922,W Sunset Ave,1.0
117914100,,117866818,fill,9.313225746154785e-10,0.09257890913593769,43317,N Hartman St,1.0
117914161,,117765365,fill,0.0,0.6102922180529333,44880,E 11th St,1.0
117914170,,117923150,fill,5.133915692567825e-08,0.017727118653056095,40147,W Northview St,1.043
117915191,,117867563,fill,9.385703304198744e-10,0.39161708754440383,42019,Gunfighter Ave,1.0
117915223,,117754580,fill,8.065350620377415e-07,0.9276707139526934,44614,E Barber Dr,1.0
117916495,,117884337,fill,0.0,1.1796809068783318,43283,Friends Rd,1.0
117916864,,117925202,fill,0.0,0.07206640150300814,46028,N Eldorado St,1.0
117916879,117808021,770992277,override,0.0018202286607966961,1.1846516151413482,43678,N Mountain View Dr,1.0
117916893,,118183284,fill,0.0,1.9910766856036162,48986,N Arthur St,1.0
117916902,,119102138,fill,0.0,11.5984275386256,46852,S 8th St,1.0
117916904,,117958867,fill,0.0,0.2536052525775858,44402,W Bannock St,1.0
117916910,,117746180,fill,5.036896945159868e-09,0.3480883008761566,44402,W Bannock St,1.0
117917392,,118070194,fill,0.0,0.25905840191609286,41290,Birch Ln,1.0
117917652,,117755759,fill,2.709252425988923e-08,8.108922781975252,44659,E Table Rock Rd,1.0
117917670,,118003904,fill,0.0,0.04065341114520038,45947,N 20th St,1.0
117917673,,117889387,fill,0.0,0.15290982751028537,42810,W Lemp St,1.0
117917675,,118139892,fill,0.0,0.010520560246447985,44985,N 9th St,1.146
117917676,,117985325,fill,0.0,0.04040560639509749,44648,N 19th St,1.0
117917677,,117893248,fill,2.0489096641540527e-08,0.001173337209309011,44988,W Jefferson St,1.058
117917678,,118201835,fill,0.0,0.06160319496285638,44402,W Bannock St,1.0
117917679,,118014375,fill,4.938305705682227e-07,0.036575293598986036,42345,Adams St,1.0
117917690,,117963370,fill,0.0,0.13975883075522688,42241,S Euclid Ave,1.0
117917691,,118120820,fill,0.0,0.3017866221234158,45523,S Vermont Ave,1.0
117917693,,117875544,fill,0.0,0.03973771020048389,47866,W Howard St,1.0
117917697,,118059669,fill,9.313225746154785e-10,0.7276162558695205,43945,S Gourley St,1.0
117917698,,117763414,fill,4.7657242175505436e-07,0.06458822289656041,44831,N Marshall St,1.0
117917703,,117635570,fill,0.039953312846282125,0.8239791721686629,41357,S Phillippi St,1.0
117917704,,117882236,fill,0.0,0.016460080464753446,43174,S Roosevelt St,1.035
117917708,,118013034,fill,9.313225746154785e-10,0.8261404098481648,41357,S Phillippi St,1.0
117917806,,118035993,fill,0.0,0.4934943110696395,49030,S Newport St,1.0
117917818,,117739442,fill,5.133915692567825e-08,0.11434028886367287,42994,W Bethel St,1.0
117917822,,117984832,fill,0.0,0.13372282188436202,45423,S Annett St,1.0
117917842,,117864048,fill,0.0,0.02308128320115088,46976,N Shamrock Ave,1.0
117918060,,117821687,fill,4.0745362639427185e-09,0.1370825664041888,42810,W Lemp St,1.0
117918061,,117918060,fill,0.0,0.02507058813534968,42810,W Lemp St,1.0
117918062,,117684346,fill,0.0,0.12309664995675007,42820,W Ada St,1.0
117918083,,117958856,fill,1.5688851122106448e-07,1.8437933321991977,43930,E Hard Rock Dr,1.0
117918084,,117800375,fill,2.0954757928848267e-09,0.17343604508619137,42919,W Bella St,1.0
117919704,,117665736,fill,3.702007234096527e-08,0.014485567459018966,42834,W Pomona Rd,1.0
117920236,,118012983,fill,0.0,0.08318489064342316,41528,N Milwaukee St,1.453
117920939,,117711671,fill,0.0,1.4866126604287615,43704,Sunnyridge Rd,1.143
117921061,,117903034,fill,6.565824151039124e-08,0.028215962461047184,42330,W Taft St,1.0
117921095,,117766267,fill,1.0433956615047847e-08,0.6741568671769187,40780,Boise Ave,1.0
117921131,,117852127,fill,9.313225746154785e-10,0.03208441365467252,42980,S Montana Ave,1.0
117921157,,117884212,fill,2.341342220479894e-06,14.199659435863822,48123,E Highland View Dr,1.0
117921218,,117894135,fill,2.058075390089627e-07,0.46202572649070817,44250,11th Ave S,1.028
117921224,,474897590,fill,0.011765065422485108,0.049456813924706466,44255,N Allumbaugh St,1.0
117921249,,1030190702,fill,5.595859773834062e-07,0.07251254173672805,41411,N 3rd St,1.0
117921252,,118134749,fill,0.0,0.6261940253880596,44024,N 13th St,1.0
117921538,,117711066,fill,7.078266824925165e-06,0.05576977152227869,42345,Adams St,1.061
117921543,,474888809,fill,1.5443499862956755e-06,0.7728661243371562,45798,E 47th St,1.0
117921556,,119073807,fill,0.0,15.565221852391232,49132,S Scyene Way,1.0
117921559,,117716186,fill,2.4710848865946006e-07,2.3356994092671926,43795,E Shaw Mountain Rd,1.0
117921560,,117819417,fill,0.0,0.18675413770449723,45239,S Can Ada Rd,1.0
117921647,,117865702,fill,0.0,0.031135005464079768,42312,N Pierce Park Ln,1.023
117921696,,448718080,fill,0.0,0.04568072525307798,41831,N Wildwood St,1.0
117921714,,117776467,fill,0.000704813272048086,6.069553021278466,45183,W Diamond St,1.0
117921715,,119591313,fill,9.492985396492059e-07,0.8813648256813735,44213,N Riverside Dr,1.0
117921849,,484430559,fill,0.5006973363755398,1.0771168152087398,41798,W Pine Ave,1.121
117923149,,119555202,fill,2.87545844912529e-08,0.06677028663659712,49171,W Holbrook Ave,1.0
117923150,,117849965,fill,2.246815711259842e-08,0.0046899938943454345,40147,W Northview St,1.043
117923773,,117878080,fill,9.313225746154785e-10,0.033774993525753416,42312,N Pierce Park Ln,1.023
117923952,,118117860,fill,0.0,0.09232083578302763,42980,S Montana Ave,1.0
117924946,,118073722,fill,3.760456050806758e-06,0.045466513896172955,49218,E Braemere Rd,1.0
117924948,,118014507,fill,0.0,0.3483288146179575,44402,W Bannock St,1.0
117925192,,119245567,fill,7.173149008755991e-08,11.24158584563267,49223,S Wind Dancer Way,1.0
117925193,,118010279,fill,1.3570623496246112e-06,1.8169017389463136,47870,W Hill Rd,1.0
117925199,,118044736,fill,0.0,0.09568053405030241,49226,S Owyhee St,1.0
117925202,,117810684,fill,0.0,0.1323318856693163,46028,N Eldorado St,1.0
117925204,,117882280,fill,0.0,0.0061469055283964735,48071,W Hackamore Dr,1.181
117925228,,117755613,fill,2.650793238468354e-07,0.013535555905548335,44644,W Victory Rd,1.0
117926053,,117837204,fill,5.589147975741794e-09,0.016639231218107398,42793,N Ten Mile Rd,1.0
117926153,,117878248,fill,0.0,29.28232537243227,46375,E Stonepoint Dr,1.0
117926301,,383851707,fill,8.381903171539307e-09,0.07194777983988843,44356,S Cloverdale Rd,1.0
117926483,,384123876,fill,4.0745362639427185e-09,1.0106457612722863,49263,Lincoln St,1.0
117927903,,118008380,fill,0.0,0.5832736905157958,49312,S Biggs St,1.0
117928012,,117848872,fill,7.185240049899955e-08,0.1413404966635312,41382,W Smith Ave,1.0
117928013,,118125457,fill,1.668315641906827e-07,0.1731314344648638,45867,N Mercer St,1.0
117928027,,117750555,fill,1.028679406008428e-08,0.028509554424317685,44501,W Camas St,1.0
117928280,1187486891,118065186,override,0.0,1.5187434374880695,44356,S Cloverdale Rd,1.0
117929916,,117785691,fill,0.0,0.07687558562201957,41357,S Phillippi St,1.0
117930146,,119736827,fill,2.240049816306431e-09,4.905955983736845,42435,Farmway Rd,1.0
117930664,,117797796,fill,3.4043986707522953e-06,0.5159210634406577,42019,Gunfighter Ave,1.0
117931370,,117873959,fill,2.580142799213361e-08,17.58969401184129,46574,E Windsong Dr,1.0
117931383,,484378505,fill,9.441741934280305e-08,0.04784919787573472,49418,W Cory Ln,1.0
117931384,,117617097,fill,0.009988320442956042,2.488018589115285,41528,N Milwaukee St,1.453
117931392,,117650550,fill,1.473323172129329e-07,0.7594581975079677,42540,W Joplin Rd,1.239
117931396,,118116393,fill,0.0,16.023772918235522,46375,E Stonepoint Dr,1.0
117931397,,117893041,fill,2.0954757928848267e-09,1.2279823903338638,48377,W K-Bar-T Dr,1.0
117931413,,117999629,fill,2.2840914581153958e-07,1.8578990716426347,41223,S Old Quarry Way,1.0
117932044,,117912212,fill,9.313953313496714e-09,0.45267291984885105,46101,S Black Cat Rd,1.0
117932993,,117875121,fill,5.908077582716942e-08,0.09464477466514154,42499,6th Ave S,1.0
117933052,,118113639,fill,0.0,0.027408046328503133,42722,S Robinson Rd,1.0
117933226,,117874184,fill,7.435950653404029e-08,1.9269487610282567,40314,E Lake Forest Dr,1.065
117933654,,117933653,fill,0.00012041470523025301,0.18761364124256374,41363,Old Oregon Trail Rd,1.0
117934193,,118016943,fill,1.725275069475174e-07,0.023250502441101162,43800,W Pine Ave,1.033
117934432,119804114,1030236504,override,0.0,0.06327164628896753,45239,S Can Ada Rd,1.0
117934449,,119194053,fill,9.610716513113259e-07,13.129539242507008,41529,W Riverside Dr,1.104
117934473,,1058105750,fill,0.0,2.4987088203334338,44353,E Yamhill Rd,1.124
117934688,,1030201465,fill,0.0,0.29273313881665786,42582,N Raymond St,1.0
117935619,,118010361,fill,0.0,1.0753305884709334,49523,S Waldon St,1.0
117935620,,118013080,fill,0.0,0.036809158182222745,49524,W Mossy Cup St,1.0
117935639,,117972882,fill,0.0,0.07981170148980254,47569,W Highlander Rd,1.0
117935734,,117842307,fill,0.09010183708094352,33.57664870184817,44253,E Bergeson St,1.0
117935782,,117817496,fill,2.2584572434425354e-08,9.377087315395102,46214,W Donnybrook Dr,1.0
117935783,,384169844,fill,5.8941588493631786e-05,17.296111175550777,49532,S Sage St,1.0
117936110,,119260348,fill,2.527596886091584,0.20926074100989922,41527,S Swan Falls Rd,1.0
117936535,,117972463,fill,9.313225746154785e-10,0.05703280707120939,46384,S Pond St,1.0
117936538,,118158233,fill,2.260376680519851e-08,0.07269633660834529,40147,W Northview St,1.029
117936539,,117993859,fill,5.215614298207001e-08,0.09432437617854816,44356,S Cloverdale Rd,1.0
117936566,,484359152,fill,3.725290298461914e-09,0.4480350357526106,41237,N Shamrock St,1.0
117936807,,117816223,fill,0.0,0.21059805328491166,41291,Fargo Rd,1.0
117937192,,484415049,fill,2.546616231034877e-07,0.09229039272315731,41224,Homedale Rd,1.066
117937558,,117982103,fill,9.52859864289614e-07,0.3489368594607356,40120,W 12th St,1.0
117938312,1187364386,1187561302,override,0.0,48.5287101382857,49589,W Gowen Rd,1.0
117938369,,119111000,fill,1.1583698916764458e-07,0.009743660832697287,45773,E Main St,1.0
117938370,,118189046,fill,1.6239937394857407e-08,0.0017963265003686502,44425,E Commercial St,1.232
117938394,,117838229,fill,0.0,1.0739941331237333,46846,W Sunset Ave,1.0
117938395,,117882221,fill,0.010006296660218397,0.09132022875411394,42345,Adams St,1.061
117938406,,117794599,fill,1.995427893573961e-08,8.575814530820708,43493,N 36th St,1.0
117938774,,117887320,fill,1.862645149230957e-09,1.4020028514824219,46376,N 26th St,1.0
117938825,,117907357,fill,2.0954757928848267e-09,0.22720738831242215,44021,W Targee St,1.0
117938849,,117915282,fill,1.728757729832695e-08,13.238232317517912,40314,E Lake Forest Dr,1.065
117940725,,118002111,fill,0.0,0.013297186010646556,44645,N 16th St,1.114
117940726,,117644197,fill,9.313225746154785e-10,0.0971994384124173,41528,N Milwaukee St,1.453
117940901,,118010167,fill,4.6220260738841837e-07,0.04302807951893328,49650,W Warren Spur Rd,1.0
117940910,,384164252,fill,0.481118432656729,0.23796885707494653,49652,E Lewis Ln,1.0
117941767,,383866517,fill,7.015246501417991e-06,3.782343835821564,43332,N Bogus Basin Rd,1.0
117941804,,118117409,fill,3.882409617743488e-07,6.556080493953402,49677,N Houston Rd,1.045
117941810,,118158345,fill,0.0,0.5519273394386914,49652,E Lewis Ln,1.0
117941815,,119205875,fill,1.2427335605025291e-07,0.5556850463004537,42744,7th Ave N,1.0
117941850,,117727721,fill,4.0745362639427185e-09,0.05701638683450483,44009,N Alamo Rd,1.0
117942247,,383859207,fill,2.9626281305704203,5.880395186658006,47443,Stibnite Rd,1.0
117942291,,117985176,fill,1.1313199107236333e-07,0.22887520668507477,43775,Locust Ln,1.0
117942438,,118045084,fill,2.0954757928848267e-09,0.00038139285061333794,41738,W Resseguie St,1.0
117942774,,117670173,fill,2.0954757928848267e-09,0.20535910788936462,42919,W Bella St,1.0
117944167,,448690007,fill,1.2456439435482025e-08,0.4885368892024644,43253,4th St,1.0
117944215,,117723586,fill,3.392148513539251e-08,0.04563750766979524,42439,W 6th St,1.0
117944373,,117938406,fill,1.6140257021540848e-07,0.14072396858699676,43493,N 36th St,1.0
117944895,,118096709,fill,0.0,0.4934229425897172,43072,Mill Rd,1.027
117945583,,461314298,fill,2.0605511963367462e-08,1.2596363932902364,44498,Orchard Ave,1.0
117946054,,119002883,fill,0.0,0.8624018988373621,49792,N Venus Pl,1.0
117946151,,118131289,fill,8.8274440263119e-06,0.1487002793536476,47950,S Pond St,1.0
117946186,,118039842,fill,0.0,0.6501732152156592,44426,N Main St,1.0
117946288,,118026203,fill,1.2829662501604198e-06,0.45108670053826927,44196,6th St N,1.044
117946544,,119137806,fill,2.5275968834120244,0.209490130589586,44204,S Swan Falls Rd,1.0
117947476,,118115921,fill,1.3053148100581466e-07,1.1054459583742755,43402,Wooley Ave,1.0
117947626,,118009675,fill,0.0040948743471258065,1.9475335203637485,44882,S Eisenman Rd,1.147
117948052,,117866659,fill,4.188928840611958e-06,1.1587106759751862,44285,N Kimball Ave,1.0
117948055,,118073832,fill,0.0,0.059942823715687155,42980,S Montana Ave,1.0
117948852,,117950605,fill,0.0,5.21130678521331e-06,46976,N Shamrock Ave,1.0
117948946,,117798621,fill,0.0,0.24525307782877803,45742,S 3rd St E,1.0
117949001,,117630745,fill,2.7939677238464355e-09,3.153849455023561,42163,N Meadowland Dr,1.0
117949024,,117984559,fill,9.313225746154785e-10,0.5542279185333996,43227,11th Ave N,1.0
117949026,,117743498,fill,3.288191929482173e-08,0.3146190136696987,42627,Iowa Ave,1.0
117949094,,117639489,fill,0.004661466105209276,0.5921765323386126,42333,Lake Ave,1.0
117949654,,118009427,fill,2.0200607906450694e-07,9.293390646673402,42586,E Island Woods Dr,1.0
117950596,,383822423,fill,0.0,0.6317625462026228,41977,Batt Corner Rd,1.0
117952751,,118008326,fill,0.0,0.1679899999720078,46788,S Manitou Ave,1.0
117952777,,1058117137,fill,2.6116751954674076e-07,3.0176961464941314,41462,W Roosevelt Ave,1.275
117952801,,118009355,fill,0.0,0.10355875643213608,42980,S Montana Ave,1.0
117952870,,463717234,fill,0.0,0.571964618907657,49963,E Flamingo Ave,1.765
117952908,,474871608,fill,0.0,0.45109908306872626,43741,Ustick Rd,1.0
117953299,,118039651,fill,0.0,0.18746833485107572,47302,Albany St,1.0
117953331,,119095008,fill,8.581620809942804e-07,0.43727189352620144,47185,6th St N,1.0
117953822,,117754855,fill,0.0,0.04205232375250034,42820,W Ada St,1.0
117953855,,117639098,fill,1.5365721608296916e-05,0.09070181118261189,40314,E Lake Forest Dr,1.065
117954402,,117994556,fill,9.313225746154785e-10,0.9758116246260897,43854,S Grant Ave,1.0
117954409,,117985340,fill,1.0402736627503813e-08,0.3862708878980925,44983,W Kootenai St,1.032
117954411,,117837149,fill,0.0,0.47180979757200703,46795,N Liberty St,1.029
117954537,,119103328,fill,0.3606049671191021,16.385952473779014,50010,E Braemere Rd,1.0
117954619,,117787822,fill,0.0,0.9479894689423247,45459,S Mitchell St,1.0
117955845,,117989833,fill,5.291486056019277e-07,0.19476639429865372,50038,S Walnut St,1.0
117955849,,484355411,fill,6.26892204763871e-05,0.04446649447919526,45687,W Broad St,1.0
117955851,,117974485,fill,9.31613567459516e-09,0.562237850835885,45030,Yellowpine Ave,1.0
117955954,,118020008,fill,0.18422452224575553,0.39619191848012747,50048,S Black Cat Rd,1.0
117956062,,117949001,fill,0.0,0.35718719967067614,42163,N Meadowland Dr,1.0
117956063,,117956062,fill,0.0,0.13391496594934438,42163,N Meadowland Dr,1.0
117956147,,117942903,fill,0.0,0.3253838909951128,49705,E Karcher Rd,1.0
117956214,,118197696,fill,2.0954757928848267e-09,0.039094440414771725,50059,E Commercial St,1.0
117956288,,117743729,fill,0.0,0.5038829539269329,43627,S Black Cat Rd,1.0
117956342,,118153901,fill,6.356276571750641e-08,0.12763678933129086,44434,W Breneman St,1.0
117956346,,117639384,fill,4.0978193283081055e-08,0.3822732651987053,42330,W Taft St,1.0
117956353,,117882543,fill,0.0,0.136058273803485,43103,N 28th St,1.0
117956372,,117810679,fill,0.0,0.12287954495161557,46025,N Redway Rd,1.0
117956387,,117838220,fill,1.5401747077703476e-07,0.051748516555761626,45922,W Sunset Ave,1.0
117956397,,118125463,fill,0.0,8.684346582215596,44024,N 13th St,1.076
117958050,,450155507,fill,0.0,10.21765191473014,46376,N 26th St,1.0
117958129,,118197255,fill,6.109242278316785e-07,10.038672465840904,47560,Davis Ave,1.0
117958139,,384121484,fill,0.0,0.18728010747958024,47317,W Desert Ave,1.0
117958643,,118049930,fill,9.313225746154785e-10,0.8353116884644578,42046,S Mitchell St,1.0
117958711,,383849631,fill,0.0,0.12495024303200353,44686,Midland Blvd,1.0
117958726,,117980612,fill,1.047779287739251e-07,0.2685745134228341,47197,W Shoup Ave,1.0
117958732,,118014270,fill,4.4189097093093883e-07,29.36561632633368,50136,E Serene Dr,1.0
117958736,,117746126,fill,3.4924596548080444e-08,0.29641533901749995,44398,W Williams St,1.0
117958746,,118183268,fill,2.0954757928848267e-09,0.1030631686548702,42252,W Clark St,1.0
117958748,,117903058,fill,0.0,0.28913110135158604,43886,W Emerald St,1.109
117958753,,117887245,fill,2.0954757928848267e-09,0.370448092929621,48195,W King St,1.0
117958757,,118010325,fill,2.5515309405093294e-07,1.009846575542639,46841,S Ridge Point Way,1.0
117958769,,118201901,fill,0.037249087293792574,4.674554592598241,50144,N Esquire Dr,1.0
117958850,,118153978,fill,0.0,3.832792117464123e-06,41357,S Phillippi St,1.0
117958851,,118122939,fill,2.0954757928848267e-09,0.07384862794646097,45258,W Spaulding St,1.0
117958874,,117829060,fill,0.0,8.095706483510469,46536,N McKinney St,1.0
117958916,,117947626,fill,0.0,0.07676248880738967,44882,S Eisenman Rd,1.147
117958918,,117661124,fill,1.1735034006785785e-07,0.021349237542267474,42731,E Kuna Rd,1.0
117960436,,117893010,fill,0.0,0.021578627176694454,42910,N Allumbaugh St,1.0
117961091,,117746189,fill,1.862645149230957e-09,1.2919384239285705,44403,S Sub Station Rd,1.0245
117962389,,117813912,fill,1.2107753146112464e-08,0.19474802509830624,44756,S Locust Grove Rd,1.0
117963134,,770992331,fill,0.0,0.3599591137275979,50268,S Gekeler Ln,1.0
117963146,,117984891,fill,9.758830752261823e-06,1.3671106314913288,46375,E Stonepoint Dr,1.0
117963148,,118126058,fill,0.0,0.027313530905757943,43173,W Morris Hill Rd,1.0
117963211,,117684274,fill,5.508504494571385e-07,1.3046261310960006,43167,Main St,1.0
117963309,,1187659118,fill,2.8566381521335815,0.7277868547731714,41288,W Executive Dr,1.17
117963335,,117829099,fill,3.4845033059577757e-07,0.7177643415472517,46539,E Starcrest Dr,1.0
117963339,,117980595,fill,1.6440959647410864e-08,0.2179380085824505,43849,E McKinley St,1.047
117963341,,117739433,fill,0.0,6.1401633390916,44247,S Capitola Way,1.0
117963352,,117977625,fill,0.0,0.13562914530612602,44645,N 16th St,1.114
117963366,,117985330,fill,2.2584572434425354e-08,0.06296954079863326,43503,W Irving St,1.045
117963370,,118013020,fill,0.0,0.029664170320700123,42241,S Euclid Ave,1.0
117963372,,117720774,fill,4.0745362639427185e-09,0.32897769352783257,43871,W Garfield St,1.0
117963375,,117829780,fill,0.0,0.012349679271721925,43945,S Gourley St,1.0
117963376,,117808012,fill,0.0,0.12570906736777943,45953,S Kerr St,1.0
117963377,,118008351,fill,1.1641532182693481e-10,0.06212789375149441,50287,S Arcadia St,1.0
117963378,,117838242,fill,4.030458191813953,70.95543160078489,44831,N Marshall St,1.0
117963380,,117838132,fill,2.0954757928848267e-09,0.03959724674894005,46832,W Fairmont St,1.0
117963390,,117882168,fill,0.003956232094724314,0.6234310511939611,44251,W Cassia St,1.093
117963391,,117739468,fill,1.6818017543132648e-07,27.89148628086258,44251,W Cassia St,1.093
117963408,,118015701,fill,0.0,26.09014822055002,50295,W Teakwood Dr,1.0
117963422,,384139517,fill,1.0244548320770264e-08,0.016932180494450222,43503,W Irving St,1.045
117963428,,117984919,fill,0.0,0.12295256126299137,44560,W Malad St,1.0
117963445,,117743925,fill,0.3586129445837333,0.09054975924348696,44251,W Cassia St,1.093
117963460,,117985297,fill,0.0,0.030780164635956453,44021,W Targee St,1.0
117963468,,117900623,fill,0.0,1.8421823212683535,40548,Notus Rd,1.0
117963494,,117955954,fill,0.0,0.47823136770381325,50048,S Black Cat Rd,1.0
117963499,,117829904,fill,2.3012573761979443e-08,21.697965788942923,46389,W Devonwood Dr,1.0
117963827,,117956303,fill,2.1156665521828035e-05,7.030977563031911,50064,Warren Spur Rd,1.0
117964650,,117979752,fill,7.15604898046648e-08,10.364796720163781,45865,W Shoup Ave,1.0
117965187,,383864273,fill,0.0,0.12782726604825712,45773,E Main St,1.0
117965194,,117804185,fill,0.0,3.6270797068027605e-06,43773,S Entertainment Ave,1.382
117965727,,117952751,fill,9.313225746154785e-10,0.05811183975743006,46788,S Manitou Ave,1.0
117965728,,117806060,fill,0.0,0.025012442835873117,42730,S Linder Rd,1.06
117965745,,118125469,fill,3.0906239927996505e-08,0.8894352063767315,44983,W Kootenai St,1.127
117967974,,118065218,fill,1.862645149230957e-09,0.12247861808043581,42980,S Montana Ave,1.0
117968031,,119111302,fill,0.3405713580800213,18.228814472065494,49218,E Braemere Rd,1.0
117968035,,118096548,fill,2.9751258261316865e-07,1.1871014247104767,42330,W Taft St,1.0
117968124,,117998184,fill,0.0015443993940703453,0.8085210085039023,44021,W Targee St,1.0
117968127,,119270771,fill,0.0,15.476870728613164,50136,E Serene Dr,1.0
117968142,,118019845,fill,0.000919413827237025,10.445094888402082,46974,W Panama St,1.0
117968146,,118008366,fill,2.8368216427291865e-07,0.10316052278858479,43678,N Mountain View Dr,1.0
117968153,,117501094,fill,2.0954757928848267e-09,0.750338572406605,40147,W Northview St,1.029
117968155,,484431098,fill,0.3215753913162306,1.0508100678368635,46795,N Liberty St,1.029
117968158,,118135167,fill,1.1818907522438737e-06,1.6620750902592647,41616,N Middlefield Rd,1.0
117968180,,117872314,fill,0.0,4.161945286984576,47783,S Whisperwood Way,1.0
117968230,,117999538,fill,0.0,0.46307811839017177,47181,S Cleveland St,1.0
117968575,,117977780,fill,5.7392753660678864e-08,0.041637533343532596,44537,W Linden St,1.0
117968909,,1030114636,fill,0.0,0.32983342640272895,45459,S Mitchell St,1.0
117968961,,118064707,fill,9.313225746154785e-10,0.725208201367991,41427,Smeed Pkwy,1.0
117969461,,117758607,fill,0.0,0.8094088067425673,44718,S Allen St,1.295
117969525,,118120637,fill,0.0,1.2684455474852143,41798,W Pine Ave,1.121
117969732,,117912775,fill,0.0,6.687099196719572,48881,S Ozark Pl,1.0
117969742,,1030216004,fill,0.0,5.75661431189161,43366,W Joplin Rd,1.0
117969747,,117844184,fill,9.313225746154785e-10,0.025777270579879996,45616,S Linder Rd,1.0
117971462,,118019399,fill,3.22210377397055e-06,0.3256560702545812,47302,Albany St,1.0
117972412,,117989847,fill,6.776011784339102e-08,0.10588836227771026,42919,W Bella St,1.0
117972463,,118008405,fill,0.0,0.3939397046348745,46384,S Pond St,1.0
117972811,,117842486,fill,5.589147975741794e-09,0.1567946295248248,46986,S 2nd St,1.0
117972859,,117829887,fill,2.4796463549137115e-08,0.08801182240367211,44007,Base Line Rd,1.0
117972866,,117719762,fill,2.0605511963367462e-08,0.3479755984812982,43859,Linden Rd,1.0
117972891,,118059812,fill,3.880301504188326e-07,0.07061438993324032,46386,W Jewell St,1.0
117972892,,117903025,fill,0.0,0.027268893676676953,42582,N Raymond St,1.0
117973351,,117806730,fill,0.0023920047814715846,0.3593818940548772,45920,Deinhard Ln,1.0
117973617,,119126548,fill,0.0,15.543959540576452,50617,S Scyene Way,1.0
117974435,,117878191,fill,2.7893266588861957e-07,13.68029715915111,46821,E Crestline Dr,1.0
117974438,,117755758,fill,3.9701415741292816e-07,0.012091069342091032,44556,N Walnut St,1.0
117974485,,117769854,fill,0.07078514002249747,1.4938893807563716,45030,Yellowpine Ave,1.0
117974490,,118003843,fill,0.0,0.08510663242373084,42253,S Five Mile Rd,1.0
117974539,,117960436,fill,0.0,0.016893021508025186,42910,N Allumbaugh St,1.0
117975939,,118070071,fill,1.979060471057892e-09,0.004447211287470054,42933,SW Old Grandview Hwy,1.0
117976448,,117953855,fill,1.132666689108885e-06,0.014786201850881753,40314,E Lake Forest Dr,1.065
117977230,,383866374,fill,0.0,0.37864204265474655,50714,N 15th St,1.03
117977235,,117989767,fill,0.0,0.004820375050940129,44402,W Bannock St,1.0
117977616,,117823856,fill,0.0,0.4792681913565673,45688,W Hays St,1.02
117977617,,117953822,fill,2.0954757928848267e-09,0.06538936942132523,42820,W Ada St,1.0
117977620,,1058066399,fill,3.4924596548080444e-08,0.16718043305792207,44265,W Brumback St,1.0
117977625,,117985286,fill,0.0,0.22083156942977666,44645,N 16th St,1.114
117977627,,118073743,fill,0.0,1.0807172294507268,46376,N 26th St,1.0
117977630,,118073737,fill,1.8662795822463695e-09,0.014848764957662297,46032,N 14th St,1.0
117977685,,117863399,fill,0.0,0.4111500882465009,42744,7th Ave N,1.0
117977762,,383862115,fill,0.0,0.06783880087880334,43072,Mill Rd,1.0135
117977763,,117644513,fill,5.663727922810686e-07,0.7449432814532315,40120,W 12th St,1.0
117978361,,117788477,fill,0.0,2.8561740285250607,43332,N Bogus Basin Rd,1.0
117979695,,117944497,fill,7.817015628363148e-06,0.8064140139916276,49746,E Bates Ave,1.0
117979752,,117804168,fill,3.493701197561378e-07,0.10102072021607,45865,W Shoup Ave,1.0
117980432,,117856517,fill,3.282912075519562e-08,0.22061208169509428,41462,W Roosevelt Ave,1.053
117980471,,117780013,fill,1.979060471057892e-09,0.026577676024146513,45258,W Spaulding St,1.0
117980474,,118049970,fill,0.0,2.1114708517900453,43174,S Roosevelt St,1.035
117980478,,117878163,fill,0.0,0.5523356450505048,46795,N Liberty St,1.029
117980480,,117941850,fill,2.1771458028276128e-07,0.9812516648677843,44009,N Alamo Rd,1.0
117980481,,117752316,fill,0.0,10.44800031119425,44561,N Redway Rd,1.0
117980559,,117845700,fill,9.313225746154785e-10,0.007365977973108784,42730,S Linder Rd,1.06
117980565,,117892446,fill,3.1839726727430117e-07,0.08555656595871142,44618,W Victory Rd,1.0
117980586,,118109111,fill,9.313225746154785e-10,0.006503163648744703,41831,N Wildwood St,1.0
117980591,,119093916,fill,0.881213930389433,0.1797772274551903,50847,S Rockridge Way,1.0
117980595,,117763394,fill,3.5036177013025954e-08,0.06947766755212115,43849,E McKinley St,1.047
117980609,,117719520,fill,0.0,0.026946330404769014,43855,W Riley Ct,1.0
117980612,,117984812,fill,4.0745362639427185e-09,0.11592192286167347,47197,W Shoup Ave,1.0
117980621,,117825979,fill,4.3230230594347056e-08,0.2242938047802454,44398,W Williams St,1.0
117980627,,118014380,fill,2.468004822731018e-08,0.013666184196637232,44983,W Kootenai St,1.127
117980657,,117985328,fill,3.4520046311567255e-07,0.1721943166448341,42345,Adams St,1.061
117980673,,118122717,fill,0.0,0.441001693620251,44095,E Shenandoah Dr,1.0
117981371,,117938849,fill,0.0999441029751683,4.608222535513164,40314,E Lake Forest Dr,1.065
117981378,,117963146,fill,1.0220492218828087e-06,0.23545637100653494,46375,E Stonepoint Dr,1.0
117981468,,484378191,fill,1.685700291827482e-07,0.11133579332297927,46000,N Collister Dr,1.0
117981479,,117670124,fill,1.979060471057892e-09,0.669896352227056,41305,W Columbia Rd,1.0
117982103,,117863918,fill,2.6664506975907115e-07,4.900982911895937,40120,W 12th St,1.0
117982127,,474860022,fill,9.313225746154785e-10,0.19314662775596503,45884,Riverside Rd,1.0
117982128,,117982127,fill,0.0,0.060218250568738085,45884,Riverside Rd,1.0
117982760,,117823408,fill,2.3193718803204732e-07,0.16778095146833039,41528,N Milwaukee St,1.453
117982803,,117844949,fill,0.002391948083325021,0.421579964315697,42980,S Montana Ave,1.0
117983971,,119223637,fill,0.0,0.17264838114644476,50968,S Constitution Ave,1.031
117983975,,384121351,fill,5.4097061440525856e-08,15.870762571114028,46574,E Windsong Dr,1.0
117983998,,118055155,fill,5.589147975741794e-09,0.0002844430063078107,44495,S 10th St E,1.0
117984019,,118040238,fill,2.876966268489414e-08,0.23318735987413675,45176,W Victory Rd,1.0
117984020,,117758548,fill,0.0,0.06763191150204761,42910,N Allumbaugh St,1.0
117984559,,117954992,fill,9.313225746154785e-10,1.4361757597331177,43227,11th Ave N,1.0
117984771,,117954561,fill,0.0,2.5645581514638707,50012,W Woodlark St,1.0
117984774,,117844065,fill,0.0,0.190232766102838,44348,W Emerald St,1.0
117984776,,117984881,fill,0.0,2.8188819101160334e-06,51000,N Lilly Ave,1.0
117984787,,118015743,fill,0.1302040704329422,14.355364270323832,48279,S Starview Dr,1.0
117984788,,118024446,fill,0.8712005542134591,0.17976506578997942,51002,S Rockridge Way,1.0
117984791,,484361945,fill,0.0,0.310074764933745,41435,S Cole Rd,1.0
117984803,,118031533,fill,0.0,2.5751586043429597,40118,S Beverly St,1.0
117984812,,117850439,fill,0.0,0.24203362923827854,47197,W Shoup Ave,1.0
117984819,,118122718,fill,0.0,0.2698827165340276,47571,W Chamberlin St,1.0
117984822,,117985334,fill,0.0012638939438919723,0.008038993464481337,45523,S Vermont Ave,1.0
117984828,,117829056,fill,0.0,0.24192649088439566,45954,S Owyhee St,1.034
117984830,,119065069,fill,1.979060471057892e-09,0.3563653354555072,51009,W Rickenbacker St,1.0
117984832,,118126056,fill,0.0,2.9551154236770003,45423,S Annett St,1.0
117984840,,117954411,fill,0.0,0.6656354073880948,46795,N Liberty St,1.029
117984854,,440887232,fill,0.0,1.368058915695201,42145,Goodson Rd,1.0
117984891,,117926153,fill,1.862645149230957e-09,5.27261691577533,46375,E Stonepoint Dr,1.0
117984913,,117835736,fill,2.0954757928848267e-09,0.14949057523259057,43173,W Morris Hill Rd,1.0
117984933,,117878151,fill,2.7939677238464355e-09,0.22017652341330063,43778,N 32nd St,1.019
117984936,,118024579,fill,1.0407946462124888e-08,39.25263398226258,46376,N 26th St,1.107
117985181,,118165975,fill,7.167586142207541e-07,6.475476685780791,40314,E Lake Forest Dr,1.065
117985282,,117917655,fill,9.522535691341492,0.040827248442667496,44095,E Shenandoah Dr,1.0
117985286,,118183279,fill,0.0,0.24651674314756633,44645,N 16th St,1.114
117985323,,118134744,fill,5.131831540860718e-07,0.48618550316695064,44703,N 6th St,1.0
117985326,,117843996,fill,2.0954757928848267e-09,0.27289857814321294,45959,W Idaho St,1.0
117985328,,117816150,fill,1.6623724629747467e-06,0.026401435273470497,42345,Adams St,1.061
117985330,,118091636,fill,2.2584572434425354e-08,0.006148367818411771,43503,W Irving St,1.045
117985333,,117838126,fill,0.0,0.01957112426293861,46788,S Manitou Ave,1.0
117985334,,117893316,fill,0.0,0.03119259579585787,45523,S Vermont Ave,1.0
117985337,,117963376,fill,0.0,0.205203941909474,45953,S Kerr St,1.0
117985340,,117813982,fill,2.0954757928848267e-09,0.001518571629986809,44983,W Kootenai St,1.032
117985344,,117785692,fill,1.376978147459412e-05,11.69660877005549,44252,W Robertson Dr,1.0
117986319,,119602989,fill,0.0,0.6249946448719754,51068,SW 12th Ave,1.0
117986351,,117727781,fill,0.0,0.361794494552953,43943,N 39th St,1.0
117988828,,117809328,fill,2.128403465157615,20.74359251889183,42798,W President Dr,1.0
117989674,,117893143,fill,1.2638399280942426e-07,0.00526516023924728,45137,W Fenton St,1.0
117989675,,118122750,fill,6.532827805846326e-06,0.07274837178565008,44169,E 48th St,1.0
117989681,,117936566,fill,2.796391991308032e-09,0.14899309882346756,41237,N Shamrock St,1.0
117989703,,117652532,fill,0.0,0.0003605120590464139,42577,E 50th St,1.093
117989730,,118173827,fill,2.7227831311315585e-06,0.6952747580750156,41412,E Reserve St,1.0
117989761,,118183285,fill,4.032788227421628e-07,0.3002073734435271,47021,N 38th St,1.0
117989767,,118179340,fill,0.0,0.28342273169471355,44402,W Bannock St,1.0
117989769,,118085651,fill,7.71144090014862e-08,31.838226215117146,44648,N 19th St,1.0
117989771,,118188611,fill,1.3970323674652168e-08,0.1817328886934888,43848,N 25th St,1.0
117989833,,1058066369,fill,1.1186402489908783e-06,0.03286512709908607,50038,S Walnut St,1.0
117989841,,117977630,fill,9.313225746154785e-10,0.23021846039685556,46032,N 14th St,1.0
117989844,,117914097,fill,8.615237218092875e-08,0.03421195309724112,45922,W Sunset Ave,1.0
117989847,,118044886,fill,1.0244548320770264e-08,0.20906994283546965,42919,W Bella St,1.0
117989848,,118044882,fill,0.0,0.1478115789374499,43848,N 25th St,1.0
117989851,,117785671,fill,0.0,0.049979733026987105,41738,W Resseguie St,1.0
117990478,,118069332,fill,0.0,0.578270197476769,42333,Lake Ave,1.0
117990625,,117685676,fill,0.0,30.320335561357183,43202,Hill Rd,1.0
117993054,,117953824,fill,0.0,0.16885812270083989,49988,N 20th St,1.0
117993859,,117792950,fill,0.0,0.008586701810543218,44356,S Cloverdale Rd,1.0
117993887,,383866518,fill,0.0,2.0552847754726997,43241,W Spring Mountain Dr,1.0
117994377,,117968182,fill,3.269560093874764e-06,2.1758674202080215,50432,W Evening Star Dr,1.0
117994498,,117963445,fill,0.0,0.6193869390065743,44251,W Cassia St,1.093
117994562,,117965727,fill,0.0,0.05046137003660078,46788,S Manitou Ave,1.0
117994564,,117794494,fill,8.207808581761081e-08,0.10793039440335406,43871,W Garfield St,1.0
117994568,,1187565528,fill,0.06013877407387554,3.0450422086958326,44983,W Kootenai St,1.127
117994575,,118201854,fill,0.0033555524643688424,1.283709187994532,43174,S Roosevelt St,1.158
117994584,,118049969,fill,0.0,1.5521637234022592,47181,S Cleveland St,1.0
117994586,,118172654,fill,5.133915692567825e-08,0.10611764400931634,42834,W Pomona Rd,1.0
117994587,,118172655,fill,1.0244548320770264e-08,0.05639991568040159,48405,W Settlers Dr,1.0
117994595,,1058066222,fill,2.0837551227951754e-06,0.0876754618045652,51331,W Grove St,1.1
117994597,,117857134,fill,2.0954757928848267e-09,0.03026974124725257,44988,W Jefferson St,1.058
117995629,,117928326,fill,0.0,0.3507522818472921,42642,N Meridian Rd,1.0
117995673,,119053294,fill,4.337481948961647e-07,0.6326557431095807,51360,Main St,1.0
117998040,,117806132,fill,0.0,0.043767660760778426,44985,N 9th St,1.146
117998041,,118019973,fill,5.75091689825058e-08,0.008226768808640372,44434,W Breneman St,1.0
117998042,,118064968,fill,1.8510036170482635e-08,0.20380304461940568,42919,W Bella St,1.0
117998065,,117825837,fill,0.0,0.2558673532194007,44826,N Avenue D,1.0
117998183,,117999624,fill,2.0954757928848267e-09,1.6650322097648882,41863,S Empire Way,1.0
117998184,,119030904,fill,1.2223608791828156e-08,0.9334551256735892,44021,W Targee St,1.0
117998195,,117752317,fill,9.788213828064092e-07,0.07094439147942921,41560,N Pauley Dr,1.0
117998196,,117591800,fill,0.0,0.30356585418428494,41528,N Milwaukee St,1.094
117998198,,118077727,fill,0.0,0.34398012379293164,46795,N Liberty St,1.029
117998206,,118117411,fill,0.0,5.706685954010027e-06,46976,N Shamrock Ave,1.0
117998255,,117812744,fill,1.1467635362737153e-05,0.27304742504202295,42263,N 3rd St E,1.0
117998841,,118009779,fill,2.881740540436744e-06,0.13491809843367264,46841,S Ridge Point Way,1.0
117998842,,118077745,fill,0.004846034747557674,4.694895718921032,45687,W Broad St,1.0
117998886,,117813909,fill,0.010023578636962216,3.4994452324231986,46125,,1.0
117998888,,117989681,fill,0.0,1.9529794824153726,41237,N Shamrock St,1.0
117998958,,117926144,fill,6.170012056827545e-08,9.878379877116345,49253,W Gabrielle Dr,1.0
117998966,,117952078,fill,1.3170890159654385e-08,18.57159655971745,44679,N Lancaster Dr,1.0
117998994,,117971462,fill,8.123243098983206e-06,2.2430266267905665,47302,Albany St,1.0
117999460,,117857141,fill,0.0,7.079955970620119,45692,W Highland View Dr,1.0
117999464,,117862041,fill,8.824772843896609e-08,0.037916135769592074,41738,W Resseguie St,1.0
117999469,,117838091,fill,0.0,17.480525562940784,46822,S Granite Way,1.0
117999484,,117756873,fill,9.61914239883655e-07,21.6686041800902,44679,N Lancaster Dr,1.0
117999485,,118024584,fill,0.0,16.611796443346947,48384,N 24th St,1.0
117999486,,117807974,fill,0.0,0.5630806213702613,45945,W Neff St,1.0
117999489,,118064966,fill,9.313225746154785e-10,0.6055476391151444,44648,N 19th St,1.0
117999494,,117882285,fill,0.0,0.18781569680032817,44985,N 9th St,1.146
117999495,,117878205,fill,9.313225746154785e-10,0.255947464374799,44703,N 6th St,1.0
117999496,,117769296,fill,0.0,0.053323114193773336,42820,W Ada St,1.0
117999502,,117768756,fill,1.979060471057892e-09,0.14120733977063082,44988,W Jefferson St,1.058
117999504,,117711064,fill,4.727379536313692e-08,0.10608504558317122,43680,W Bellomy Ln,1.0
117999505,,117963364,fill,0.0,0.8508243492283896,48986,N Arthur St,1.0
117999516,,117770540,fill,9.313225746154785e-10,1.3324818197272634,42241,S Euclid Ave,1.0
117999520,,117808015,fill,0.0,0.698691854837648,45954,S Owyhee St,1.034
117999526,,117963375,fill,9.313225746154785e-10,0.0007480238332959743,43945,S Gourley St,1.0
117999527,,118002159,fill,9.313225746154785e-10,1.4436958814337117,45225,N Roosevelt St,1.052
117999538,,117994584,fill,9.313225746154785e-10,0.1803495871969858,47181,S Cleveland St,1.0
117999554,,117977225,fill,3.5650535132954526,0.2571184203193866,44095,E Shenandoah Dr,1.0
117999568,,118040040,fill,1.1932570487260818e-07,0.02219687451056984,47317,W Desert Ave,1.0
117999574,,117723505,fill,0.0,8.822987100904783,43940,W Southerland Dr,1.0
117999603,,117897747,fill,0.004711669593990126,0.048417589000052885,43737,S Roosevelt St,1.0
117999605,,117958850,fill,1.8662795822463695e-09,0.09780633795645599,41357,S Phillippi St,1.0
117999609,,118024481,fill,2.0605511963367462e-08,0.14804411487023117,44983,W Kootenai St,1.127
117999616,,117870352,fill,1.4319084584712982e-08,0.00027177990153859355,40196,W Amity Rd,1.067
117999624,,117612728,fill,9.313225746154785e-10,0.07570740012630495,41863,S Empire Way,1.0
117999627,,119302190,fill,1.0535535170926063e-07,16.745607428630507,44521,W Southerland Dr,1.0
117999629,,117570567,fill,4.1980539815451205,55.434669146960175,41223,S Old Quarry Way,1.0
117999630,,118015755,fill,2.6077824636858313e-07,2.447867865635743,51547,S Crosspoint Ave,1.0
117999640,,118049840,fill,0.0,0.47235643934342875,42984,W University Dr,1.205
118000522,,383850919,fill,1.1641532182693481e-10,0.2757579888990449,42019,Gunfighter Ave,1.0
118000541,,117956063,fill,1.862645149230957e-09,0.0333549250612748,42163,N Meadowland Dr,1.0
118000582,,117942438,fill,0.0,0.21249126216540049,41738,W Resseguie St,1.0
118002111,,117963352,fill,0.0,0.020480753636348936,44645,N 16th St,1.114
118002118,,1058066270,fill,0.012208361778690596,0.46523905387320497,44402,W Bannock St,1.0
118002126,,117903010,fill,9.313225746154785e-10,0.14398910669214615,45225,N Roosevelt St,1.052
118002129,,384121385,fill,1.862645149230957e-09,0.43528369931823363,43737,S Roosevelt St,1.035
118002131,,117684319,fill,1.2223608791828156e-08,0.7289404367814996,43015,W Castle Dr,1.0
118002144,,117893119,fill,5.300699489109393e-07,1.0790996754983553,46822,S Granite Way,1.0
118002146,,117914094,fill,0.10833079922274212,0.6410055709214078,48916,E Walling Ct,1.0
118002149,,117787832,fill,0.0,0.10223414681001941,45462,W Dewey St,1.0
118002155,,117804074,fill,0.040047176587284475,0.26158166771799074,45687,W Broad St,1.0
118002159,,118139904,fill,0.0,0.26036518814913734,45225,N Roosevelt St,1.052
118002162,,118075464,fill,0.0,7.397259346174707,46852,S 8th St,1.0
118002174,,118153979,fill,0.0,0.02958628907202865,44022,S Curtis Rd,1.044
118002175,,117833857,fill,9.313225746154785e-10,0.0013916790661596679,44022,S Curtis Rd,1.044
118002181,,474859356,fill,0.0,11.68694063105977,51633,W Ellen St,1.0
118002185,,117794701,fill,0.0,0.005436591841515792,42582,N Raymond St,1.0
118002232,,117771306,fill,7.811468094587326e-08,0.19395548076784053,45068,W Columbia Rd,1.0
118002302,,117855039,fill,3.0493704157287824e-08,0.8365848718365214,47302,Albany St,1.0
118002434,,117825495,fill,5.385887773804379e-07,8.273794825243556,46437,E 46th Pl,1.0
118002455,,117832810,fill,5.762558430433273e-08,0.01395820921180757,45578,Bowmont Rd,1.0
118003719,,117757603,fill,3.7024466941568773e-07,2.2196512859595146,40314,E Lake Forest Dr,1.065
118003727,,118008333,fill,2.52486213687137e-06,6.8412160644502364,46690,W Sunrise Rim Rd,1.068
118003733,,118013031,fill,0.0,0.060898799814935956,44830,S Atlantic St,1.0
118003737,,117958748,fill,0.0,2.001071813037697,43886,W Emerald St,1.109
118003791,,117823855,fill,8.353970713475289e-07,0.029725346079828796,45688,W Hays St,1.02
118003792,,118064929,fill,0.0,0.5098112372811272,45959,W Idaho St,1.0
118003794,,118064933,fill,0.0,0.053207064540544025,44985,N 9th St,1.146
118003836,,119344489,fill,9.336510624973266e-07,0.6548596847809449,51697,S Toluka Way,1.0
118003837,,118010276,fill,4.828049806893695e-06,0.24382135710231978,41559,E Lewis St,1.0
118003838,,118061419,fill,6.170012056827545e-09,0.14232216622605165,43849,E McKinley St,1.047
118003843,,118061261,fill,0.0,0.042167536705903785,42253,S Five Mile Rd,1.0
118003882,,118010270,fill,0.0,1.3774779568093152,51701,S Toluka Way,1.0
118003887,,118183278,fill,4.071068272404699e-07,0.047477721020158015,44556,N Walnut St,1.0
118003903,,117928012,fill,1.498265191912651e-07,0.04766920394348517,41382,W Smith Ave,1.0
118003904,,118091573,fill,0.0,0.008986821233804676,45947,N 20th St,1.0
118003905,,118014367,fill,0.0,0.4903063867586752,42810,W Lemp St,1.0
118003906,,117989848,fill,1.862645149230957e-09,0.0474471416969493,43848,N 25th St,1.0
118003912,,117857136,fill,5.3318217396736145e-08,0.14820023964199436,41738,W Resseguie St,1.0
118003916,,118130631,fill,0.0,0.15868846127264646,44402,W Bannock St,1.0
118003917,,119002862,fill,0.0,0.7650028168016547,45959,W Idaho St,1.0
118003924,,117878215,fill,2.6659108698368073e-08,0.06802432197784469,43503,W Irving St,1.045
118004590,,118040211,fill,0.0,0.08527112972379314,45462,W Dewey St,1.0
118004624,,117863803,fill,0.0,3.1040464352978745,47560,Davis Ave,1.0
118004679,,117981479,fill,4.0745362639427185e-09,0.03688443821306464,41305,W Columbia Rd,1.0
118004689,,117741510,fill,1.979060471057892e-09,0.14242023633897816,41798,W Pine Ave,1.121
118004710,,117776456,fill,9.590747337227806e-06,20.016073798013252,45182,N Garrett St,1.648
118005166,,118042802,fill,6.915697241331984e-09,0.19728823649904825,47940,N Locust St,1.0
118005172,,117794715,fill,9.313225746154785e-10,0.003915126492699983,45397,N 31st St,1.431
118005173,,117893132,fill,9.313225746154785e-10,0.2444838107382168,44648,N 19th St,1.0
118005178,,118193124,fill,0.0,0.06899022267276678,46788,S Manitou Ave,1.0
118005351,,117736024,fill,1.862645149230957e-09,2.1521394445477426,40148,S Powerline Rd,1.0
118006739,,118054751,fill,0.0,0.027244034520549576,43775,Locust Ln,1.0
118008217,,117954402,fill,0.0,0.3728857512200534,43854,S Grant Ave,1.0
118008231,,117984913,fill,6.775371730327606e-08,0.477475477616224,43173,W Morris Hill Rd,1.0
118008234,,118044735,fill,7.39765099078602e-08,0.2339995014311569,44983,W Kootenai St,1.032
118008236,,484380859,fill,0.0,0.4197314006528359,44981,S Latah St,1.088
118008237,,118014381,fill,1.862645149230957e-09,0.8995675651951842,46790,S Pacific St,1.0
118008275,,118173745,fill,0.0,0.23098233723771955,42730,S Linder Rd,1.06
118008289,,118003924,fill,0.011060784138736427,0.2270058824658463,43503,W Irving St,1.045
118008326,,117882226,fill,9.313225746154785e-10,0.014883764348155637,46788,S Manitou Ave,1.0
118008333,,118015646,fill,0.0,0.4172743668547696,46690,W Sunrise Rim Rd,1.0
118008346,,119036696,fill,4.190951585769653e-09,0.35659778231547534,51862,W Rickenbacker St,1.0
118008351,,118008227,fill,0.0,0.07233081249250972,50287,S Arcadia St,1.0
118008373,,118002131,fill,0.0,0.004620725785969171,43015,W Castle Dr,1.0
118008377,,118201926,fill,0.0,0.030639880322468116,45947,N 20th St,1.0
118008405,,117823704,fill,1.8662795822463695e-09,0.1986141234316392,46384,S Pond St,1.0
118008409,,118019854,fill,4.5157599373954356e-07,0.14033514987409035,42834,W Pomona Rd,1.0
118008414,,117794700,fill,0.0,0.45905031396773666,45635,N Fry St,1.0
118008415,,117934688,fill,1.862645149230957e-09,0.0165142746703566,42582,N Raymond St,1.0
118009355,,117674321,fill,0.0,0.09415588391814822,42980,S Montana Ave,1.0
118009427,,117813822,fill,2.0906405954297128e-07,10.62839090001188,42586,E Island Woods Dr,1.0
118009664,,117893262,fill,3.0864114781942476e-08,0.0020217289858237564,42994,W Bethel St,1.0
118009706,,117913129,fill,8.149072527885437e-09,0.012491302934108717,40269,Homedale Rd,1.0
118009716,,117969747,fill,2.7939677238464355e-09,0.013636879550858794,45616,S Linder Rd,1.0
118009779,,117838211,fill,8.5484049053331e-09,3.1249404992261702,46841,S Ridge Point Way,1.0
118010167,,119804114,fill,0.09599696908713477,1.876644417783126,49650,W Warren Spur Rd,1.0
118010270,,119070192,fill,8.959359774415154e-07,0.6559877272767665,51701,S Toluka Way,1.0
118010276,,1030196722,fill,7.407711013189066e-08,4.896525678848661,41559,E Lewis St,1.0
118010279,,117875565,fill,0.0,3.050218224892973,47870,W Hill Rd,1.0
118010281,,117887319,fill,5.421365919586263e-07,0.0722113992646598,45960,W Ellis Ave,1.0
118010282,,118077650,fill,0.0,0.036610350235747546,44985,N 9th St,1.146
118010286,,117914100,fill,0.0,0.008511406411770395,43317,N Hartman St,1.0
118010290,,118008231,fill,1.234002411365509e-08,1.0976716584502526,43173,W Morris Hill Rd,1.0
118010294,,117917708,fill,0.0,0.9874412293912087,41357,S Phillippi St,1.0
118010298,,117917811,fill,4.0745362639427185e-09,1.4828803658384686,49031,E Bergeson St,1.0
118010325,,484355421,fill,6.314230120456571e-08,12.161467532252118,46841,S Ridge Point Way,1.0
118010326,,117785657,fill,2.179305200588578e-06,17.734250187384475,44095,E Shenandoah Dr,1.0
118010331,,118188612,fill,0.0,1.876209309874838,45692,W Highland View Dr,1.0
118010333,,118073740,fill,0.0,0.04827976902925002,42919,W Bella St,1.0
118010334,,118122749,fill,4.3083736251673995e-08,0.25452274919430806,45922,W Sunset Ave,1.0
118010337,,117838116,fill,1.1542301766803074e-07,0.0298174173121879,45960,W Ellis Ave,1.0
118010345,,118008217,fill,0.0,0.26325601024171874,43854,S Grant Ave,1.0
118010373,,117844851,fill,0.0,0.3518275862011251,46391,S Linder Rd,1.0535
118010391,,117963428,fill,1.979060471057892e-09,0.05596700257979137,44560,W Malad St,1.0
118010394,,118117929,fill,0.0,0.8016128405713516,48037,Alworth St,1.0
118010412,,118003737,fill,8.835922926664352e-08,0.6704691541138459,43886,W Emerald St,1.109
118010492,,118073857,fill,2.6294902201214164e-07,0.49232128793221364,41224,Homedale Rd,1.0
118012929,,118024385,fill,4.2876412585401515e-08,8.082273594847635,41831,N Wildwood St,1.0
118012934,,119314435,fill,4.190951585769653e-09,6.084475442455869,52029,W Gratz Dr,1.0
118012936,,117780062,fill,6.171012268917557e-07,20.25766814085253,44252,W Robertson Dr,1.0
118012983,,1058065998,fill,0.019976639365794194,6.59830362055348,41528,N Milwaukee St,1.453
118012992,,118125496,fill,0.0,0.051560979779367244,43680,W Bellomy Ln,1.0
118012997,,117999502,fill,0.0,0.08446367466467564,44988,W Jefferson St,1.058
118013000,,117921714,fill,0.0,1.547397444511546,45183,W Diamond St,1.0
118013003,,117849442,fill,0.0,0.21833264758174664,42046,S Mitchell St,1.0
118013010,,117936148,fill,0.0,4.423927276563177,49543,S Allante Pl,1.0
118013020,,117917686,fill,0.0,0.8961820023214386,42241,S Euclid Ave,1.0
118013031,,117893267,fill,0.0,0.2779278592939818,44830,S Atlantic St,1.0
118013034,,118126059,fill,0.0,0.259529855707342,41357,S Phillippi St,1.0
118013041,,117807979,fill,0.0,0.12651303850438467,43853,W Union St,1.0
118013042,,118003912,fill,5.5421518877160285e-08,0.0003828885251095926,41738,W Resseguie St,1.0
118013043,,118188698,fill,9.313225746154785e-10,0.08444434075968843,44648,N 19th St,1.0
118013044,,118055334,fill,1.979060471057892e-09,0.07267521101852026,44265,W Brumback St,1.0
118013604,,117930664,fill,7.004123967847875e-06,0.08258768282379947,42019,Gunfighter Ave,1.0
118014147,,118018956,fill,0.003419268008303399,0.06694170617203099,44560,W Malad St,1.0
118014188,,119885198,fill,0.04364357973232408,3.031783626159296,47207,N Kit Ave,1.0
118014268,,474859350,fill,0.0,0.14920128142438216,43503,W Irving St,1.045
118014270,,117968127,fill,0.0,3.356599557932725,50136,E Serene Dr,1.0
118014272,,118036095,fill,4.0745362639427185e-09,0.2635100219288802,43173,W Morris Hill Rd,1.0
118014367,,117887318,fill,0.0,0.08400779835480421,42810,W Lemp St,1.0
118014368,,117829768,fill,0.2327211678906275,7.531347961275969e-06,45947,N 20th St,1.0
118014369,,118139882,fill,0.0,0.03908545106858696,45397,N 31st St,1.431
118014371,,118003906,fill,0.0,0.20329973970430615,43848,N 25th St,1.0
118014374,,117914098,fill,0.0,0.18022317501259977,44814,N Lander St,1.0
118014375,,484355377,fill,4.814784635972522e-06,0.036264541298208997,42345,Adams St,1.061
118014380,,117790235,fill,0.0,0.054226492060564624,44983,W Kootenai St,1.127
118014381,,118010293,fill,0.0,0.4574485625486773,46790,S Pacific St,1.0
118014382,,118059666,fill,1.4435499906539917e-08,0.02822412568065147,43188,W Targee St,1.0
118014507,,118139889,fill,6.423067975208556e-07,0.07423638494947227,44402,W Bannock St,1.0
118014513,,117994575,fill,0.0,0.008010524637995786,43174,S Roosevelt St,1.158
118014514,,117768724,fill,2.796391991308032e-09,4.1067970806265635,44981,S Latah St,1.088
118015630,,1187539416,fill,1.6636010179139674e-07,0.687982415118654,44253,E Bergeson St,1.0
118015633,,1187334309,fill,0.05993029860379986,6.540357685353911,52147,S Holcomb Rd,1.074
118015650,,117780025,fill,0.0,0.3000267792864406,43737,S Roosevelt St,1.0
118015652,,118135179,fill,0.5494794403683919,2.584351005861663,42240,W Gowen Rd,1.0
118015658,,117893338,fill,2.7594360624296513e-08,0.08354426984197971,44561,N Redway Rd,1.0
118015690,,117844021,fill,1.5204126272202084e-07,0.9040707310843459,44251,W Cassia St,1.093
118015739,,118183318,fill,0.0,0.04941494842165639,43174,S Roosevelt St,1.035
118015741,,117980471,fill,1.5203841030597687e-07,0.022440682455624028,45258,W Spaulding St,1.0
118015743,,118015627,fill,2.2931159012476224e-09,1.0579388821966518,48279,S Starview Dr,1.0
118015755,,119131372,fill,0.0,5.850685437646945,51547,S Crosspoint Ave,1.0
118016699,,118131405,fill,9.313225746154785e-10,12.629499748090694,41817,Wamstad Rd,1.0
118016748,,117640576,fill,5.951738309495635e-08,0.4116312179311876,41224,Homedale Rd,1.0
118016943,,117716350,fill,2.8545188840201965e-07,0.03332274579793193,43800,W Pine Ave,1.033
118017867,,117743978,fill,0.0,0.31084578417852526,43777,W Floating Feather Rd,1.0
118017903,,117747739,fill,8.149072527885437e-09,0.6502501041551341,41798,W Pine Ave,1.121
118017948,,117715293,fill,2.260376680519851e-08,0.055636106053498224,43777,W Floating Feather Rd,1.0
118018921,,117964546,fill,0.0,21.120327115747955,50331,E Boise Hills Dr,1.0
118018944,,117789456,fill,0.0,0.4545730547974074,43704,Sunnyridge Rd,1.0
118018956,,117758734,fill,8.626878070959044e-08,0.05652715131208197,44560,W Malad St,1.0
118019266,,117806160,fill,3.7066901719488984e-08,0.014464862209877083,41749,W Iowa Ave,1.0
118019398,,117776322,fill,9.313225746154785e-10,0.6967144176774127,43429,S Kimball Ave,1.0
118019399,,118002302,fill,2.425845908861602e-06,0.6596695790812248,47302,Albany St,1.0
118019845,,117842316,fill,3.520904378167527e-08,0.07030012246627848,46974,W Panama St,1.0
118019851,,118066200,fill,6.84226961415468e-06,3.876030215988692,42240,W Gowen Rd,1.0
118019852,,117882250,fill,6.686831635441874e-07,0.11434455908329255,48037,Alworth St,1.0
118019853,,117797118,fill,0.0,0.007961680808193705,42834,W Pomona Rd,1.0
118019854,,117919704,fill,7.428173332873873e-08,14.026903120367166,42834,W Pomona Rd,1.0
118019970,,474863218,fill,0.0,51.9637504411844,52285,N Heights Dr,1.0
118019971,,117977620,fill,1.0244548320770264e-08,0.055264884367659306,44265,W Brumback St,1.0
118019973,,117810362,fill,8.265487849712372e-09,0.1495073142957608,44434,W Breneman St,1.0
118020033,,118130640,fill,2.2362022779758863e-07,16.762971179121536,45692,W Highland View Dr,1.038
118020036,,117740276,fill,0.0,1.1430313078176084,43627,S Black Cat Rd,1.0
118020040,,117739446,fill,0.0,0.18163305981229882,44249,3rd St N,1.068
118020041,,119625241,fill,4.831762781738362e-07,0.295814026786843,44196,6th St N,1.026
118020042,,117946288,fill,0.0,0.18694096107614655,44196,6th St N,1.044
118020787,,117752310,fill,4.727379536313692e-08,0.03044590770753075,44560,W Malad St,1.0
118020801,,117600619,fill,0.6610417030659405,30.310579134301662,41595,S Century Way,1.071
118021326,,463715937,fill,1.2375118458567477e-08,0.031786225607959295,41471,W Malad St,1.0
118021329,,118077631,fill,8.847939737122981e-08,0.07839960419369163,50144,N Esquire Dr,1.0
118021332,,117746089,fill,4.0745362639427185e-09,0.114295638013175,44397,W Holbrook Ave,1.0
118021360,,117870795,fill,0.0,0.21863238893723747,46447,W Maple Hill Dr,1.0
118021370,,117968153,fill,0.4821209713145491,0.13160221316041998,40147,W Northview St,1.029
118021377,,117999622,fill,0.0,0.11919298210992224,45183,W Diamond St,1.0
118021401,,117661113,fill,0.0,0.5114167409461174,42730,S Linder Rd,1.06
118021404,,117741562,fill,0.0,0.08750250992670772,43690,N Star Rd,1.0
118022104,,117886027,fill,0.0,4.155390492193419,47998,W Wright St,1.21
118024385,,117780101,fill,4.194587986962048e-08,0.05356584050835522,41831,N Wildwood St,1.0
118024441,,117712190,fill,0.0,0.19241844681297948,42910,N Allumbaugh St,1.0
118024457,,118005166,fill,4.2087228644058966e-07,0.25500416427104255,47940,N Locust St,1.0
118024463,,119106333,fill,0.06893416210811718,2.9460863432863675,44723,S Entertainment Ave,1.554
118024478,,117749872,fill,0.0,25.984596828249437,44478,E Park Blvd,1.306
118024481,,117980627,fill,8.416827768087387e-08,1.1079938917301604,44983,W Kootenai St,1.127
118024566,,117935759,fill,9.853779667959419e-07,0.08335159916319412,49530,N Fry St,1.0
118024567,,118020790,fill,5.5899844667473167e-08,2.088298925613344,52320,N Eldorado St,1.0
118024583,,117852012,fill,0.0,0.04420476452193611,45947,N 20th St,1.0
118024584,,117893129,fill,0.0,0.26913871907913745,48384,N 24th St,1.0
118024633,,119303591,fill,0.0,0.09654076644773113,52480,W Antietam Ct,1.0
118026197,,117747737,fill,9.232204780714464e-08,0.03001485852649921,44434,W Breneman St,1.0
118026198,,118183310,fill,9.313225746154785e-10,0.07141517559404065,46376,N 26th St,1.0
118026203,,117797165,fill,7.130005098634657e-07,1.1147356991160962,44196,6th St N,1.044
118026320,,117726247,fill,0.0,1.9429429489749452,41362,N Hammett Hill Rd,1.0
118026345,,118009921,fill,0.00021355634961144006,0.005629943981006136,41363,Old Oregon Trail Rd,1.0
118028101,,1058066451,fill,9.313225746154785e-10,0.02576455951788148,52590,N Avenue H,1.0
118028163,,1030208319,fill,0.33186047678054936,0.184418156282959,46660,W Deer Flat Rd,1.043
118031495,,383852318,fill,0.0,22.203354077524352,42040,Lowell Rd,1.0
118031533,,117498337,fill,0.0035240609510604937,3.4697312614889597,40118,S Beverly St,1.0
118031672,,117808044,fill,1.8712780760203237e-07,1.030443066032575,45182,N Garrett St,1.648
118031793,,117867592,fill,0.0,0.001791133772314879,46026,N Ash Park Ln,1.0
118035143,,119528076,fill,4.015871716078275e-06,0.9673761363066546,52816,W Boise Hills Dr,1.0
118035185,,117903977,fill,1.6833655536174774e-07,0.8441070763033736,40147,W Northview St,1.029
118035213,,117806128,fill,1.979060471057892e-09,0.02952863285591434,45903,S 17th St,1.0
118035305,,440887011,fill,0.2445283681652771,0.6694379813381488,52830,14th St S,1.0
118035309,,117779012,fill,0.0,0.8063885282434455,42910,N Allumbaugh St,1.0
118035335,,118077629,fill,0.0,1.0798238201548713,40147,W Northview St,1.043
118035649,,117963391,fill,0.020047212844920843,7.8856840111379825,44251,W Cassia St,1.093
118035695,,119888296,fill,0.0,0.5314194662880709,52841,N 5th St,1.703
118035968,,117921556,fill,0.0,0.04571271281014333,49132,S Scyene Way,1.0
118035971,,117921676,fill,0.010011982313900773,0.3041717342975403,46215,E Jefferson St,1.047
118036067,,117921849,fill,0.004464295789245889,0.046060274907404164,41798,W Pine Ave,1.121
118036095,,384169542,fill,8.149072527885437e-09,0.028450161421403664,43173,W Morris Hill Rd,1.0
118036104,,117870867,fill,0.0,0.6324903166620288,43174,S Roosevelt St,1.035
118036130,,117842199,fill,0.0,0.08720130103981205,42312,N Pierce Park Ln,1.023
118036152,,117878192,fill,1.9205582215132664e-07,0.18270891419294344,47940,N Locust St,1.0
118036612,,484355364,fill,0.0,0.13524308244615213,42312,N Pierce Park Ln,1.023
118036614,,118125313,fill,0.0,0.02608360195017667,43503,W Irving St,1.045
118039651,,117862111,fill,0.0,0.4867806405223689,47302,Albany St,1.0
118039880,,448697070,fill,0.0,1.4868438990765753,43886,W Emerald St,1.294
118040040,,117855201,fill,4.0745362639427185e-09,0.5807634241190271,47317,W Desert Ave,1.0
118040041,,117634371,fill,0.0,14.71061887008247,42240,W Gowen Rd,1.0
118040055,,463722231,fill,0.0,33.84454588170448,52964,E Plaza Dr,1.057
118040081,,118113074,fill,1.0244548320770264e-08,0.04228037131147744,43254,E Floating Feather Rd,1.233
118040190,,118059817,fill,1.8263952547047656e-06,1.5643297881767353,44009,N Alamo Rd,1.0
118040203,,119299462,fill,0.0,2.6313634054182558,43853,W Union St,1.0
118040204,,118049997,fill,0.0,0.08289867809543239,44024,N 13th St,1.0
118040210,,474876462,fill,0.001898183547077282,3.695256916630399,43953,W Curling Dr,1.0
118040211,,117977624,fill,0.0,0.04753196705928531,45462,W Dewey St,1.0
118040235,,383815242,fill,1.8662795822463695e-09,0.34735828827137993,45225,N Roosevelt St,1.052
118040238,,117776348,fill,0.0,0.06327713121342526,45176,W Victory Rd,1.0
118040242,,119485889,fill,1.2223608791828156e-08,0.9334551256736177,52982,W Targee St,1.0
118041568,,383828039,fill,0.3107222907907345,4.313632291008503,53017,Skyway St,1.0
118044736,,117999513,fill,0.0,0.4568242359796386,49226,S Owyhee St,1.0
118044775,,1030235133,fill,5.937490476395632e-07,0.3820319736507827,44498,Orchard Ave,1.0
118044793,,117707892,fill,0.0,13.221783851922936,42752,Aviation Way,1.0
118044824,,118024457,fill,1.9782334070568353e-07,0.14579072236261936,47940,N Locust St,1.0
118044846,,484373875,fill,0.0,0.02555733889718681,42312,N Pierce Park Ln,1.023
118044858,,770992260,fill,0.0,12.55839898764043,53108,N Wildwood Way,1.0
118044867,,118003836,fill,3.3436442103084713e-06,0.5598468057559103,51697,S Toluka Way,1.0
118044870,,118044824,fill,4.028333496127777e-07,0.1925444838056194,47940,N Locust St,1.0
118044871,,117893116,fill,1.2092179051525591,11.297931141091368,44095,E Shenandoah Dr,1.0
118044877,,771025929,fill,0.0,0.3390026724971449,53112,Smeed Pkwy,1.0
118044881,,117843995,fill,0.0,0.1452953867065503,44648,N 19th St,1.0
118044882,,117989771,fill,9.385703304198744e-10,0.050985986734929156,43848,N 25th St,1.0
118044886,,117918084,fill,0.0,0.39623759145160875,42919,W Bella St,1.0
118044927,,117998183,fill,2.2352954417480137e-08,1.089873075364153,41863,S Empire Way,1.0
118045084,,117674534,fill,0.0,0.09899972798694989,41738,W Resseguie St,1.0
118048026,,117882267,fill,1.7788133477249743,41.68000759399894,46574,E Windsong Dr,1.0
118049154,,117893987,fill,1.3834690721831428e-05,0.7999868199636921,42019,Gunfighter Ave,1.0
118049832,,117963450,fill,9.313225746154785e-10,2.0874304543513915,50303,E Ironside Dr,1.0
118049838,,117958866,fill,0.0,0.8789500498864982,43871,W Garfield St,1.0
118049848,,118003727,fill,4.7107945817775655e-08,5.579239807067552,46690,W Sunrise Rim Rd,1.068
118049930,,118013003,fill,0.0,0.034125900849517166,42046,S Mitchell St,1.0
118049935,,117739469,fill,0.0,2.389952329981895,44252,W Robertson Dr,1.0
118049956,,118010290,fill,1.7044220923951204e-07,0.14786898546398675,43173,W Morris Hill Rd,1.0
118049959,,118013025,fill,0.0,0.7442283064992239,44830,S Atlantic St,1.0
118049970,,117768720,fill,9.313225746154785e-10,0.4468577966569569,43174,S Roosevelt St,1.035
118049973,,117917703,fill,9.313225746154785e-10,1.0738505561100737,41357,S Phillippi St,1.0
118049978,,118055312,fill,2.0954757928848267e-09,12.47518193127064,43678,N Mountain View Dr,1.0
118049993,,117675878,fill,1.041250292910165e-08,4.415835284480636,43015,W Castle Dr,1.0
118052789,,118064713,fill,2.6600901037454605e-08,0.48219576098878747,42262,Hatch Ln,1.0
118054340,,117754851,fill,0.0,0.17681845959697284,44618,W Victory Rd,1.0
118054568,,117946186,fill,0.0,0.012516480703141042,44426,N Main St,1.0
118054619,,118069353,fill,9.313225746154785e-10,0.6936759347057375,43704,Sunnyridge Rd,1.0
118054753,,117975939,fill,2.691780033850041e-07,0.4701593557811634,42933,SW Old Grandview Hwy,1.0
118055155,,383842577,fill,3.725290298461914e-09,1.1828700394289626e-05,44495,S 10th St E,1.0
118055195,,119221472,fill,0.0006602189469339409,7.245171008911143,45940,Stewart Ln,1.0
118055225,,771041525,fill,4.0978193283081055e-08,0.011890127155595565,42044,Linden Rd,1.0
118055244,,119543134,fill,0.0,0.9544151095499274,42414,E 11th St,1.0
118055293,,117935782,fill,8.265487849712372e-09,83.04641822403084,46214,W Donnybrook Dr,1.0
118055305,,117838122,fill,0.0,0.0557587910865891,46829,S Lincoln Ave,1.0
118055306,,117768769,fill,9.313225746154785e-10,2.581749457147197,43682,N Wilson St,1.0
118055308,,119466526,fill,0.0,0.9913042286277118,45454,N Phillippi St,1.0
118055309,,118024567,fill,1.8626815286637636e-08,0.1513818342030504,52320,N Eldorado St,1.0
118055321,,117956342,fill,8.207280188798904e-08,0.003907508246072666,44434,W Breneman St,1.0
118055324,,118049993,fill,6.147434499378968e-08,1.465641147792951,43015,W Castle Dr,1.0
118055329,,117989851,fill,0.0,0.07003649110572496,41738,W Resseguie St,1.0
118055337,,118065056,fill,2.0938932404211883e-07,3.261416158807549,46842,W Parkhill Dr,1.0
118057437,,117815551,fill,0.0,0.30417693307924765,44403,S Sub Station Rd,1.049
118059626,,117792136,fill,1.234002411365509e-08,0.1783883532577022,44983,W Kootenai St,1.127
118059638,,117797119,fill,0.0,0.23522457655420226,45685,N McKinney St,1.0
118059651,,117938394,fill,1.6624107956886292e-07,0.16989437531259455,46846,W Sunset Ave,1.0
118059658,,117838125,fill,0.0,0.4394951587303808,46829,S Lincoln Ave,1.0
118059661,,771011384,fill,0.0,0.9222881552512945,45454,N Phillippi St,1.0
118059666,,117960434,fill,0.0,0.031041182772639786,43188,W Targee St,1.0
118059667,,118059797,fill,1.2313775292487954e-07,11.733722949986372,43188,W Targee St,1.0
118059669,,117999526,fill,9.313225746154785e-10,0.04703161446224158,43945,S Gourley St,1.0
118059670,,117782216,fill,0.0,0.08654633289577873,45319,W Marvin St,1.0
118059672,,117917705,fill,4.55366623363115,0.47391772025997625,44251,W Cassia St,1.093
118059673,,117785687,fill,1.2107753146112464e-08,0.7341765680103549,43174,S Roosevelt St,1.158
118059676,,118015680,fill,0.0,0.07257779181097135,52154,W Florence St,1.0
118059704,,448732803,fill,0.0,0.0671200348862726,42731,E Kuna Rd,1.0
118059720,,117666040,fill,2.890222729517349e-07,0.3781963398095627,42844,W Mace Rd,1.0
118059794,,117753407,fill,0.0,0.0011128256572874307,44588,W Amity Rd,1.0
118059796,,118189151,fill,1.8905848264694214e-07,0.025083192244210295,45176,W Victory Rd,1.0
118059797,,117985342,fill,3.899913281202316e-08,0.4431502587328282,43188,W Targee St,1.0
118059799,,119222540,fill,1.3536253807832146e-08,8.851992256105547,53665,S Roosevelt St,1.0
118059805,,118010294,fill,0.0,2.458973669007605,41357,S Phillippi St,1.0
118059812,,117823721,fill,0.0,0.7527215823157007,46386,W Jewell St,1.0
118059813,,118021370,fill,0.030070831108835235,0.04139741933562391,40147,W Northview St,1.029
118059817,,117878164,fill,1.353391179327005e-06,8.569671074933296,44009,N Alamo Rd,1.0
118060039,,118125370,fill,0.0,0.06700489737633575,43429,S Kimball Ave,1.0
118060107,,463720410,fill,6.777931583723904e-08,0.09143421090607262,41224,Homedale Rd,1.0
118061261,,117763353,fill,0.0,5.2160386871946685e-06,42253,S Five Mile Rd,1.0
118061373,,117882197,fill,1.1116598989021867e-06,0.09468775198905632,44659,E Table Rock Rd,1.0
118061391,,117769140,fill,0.0,0.018894388510886984,41773,N Illinois Ave,1.345
118061393,,450152784,fill,5.2643544007003876e-08,16.824477428339463,53737,Andy Ln,1.0
118064690,,117936807,fill,0.0,0.12480808808578558,41291,Fargo Rd,1.0
118064707,,117634076,fill,0.0,0.27218118009773207,41427,Smeed Pkwy,1.0
118064929,,118188696,fill,2.0954757928848267e-09,0.6273520412606786,45959,W Idaho St,1.0
118064933,,117917675,fill,0.0,0.02380232303323737,44985,N 9th St,1.146
118064964,,117797146,fill,0.0,0.1817972031399222,44703,N 6th St,1.0
118064966,,118044881,fill,0.0,0.22191546943253115,44648,N 19th St,1.0
118064967,,117984936,fill,2.421550629222493e-07,0.08364672099679638,46376,N 26th St,1.107
118064968,,118102099,fill,0.0,0.16830475273582124,42919,W Bella St,1.0
118064995,,117944215,fill,5.234066012386176e-07,4.439440548117659,42439,W 6th St,1.0
118065000,,117979695,fill,0.0,0.1958433464479299,49746,E Bates Ave,1.0
118065051,,117806131,fill,9.313225746154785e-10,2.0253918779060314,44024,N 13th St,1.0
118065058,,118130641,fill,0.0,16.354663469407228,53847,N Mountain Rd,1.0
118065066,,117859281,fill,0.0,0.0004296887973964658,47450,E Karcher Rd,1.0
118065109,,117837976,fill,0.16321507546624758,0.08708879574572848,41592,W McMillan Rd,1.025
118065186,,117936539,fill,9.313225746154785e-10,0.02312985947006041,44356,S Cloverdale Rd,1.0
118065205,,117807986,fill,0.0,0.26533308997190375,42984,W University Dr,1.205
118066200,,384166351,fill,2.7093747297678845e-07,0.21202526789338094,42240,W Gowen Rd,1.0
118069332,,117949094,fill,0.0,0.016019755178518835,42333,Lake Ave,1.0
118069353,,118018944,fill,0.0,0.7474877583139516,43704,Sunnyridge Rd,1.0
118069361,,119803088,fill,0.0,0.512062791073987,42416,State St,1.0
118070091,,119124674,fill,0.0,4.364782453174399,54043,E Insignia Dr,1.031
118070099,,119933050,fill,1.3233123400147477e-06,0.0738966086458106,54044,E 3rd St S,1.753
118070115,,118077746,fill,0.051879861624472945,0.673329971688986,40778,N 1st St,1.0
118070118,,117838231,fill,0.0,0.09923296509785473,43778,N 32nd St,1.019
118070186,,117830337,fill,0.0,0.1128883187275278,42333,Lake Ave,1.0
118070194,,117755447,fill,0.0351315369380239,0.11822001228168233,41290,Birch Ln,1.0
118073706,,117953815,fill,0.0,1.8964605643382697,46047,N Lakeharbor Ln,1.0
118073707,,118183281,fill,0.0,0.00042449304723390924,45397,N 31st St,1.431
118073714,,118201831,fill,7.741116548702158e-07,0.91167054739185,45661,S 13th St,1.471
118073721,,117914079,fill,1.979060471057892e-09,0.05970826865757317,44265,W Brumback St,1.0
118073722,,117968032,fill,0.0,0.7657774262808346,49218,E Braemere Rd,1.0
118073728,,117810693,fill,2.504093572497368e-07,0.01659762741471127,42919,W Bella St,1.0
118073730,,118010341,fill,0.0,0.027828000128721442,51959,W Garnet St,1.0
118073737,,117882214,fill,1.862645149230957e-09,0.10955505803931942,46032,N 14th St,1.0
118073740,,117958882,fill,0.0,0.07495634088837733,42919,W Bella St,1.0
118073743,,117938774,fill,8.381903171539307e-09,0.3275748453555991,46376,N 26th St,1.0
118073763,,117709192,fill,0.00017614099849247843,0.21053496515628467,42933,SW Old Grandview Hwy,1.0
118073781,,117816156,fill,1.3441210062549067e-06,0.4699695269529798,44250,11th Ave S,1.028
118073832,,117855047,fill,1.862645149230957e-09,0.07812807341679218,42980,S Montana Ave,1.0
118073835,,117995673,fill,0.0,0.9463983012332733,51360,Main St,1.0
118073857,,117897714,fill,3.87950632140122e-07,0.09861884519466457,41224,Homedale Rd,1.0
118073876,,118113671,fill,0.0,79.51427212440512,45685,N McKinney St,1.0
118073896,,484378927,fill,2.978430894866229e-07,0.14332622527143712,46133,N 4th St,1.0
118074882,,118117907,fill,0.0,0.0032591959106866852,52687,S Saturn Way,1.0
118074907,,119267040,fill,1.641456037759781e-08,0.7047231507680749,46519,W Linden St,1.0
118075345,,117581716,fill,6.178224305238728e-07,1.5089736633462394,41382,W Smith Ave,1.0
118075359,,118173802,fill,2.0954757928848267e-09,0.1698981246020992,41305,W Columbia Rd,1.0
118075377,,117808033,fill,0.0,0.07485147700754169,45959,W Idaho St,1.0
118075379,,118134743,fill,0.0,0.02021759441612403,44988,W Jefferson St,1.058
118075392,,117921224,fill,0.0,0.017928297234078627,44255,N Allumbaugh St,1.0
118075413,,118130621,fill,2.660798140737754e-06,0.31380203823502484,43678,N Mountain View Dr,1.0
118075464,,117838258,fill,6.635234219180996e-08,0.5448893181583685,46852,S 8th St,1.0
118077629,,118188671,fill,4.5368580390938696e-07,0.019602821717143115,40147,W Northview St,1.036
118077631,,117998072,fill,1.862645149230957e-09,0.07066267145160054,50144,N Esquire Dr,1.0
118077641,,117785672,fill,0.0,0.001025710467359886,43778,N 32nd St,1.019
118077649,,117908019,fill,3.1502605585315765e-07,0.06552173125166405,46133,N 4th St,1.0
118077650,,1030192934,fill,0.0,0.041526279426477686,44985,N 9th St,1.146
118077651,,118040204,fill,0.0,0.011822744188322076,44024,N 13th St,1.0
118077653,,117974435,fill,4.777686084261026e-07,28.3144840081913,46821,E Crestline Dr,1.0
118077654,,118065051,fill,0.0,0.558482809997173,44024,N 13th St,1.0
118077655,,448698254,fill,2.8717535460655638e-06,0.06163458145883283,44014,W Davis St,1.0
118077702,,1058117271,fill,0.0033754268313547116,0.3799674940379987,44245,N Canyon St,1.0
118077723,,117769138,fill,0.007112929116962851,0.43007899283458073,43429,S Kimball Ave,1.019
118077727,,117968155,fill,0.0,0.8808176054689625,46795,N Liberty St,1.029
118077734,,117735150,fill,0.0,8.6506038764893,44151,N Dalton Ln,1.0
118077739,,118070118,fill,0.0,0.12618703240713103,43778,N 32nd St,1.019
118077740,,117838118,fill,0.0,1.0449811195902328,43778,N 32nd St,1.019
118077741,,117804192,fill,0.0,0.08058109398837132,45867,N Mercer St,1.0
118077742,,117916893,fill,2.582032002682009e-07,30.50219431312854,48986,N Arthur St,1.0
118077745,,118002155,fill,1.2761689497651901e-08,0.011900278966948008,45687,W Broad St,1.0
118077746,,117541474,fill,0.0,0.4871910803958883,40778,N 1st St,1.0
118077747,,117797145,fill,1.7179052108616303e-08,0.0703860945625081,45688,W Hays St,1.02
118077754,,118130636,fill,9.313225746154785e-10,0.03668114316377569,45947,N 20th St,1.0
118079379,,117842306,fill,0.0,13.108023258425618,44396,E Parkriver Dr,1.0
118079385,,117963408,fill,1.9714363321579112e-07,5.901471892169695,50295,W Teakwood Dr,1.0
118079392,,117787758,fill,2.7939677238464355e-09,0.07726188325844419,45454,N Phillippi St,1.0
118079396,,117897756,fill,1.9452160759088976e-08,1.2781115865195716,41616,N Middlefield Rd,1.0
118079399,,463715943,fill,0.16999639126909247,0.054371599663227244,44016,S 11th St,1.113
118079402,,383866829,fill,0.33960693213745485,0.10573535582850013,46747,N 8th St,1.0
118081153,,117982128,fill,1.862645149230957e-09,0.19182855167551338,45884,Riverside Rd,1.0
118081175,,117763395,fill,1.862645149230957e-09,2.5298318323297906,44826,N Avenue D,1.0
118081177,,117675804,fill,9.313225746154785e-10,0.41369380302501213,43012,S Benjamin Ave,1.0
118085597,,118134720,fill,0.0,0.07050277072011113,54557,4th St,1.0
118085650,,117956353,fill,0.0,0.3749744711504377,43103,N 28th St,1.0
118085651,,1058118315,fill,4.833252365497784e-07,1.3788875913661514,44648,N 19th St,1.0
118085653,,118013043,fill,0.0,0.4155822382984127,44648,N 19th St,1.0
118085662,,118122291,fill,1.979060471057892e-09,0.14907706476338944,44719,E Victory Rd,1.0
118085664,,117774843,fill,2.6025854631671458e-05,0.7124301641375723,44773,Industrial Rd,1.0
118085669,,448690010,fill,9.4645656645298e-08,0.017949298822145465,54564,Bowmont Rd,1.0
118085717,,118158322,fill,0.0,0.2910399278204636,44245,N Canyon St,1.0
118091573,,118130754,fill,0.0,0.053172931740078866,45947,N 20th St,1.0
118091575,,117838108,fill,7.392372936010361e-08,0.02183378429489835,45922,W Sunset Ave,1.0
118091609,,117768328,fill,2.265253380801759e-06,0.20987039921601536,44606,Wayne Dr,1.0
118091641,,117903059,fill,4.9243681132793427e-08,0.1580040220634089,40147,W Northview St,1.029
118096548,,117940948,fill,0.0,0.5986561555889409,42330,W Taft St,1.0
118096554,,118003911,fill,9.313225746154785e-10,0.012332198067213085,46032,N 14th St,1.0
118096699,,117921715,fill,0.03181480163108993,3.4443453230782666,44213,N Riverside Dr,1.0
118096709,,117977762,fill,0.0,0.13238849380357465,43072,Mill Rd,1.027
118101170,,117873922,fill,1.6440959647410864e-08,0.022907023070331434,47317,W Desert Ave,1.0
118102089,,117823619,fill,2.7939677238464355e-09,0.7121745540209474,43778,N 32nd St,1.019
118102094,,118183261,fill,0.0,0.23010782194626245,42820,W Ada St,1.0
118102098,,117838218,fill,3.425812365200136e-07,40.55804467428595,46842,W Parkhill Dr,1.0
118102099,,118002150,fill,1.0360963642597198e-08,0.08930530753110588,42919,W Bella St,1.0
118102100,,117723548,fill,0.0,0.2207673129942691,43946,W Good St,1.0
118102108,,383846530,fill,1.0929281776552456e-06,10.343926683192166,44585,Greenhurst Rd,1.0
118102210,,118189094,fill,0.3893416165221495,0.1089952258860194,44618,W Victory Rd,1.0
118104165,,117681041,fill,0.0,0.9591474911106843,43114,Birch Ln,1.0
118106255,,118019398,fill,1.1641532182693481e-10,0.10176298009511697,43429,S Kimball Ave,1.0
118108595,,484431640,fill,8.149072527885437e-09,0.12651713313306345,44498,Orchard Ave,1.0
118109111,,117818661,fill,9.313225746154785e-10,0.0575678256953438,41831,N Wildwood St,1.0
118109173,,117880233,fill,0.0,0.47353795781546637,47998,W Wright St,1.105
118111653,,117951093,fill,0.2706318021023127,0.3154147897737971,49916,W McMillan Rd,1.0
118111688,,117855147,fill,0.0,0.0023146154642006422,47312,E Pine St,1.0
118111694,,117723210,fill,1.7204672203087705e-08,1.2814637809015608,43071,W Boise Hills Dr,1.0
118111736,,117797249,fill,5.347750530809366e-07,1.4428917129866647,44250,11th Ave S,1.028
118111838,,118134836,fill,0.0,0.05100295832602342,42980,S Montana Ave,1.0
118113074,,118179299,fill,1.4349339534701706e-08,0.0690635149303489,43254,E Floating Feather Rd,1.233
118113086,,117884197,fill,0.0,0.2639091798834272,43778,N 32nd St,1.019
118113109,,383804893,fill,0.0,0.28309005461360925,41977,Batt Corner Rd,1.0
118113212,,118002126,fill,3.727108843992958e-09,1.5257395143433996,45225,N Roosevelt St,1.052
118113639,,117908560,fill,9.313225746154785e-10,0.0934627270576982,42722,S Robinson Rd,1.0
118113671,,118059638,fill,0.0,4.203797546193414,45685,N McKinney St,1.0
118113676,,117739925,fill,1.641456037759781e-08,0.08779839115209143,44265,W Brumback St,1.0
118113677,,117744647,fill,0.0,1.269995638841067,41291,Fargo Rd,1.0
118115731,,117813964,fill,0.0,0.6186605250335333,45526,N Benjamin Ln,1.15
118115734,,117849971,fill,0.0,0.19167960156894992,45016,N Kimball St,1.0
118115735,,119114147,fill,0.0,8.135772917341058,55488,N Middlefield Rd,1.0
118115740,,117893004,fill,0.0,5.117421314603973,43577,N Mountain View Dr,1.0
118115828,,119192254,fill,6.170012056827545e-09,4.619832663547982,44406,Lowell Rd,1.0
118115839,,117744861,fill,6.05359673500061e-09,0.07361815219357482,44209,Commercial Way,1.0
118115851,,117741518,fill,7.426172068764748e-07,0.03718823986039865,44285,N Kimball Ave,1.0
118115921,,463715891,fill,0.0,1.1342478042370772,43402,Wooley Ave,1.0
118116393,,118014362,fill,0.004709266859776783,1.1707559641588716,46375,E Stonepoint Dr,1.0
118116503,,117972892,fill,0.0,3.774575402220222,42582,N Raymond St,1.0
118117405,,117768760,fill,2.6659108698368073e-08,0.18427255782461316,44990,W Edgemont St,1.0
118117409,,117963421,fill,4.654693580512102e-06,0.8556532973394155,49677,N Houston Rd,1.045
118117411,,117948852,fill,0.0,4.5962999024595774e-06,46976,N Shamrock Ave,1.0
118117462,,119231959,fill,2.240049816306431e-09,4.905955983736845,44300,Farmway Rd,1.0
118117798,,117712844,fill,1.0246073370341703e-05,0.024034206459589313,41678,W Lake Fork Rd,1.0
118117841,,117750429,fill,9.313225746154785e-10,0.7297693285512707,44495,S 10th St E,1.0
118117860,,118125362,fill,0.0,0.0021690606197637408,42980,S Montana Ave,1.0
118117907,,118031534,fill,0.0,0.27096870753757685,52687,S Saturn Way,1.0
118117929,,118101122,fill,6.054745520973999e-06,0.07623350384821492,48037,Alworth St,1.0
118120637,,117856850,fill,0.0,1.0405575250752008,41798,W Pine Ave,1.121
118120664,,117842395,fill,4.313187673687935e-08,0.03228414350934372,44914,W California Ave,1.0
118120691,,118016748,fill,3.923698591988529e-07,0.038911375608279286,41224,Homedale Rd,1.0
118120820,,118003928,fill,0.0,0.19519089626447794,45523,S Vermont Ave,1.0
118122291,,117921161,fill,1.314361979383027e-07,0.15174132258601958,44719,E Victory Rd,1.0
118122376,,119616637,fill,0.0,0.9348446112996385,44681,E Karcher Rd,1.074
118122669,,117727841,fill,3.480818122625351e-08,0.050323047651090747,42904,E 12th St,1.266
118122717,,117999554,fill,7.002158971267005,28.323029210235575,44095,E Shenandoah Dr,1.0
118122749,,117806823,fill,1.3550743460655212e-07,0.46459275925286647,45922,W Sunset Ave,1.0
118122926,,474858558,fill,1.0360963642597198e-08,0.3840180034810601,46221,W Commerce Ave,1.295
118122939,,117912952,fill,4.949979484081268e-07,0.4716428946739484,45258,W Spaulding St,1.0
118122992,,474876463,fill,3.0462159488113936e-07,8.340180295248217,55760,W Curling Dr,1.0
118122994,,117882286,fill,0.0,0.16946858433334455,42810,W Lemp St,1.0
118122997,,117837122,fill,0.0,0.16278358433493167,46788,S Manitou Ave,1.0
118125313,,117963422,fill,0.020047268686843235,0.050330726844890705,43503,W Irving St,1.045
118125332,,117893340,fill,0.0,0.018298508833538563,46028,N Eldorado St,1.0
118125362,,117967974,fill,9.313225746154785e-10,0.03619101838447136,42980,S Montana Ave,1.0
118125370,,118106255,fill,0.0,0.8054705682761778,43429,S Kimball Ave,1.0
118125438,,771047540,fill,9.201028920637986,6.528187191756388,55878,E 3rd St,1.0
118125457,,118077741,fill,2.656882290320484e-07,0.07733660524223751,45867,N Mercer St,1.0
118125463,,117889382,fill,1.3536253807832146e-08,0.3289942778184809,44024,N 13th St,1.076
118125469,,117999609,fill,6.787652218762433e-08,0.4187759943418996,44983,W Kootenai St,1.127
118125478,,117841325,fill,0.0,0.41913642089011205,45016,N Kimball St,1.0
118125484,,117810681,fill,9.313225746154785e-10,0.6473998848501594,46026,N Ash Park Ln,1.0
118125485,,118039880,fill,0.0,0.06810632176868125,43886,W Emerald St,1.109
118125501,,117823625,fill,0.0,0.060572054723451174,46379,S 3rd St,1.0
118125979,,118054619,fill,1.862645149230957e-09,1.7521633629149846,43704,Sunnyridge Rd,1.0
118126042,,383813780,fill,3.725290298461914e-09,2.8669434354038685,41253,N Sunset Peak Rd,1.0
118126043,,117893135,fill,2.0954757928848267e-09,0.00035113619190951795,41738,W Resseguie St,1.0
118126054,,118168737,fill,0.0,0.17016582759970333,43778,N 32nd St,1.019
118126055,,118117405,fill,9.333550307378859,77.97887856512506,44990,W Edgemont St,1.0
118126056,,117786147,fill,9.313225746154785e-10,3.2249560065406513,45423,S Annett St,1.0
118126059,,118049973,fill,9.313225746154785e-10,0.17849312684080587,41357,S Phillippi St,1.0
118127561,,118061391,fill,0.0,0.7467953537179426,41773,N Illinois Ave,1.345
118128647,,117921095,fill,8.612373721870445e-09,0.4496451448958112,40780,Boise Ave,1.0
118130621,,117711040,fill,1.6644324049803198e-06,0.5086659711537891,43678,N Mountain View Dr,1.0
118130624,,119736671,fill,8.187639467650172e-07,18.35901056365941,56038,W Silver Crest Dr,1.0
118130631,,117917678,fill,0.0,0.15120072433711584,44402,W Bannock St,1.0
118130634,,118183262,fill,1.1514758591897425e-06,19.36187493626744,44988,W Jefferson St,1.058
118130636,,118008377,fill,9.313225746154785e-10,0.04463666693291657,45947,N 20th St,1.0
118130640,,118201931,fill,0.0,0.6770187178813671,45692,W Highland View Dr,1.038
118130754,,118024583,fill,9.313225746154785e-10,0.07485368827016714,45947,N 20th St,1.0
118130777,,119265678,fill,1.4627881666069753e-07,0.2477904714479564,56052,Park St,1.025
118130788,,120102128,fill,1.2427335605025291e-07,0.5556850463004253,56053,7th Ave N,1.0
118130802,,118174314,fill,5.618376628451795e-07,0.18529672467155933,42933,SW Old Grandview Hwy,1.0
118131289,,117878237,fill,4.608405466508326e-07,1.1333565028434975,47950,S Pond St,1.0
118131293,,118035309,fill,9.313225746154785e-10,2.4869457596301743,42910,N Allumbaugh St,1.0
118131402,,117875874,fill,2.6775524020195007e-08,0.045382102358388465,47569,W Highlander Rd,1.0
118131405,,117610830,fill,0.0,0.0013220774893909493,41817,Wamstad Rd,1.0
118132492,,118128647,fill,9.811920907242277e-07,0.6752141087136465,40780,Boise Ave,1.0
118132512,,117893782,fill,1.2107333391454504e-08,2.301979354288733,47688,S Kit Ave,1.0
118134743,,118012997,fill,0.0,0.6444007258110673,44988,W Jefferson St,1.058
118134744,,117757835,fill,1.904235848280819e-08,11.30239120032553,44703,N 6th St,1.0
118134746,,117977234,fill,0.0,0.04309838256591547,44645,N 16th St,1.114
118134749,,117881651,fill,0.0,0.32214594042315525,44024,N 13th St,1.0
118134750,,118010333,fill,2.0954757928848267e-09,0.1449794731749421,42919,W Bella St,1.0
118134751,,117998041,fill,7.799826562404633e-08,0.057319563468638535,44434,W Breneman St,1.0
118134789,,117927306,fill,3.457848620665992e-09,16.81384666599064,44606,Wayne Dr,1.0
118134799,,117842520,fill,1.1088950503711403e-07,0.1257676314698699,44914,W California Ave,1.0
118134836,,117852108,fill,0.0,0.015630655250191694,42980,S Montana Ave,1.0
118135167,,118079396,fill,3.4799306444049704e-06,28.274676645747576,41616,N Middlefield Rd,1.0
118135179,,117780028,fill,0.0,0.17792748814719062,42240,W Gowen Rd,1.0
118135180,,118019853,fill,1.353910192847252e-07,0.30954719320635604,42834,W Pomona Rd,1.0
118135184,,117931384,fill,0.0,1.407497169386403,41528,N Milwaukee St,1.453
118135185,,117893246,fill,1.234002411365509e-08,0.08453270305244587,40147,W Northview St,1.043
118135189,,117878955,fill,0.0,1.1444463918437293,45016,N Kimball St,1.0
118135242,,117808025,fill,0.0,0.6820563135976556,45957,N Treasure Dr,1.0
118137347,,484437024,fill,1.0244548320770264e-08,0.4158313730363261,41462,W Roosevelt Ave,1.164
118139816,,383842884,fill,1.4435499906539917e-08,0.42160747997505155,42933,SW Old Grandview Hwy,1.0
118139823,,117800528,fill,3.727108843992958e-09,0.34412430386979054,44495,S 10th St E,1.0
118139882,,118073707,fill,0.0,0.04068503944915847,45397,N 31st St,1.431
118139883,,117999505,fill,5.103711970595648e-07,0.1087588834020039,48986,N Arthur St,1.0
118139889,,117823624,fill,1.6303503437420753e-07,0.19629604035628745,44402,W Bannock St,1.0
118139892,,118010282,fill,0.0,0.08152738742003862,44985,N 9th St,1.146
118139904,,117779031,fill,0.0,0.43614260967626706,45225,N Roosevelt St,1.052
118139909,,117783735,fill,0.0,0.11430220406231228,45354,W Victory Rd,1.0
118149410,,383804931,fill,8.02155633639391e-08,1.507145601701552,44585,Greenhurst Rd,1.0
118149465,,117984854,fill,0.06432524109212133,0.026946928595663167,42145,Goodson Rd,1.0
118149550,,117660705,fill,7.451490036121224e-09,0.22695936049734655,42722,S Robinson Rd,1.0
118153901,,117808024,fill,0.0,0.034996201889612166,44434,W Breneman St,1.0
118153978,,117790232,fill,0.0,4.281497922420385e-06,41357,S Phillippi St,1.0
118153979,,117727904,fill,0.0,0.04149992835220928,44022,S Curtis Rd,1.044
118156354,,119253378,fill,21.048040112932036,13.90653601737938,41862,Robie Creek Rd,1.0
118158233,,117871470,fill,0.0,0.331437173487501,40147,W Northview St,1.029
118158308,,119535445,fill,0.002508758698436563,0.27140710341120666,43175,Locust Ln,1.0
118158322,,117912885,fill,9.313225746154785e-10,0.16808166796815271,44245,N Canyon St,1.0
118158329,,440888811,fill,2.401006596387308e-06,0.5355469140278899,56975,22nd Ave S,1.0
118158331,,118070099,fill,7.730012434084913e-09,0.02936619158495546,54044,E 3rd St S,1.753
118165975,,118003719,fill,1.0357123841531243e-07,4.067238064807725,40314,E Lake Forest Dr,1.065
118165992,,117877156,fill,0.0,0.09423620131099142,47903,W El Gato Ln,1.0
118168737,,118077739,fill,0.0,0.04145735295077202,43778,N 32nd St,1.019
118168738,,118049956,fill,0.0,0.10654279798623634,43173,W Morris Hill Rd,1.0
118172654,,118135180,fill,7.602490982454456e-08,0.28051384282701974,42834,W Pomona Rd,1.0
118172659,,118049978,fill,4.4395181023205537e-07,11.926976897876273,43678,N Mountain View Dr,1.0
118172661,,117884191,fill,0.0,9.671990944624639,48118,W Manorwood Dr,1.0
118172673,,484355403,fill,3.7442465498810683e-06,0.0014740274865516767,44402,W Bannock St,1.0
118172675,,117994597,fill,0.0,0.04061740378892864,44988,W Jefferson St,1.058
118172684,,118014368,fill,0.0,7.460614284582334e-06,45947,N 20th St,1.0
118172792,,383850938,fill,3.1962630760844594e-05,0.5251538281344494,42019,Gunfighter Ave,1.0
118173745,,117750432,fill,0.0,0.012041349929347689,42730,S Linder Rd,1.06
118173786,,118021326,fill,0.0,0.3834006067031055,41471,W Malad St,1.0
118173802,,1058065951,fill,0.020046799186293728,0.5365352672567951,41305,W Columbia Rd,1.0
118173827,,117583652,fill,2.286110310007714e-07,0.9764600441718585,41412,E Reserve St,1.0
118173829,,118019971,fill,1.8417183543150405e-08,0.12814554997356709,44265,W Brumback St,1.0
118173835,,117776350,fill,0.0,0.21738212891960984,43188,W Targee St,1.0
118174314,,118139816,fill,4.6601053327322006e-07,0.007811852960003307,42933,SW Old Grandview Hwy,1.0
118174413,,383832612,fill,1.1690324368545033e-08,0.21394000300344373,44285,N Kimball Ave,1.019
118174434,,117878206,fill,5.25273414397597e-07,0.1266990300072166,45688,W Hays St,1.02
118174436,,118188697,fill,9.313225746154785e-10,0.12445396641052753,46032,N 14th St,1.0
118174438,,117768752,fill,0.0,0.05072402762942829,44645,N 16th St,1.114
118174442,,440886137,fill,0.0,14.70451910580374,45908,N Kings Rd,1.086
118174467,,484352034,fill,1.0898602288248903e-07,0.6798440423639533,41977,Batt Corner Rd,1.0
118179287,,117854313,fill,2.636955060005479e-07,0.20915555607740544,41234,W Black Canyon Hwy,1.0
118179289,,117669457,fill,3.271270543336868e-08,0.0957275279034775,42904,E 12th St,1.266
118179299,,117790936,fill,0.0,0.14323579798383435,43254,E Floating Feather Rd,1.233
118179340,,117845702,fill,3.5927699717043514e-07,0.17474402355182406,44402,W Bannock St,1.0
118179341,,448719713,fill,0.0,10.234267535988636,42426,N Robbins Rd,1.0
118179349,,117687839,fill,0.0,1.794014803410846,43077,W Braemere Rd,1.0
118179350,,117885892,fill,9.313225746154785e-10,0.10681760971706922,46032,N 14th St,1.0
118179351,,118134751,fill,8.207808581761081e-08,0.08157145970000101,44434,W Breneman St,1.0
118183256,,117914093,fill,0.0,2.1221495689684673,43795,E Shaw Mountain Rd,1.0
118183262,,1058066276,fill,5.384304913510972e-06,0.4457492504398033,44988,W Jefferson St,1.058
118183263,,117938810,fill,0.0,0.17913395510746,49604,Lander St,1.0
118183268,,117635225,fill,0.0,0.00033883609899021394,42252,W Clark St,1.0
118183278,,117752272,fill,5.9280437680305985e-09,0.007451048148737982,44556,N Walnut St,1.0
118183279,,117857139,fill,0.0,0.0012614873582776909,44645,N 16th St,1.114
118183281,,117839710,fill,9.313225746154785e-10,0.0007631726959971274,45397,N 31st St,1.431
118183284,,118139883,fill,0.0,0.8727938165929459,48986,N Arthur St,1.0
118183285,,383866527,fill,0.0,1.8311544738305656,47021,N 38th St,1.0
118183305,,117791427,fill,6.762992794119372e-07,23.004259723015196,43795,E Shaw Mountain Rd,1.0
118183310,,118064967,fill,1.862645149230957e-09,0.11303555344420602,46376,N 26th St,1.0
118183318,,117768775,fill,9.313225746154785e-10,0.7916160648311461,43174,S Roosevelt St,1.035
118184359,,117723458,fill,0.009988149810340892,0.04766558273885835,43934,Franklin Rd,1.0
118184448,,117577085,fill,0.0,35.29336787240757,41314,E Frontage Rd,1.0
118188611,,117719403,fill,14.743690147080622,38.00355611321302,43848,N 25th St,1.0
118188612,,117797152,fill,2.1594858600798424e-06,2.5719869682529293,45692,W Highland View Dr,1.0
118188615,,484362633,fill,0.0,0.0004276241558613947,41290,Birch Ln,1.0
118188661,,117806074,fill,2.003058143835759e-07,0.7016865343365453,45901,7th Ave S,1.0
118188665,,383864065,fill,8.199474173130014e-08,0.3588529752922227,45901,7th Ave S,1.0
118188671,,118201897,fill,3.9014776241319465e-07,0.046683813046456635,40147,W Northview St,1.029
118188672,,117810683,fill,0.0,3.211980160194514,40147,W Northview St,1.043
118188676,,118021329,fill,4.398811127101765e-07,14.474707543296432,50144,N Esquire Dr,1.0
118188684,,118201910,fill,1.4821863633134413e-06,3.3722713058947136,43577,N Mountain View Dr,1.0
118188696,,118201922,fill,0.0,0.07804014434270812,45959,W Idaho St,1.0
118188697,,118201837,fill,0.0,0.09249297087217201,46032,N 14th St,1.0
118188698,,117989769,fill,4.2004513042049624e-07,0.0825022098958641,44648,N 19th St,1.0
118188699,,118201839,fill,0.0,7.052627580605986e-06,45947,N 20th St,1.0
118188970,,119345502,fill,0.0,6.890544245967419,43765,Marble Front Rd,1.0
118189046,,119205886,fill,1.8690479919314384e-07,0.4834568127916441,44425,E Commercial St,1.232
118189093,,474897336,fill,4.9243681132793427e-08,0.003561918825084831,44618,W Victory Rd,1.0
118189094,,117980565,fill,2.1769864394110265e-07,0.031613049307281926,44618,W Victory Rd,1.0
118189151,,117984019,fill,0.0,0.26827131614311384,45176,W Victory Rd,1.0
118193124,,118193376,fill,0.0,0.10089044811985559,46788,S Manitou Ave,1.0
118193222,,117894106,fill,1.979060471057892e-09,0.08746236385351835,46686,E Roosevelt Ave,1.032
118193281,,117938370,fill,2.6426278054714203e-08,0.047120585889501854,44425,E Commercial St,1.232
118193301,,118158329,fill,1.5678131627616814e-06,1.3938933518431895,56975,22nd Ave S,1.0
118193376,,117908699,fill,9.313225746154785e-10,0.2527618449568081,46788,S Manitou Ave,1.0
118193379,,117821656,fill,0.0,0.6898520036230593,42241,S Euclid Ave,1.0
118193395,,117912879,fill,1.0244548320770264e-08,1.0914164299111064,44251,W Cassia St,1.093
118197255,,118004624,fill,1.931217910670421e-07,8.026831414780816,47560,Davis Ave,1.0
118201813,,117884183,fill,1.6440959647410864e-08,0.23673827733870212,45824,W Newman St,1.0
118201831,,117796081,fill,0.04921623886439261,11.393527578867662,45661,S 13th St,1.471
118201835,,117884207,fill,0.0,0.014470390376004616,44402,W Bannock St,1.0
118201837,,118096554,fill,0.0,0.007361401266308576,46032,N 14th St,1.0
118201839,,117893249,fill,0.0,4.05181711471414e-06,45947,N 20th St,1.0
118201842,,117794630,fill,0.0,0.5703294990456982,44648,N 19th St,1.0
118201843,,118014371,fill,0.0,1.6321316919290894,43848,N 25th St,1.0
118201854,,117770543,fill,0.0,0.26256236495589746,43174,S Roosevelt St,1.158
118201860,,117823833,fill,0.0,1.602918819198237,46396,W Everett St,1.0
118201873,,117968035,fill,1.498265191912651e-07,9.034131350339067,42330,W Taft St,1.0
118201897,,118091641,fill,5.544080936852078e-07,0.0024460948535249827,40147,W Northview St,1.029
118201901,,118188676,fill,0.0,6.13700564187036,50144,N Esquire Dr,1.0
118201910,,117763377,fill,4.64454825842706e-08,0.35485845341020195,43577,N Mountain View Dr,1.0
118201921,,1058066238,fill,1.4693290609781482e-06,0.010121395370617847,58672,W Fulton St,1.0
118201922,,118075377,fill,1.979060471057892e-09,0.06610510859661645,45959,W Idaho St,1.0
118201926,,118188699,fill,0.0,0.10912235624542177,45947,N 20th St,1.0
118201927,,118077654,fill,0.03995371477127498,0.4812730412641315,44024,N 13th St,1.0
118201930,,117838207,fill,4.190951585769653e-09,16.038169098563117,45691,E Curling Dr,1.0
118201931,,118010331,fill,0.0,4.164110026530523,45692,W Highland View Dr,1.019
118201933,,118201842,fill,7.450580596923828e-09,0.06305891612484515,44648,N 19th St,1.0
118201945,,117952870,fill,2.906065250228182,16.491839232022016,49963,E Flamingo Ave,1.765
118201966,,474859466,fill,1.862645149230957e-09,0.01049831091754072,41903,Rodeo Ln,1.0
118201969,,440886475,fill,0.0,0.6905114059027255,58683,W Idaho St,1.0
118987097,,119084185,fill,0.0,0.23023840908683724,102274,N 14th St,1.0
118987099,,450155509,fill,0.0,1.1740011653503757,102275,N 26th St,1.035
118987101,,119106981,fill,0.0,0.13696795498691472,102276,N 16th St,1.0
118987102,,119030939,fill,0.0,0.047270560410197504,44610,W Dewey St,1.0
118987106,,119051208,fill,1.4435499906539917e-08,0.054805766428387415,102278,W Brumback St,1.0
118987108,,119533446,fill,1.8510036170482635e-08,0.04924430800764412,102279,W Ada St,1.0
118987112,,119020339,fill,0.0,16.448348883294273,102273,N 13th St,1.019
118987124,,119008233,fill,1.979060471057892e-09,0.10099367317059205,102283,W Sunset Ave,1.0
118987138,,117980481,fill,9.313225746154785e-10,0.35766306724534047,44561,N Redway Rd,1.0
118987160,,119250203,fill,0.0,0.3749744711504377,102286,N 28th St,1.0
118987161,,119123018,fill,9.767065465198545e-07,0.27561903275781674,102287,S 6th St,2.13
118987168,,119232910,fill,1.5604100598639115e-07,1.186827239400202,102288,W Taft St,1.0
118987172,,119015426,fill,8.218921720981598e-08,0.0039029512103070374,102290,W Breneman St,1.0
118987210,,119211749,fill,0.05251286258898756,0.35938167194177595,102291,Deinhard Ln,1.0
118987361,,119572323,fill,1.4973454366064713e-07,0.031128812216479673,102297,W Davis St,1.0
118987362,,119160840,fill,0.0,0.481347629717618,102273,N 13th St,1.019
118987365,,119559916,fill,0.0,0.0360956210103609,102273,N 13th St,1.019
118987366,,119344477,fill,0.0,0.03972758151104472,102301,N 9th St,1.0
118987386,,119330343,fill,9.127325021862252e-08,0.07831745310539873,102305,N Esquire Dr,1.0
118987869,,119482021,fill,2.399638053999157e-07,0.06100533822785792,102302,N 4th St,1.0
118987877,,119184060,fill,0.0,9.665239355926758,102318,W Bearcreek Ct,1.0
118987900,,119055160,fill,2.6082023438176276e-07,0.4928207551526498,102320,Homedale Rd,1.0
118987927,,474860076,fill,0.07004501915238096,6.743376374875282,43167,Main St,1.0
118987931,,119535883,fill,0.0,0.05994282371563031,102323,S Montana Ave,1.0
118987998,,119099532,fill,0.0,0.044392967328178656,102324,N 10th St E,1.0
118988021,,118987099,fill,0.0,1.0799543260927749,102275,N 26th St,1.035
118988024,,119344420,fill,0.0,0.04853952746162804,102326,W Bella St,1.0
118988642,,119556101,fill,2.1328014867386835e-05,7.038076181551986,54899,Warren Spur Rd,1.0
118988657,,1058088298,fill,9.313225746154785e-10,0.43065573722520867,46101,S Black Cat Rd,1.0
118993127,,118987097,fill,0.0,0.014679124881467942,102274,N 14th St,1.0
118993137,,119281645,fill,5.332635059802616e-08,0.05678513743112035,102326,W Bella St,1.0
118993143,,118998317,fill,3.760456050806758e-06,0.045466513896172955,50010,E Braemere Rd,1.0
118993144,,119281646,fill,1.979060471057892e-09,0.10284240731874661,102278,W Brumback St,1.0
118993151,,484364756,fill,0.0,0.35314462549052905,102557,S 13th St,1.153
118993159,,119201499,fill,0.0,0.04074814470953925,102558,N 31st St,1.0
118993160,,118059649,fill,0.02004718320598373,1.8623256762497533,44605,N Lakeharbor Ln,1.0
118993171,,119015436,fill,1.8626815286637636e-08,0.1515471036989311,102561,N Eldorado St,1.0
118993222,,1187510140,fill,5.165932365548277e-08,0.8410412508264073,41833,State St,1.0
118993250,,120084782,fill,0.0,0.5768817892580955,102564,Lake Ave,1.0
118993281,,119042813,fill,1.8510036170482635e-08,0.3480950935016267,42044,Linden Rd,1.0
118994003,,119080258,fill,0.0,1.449896592648713,102602,Lenora St E,1.0
118994052,,119228900,fill,1.862645149230957e-09,0.3266291282012048,102324,N 10th St E,1.0
118994135,,119095061,fill,1.862645149230957e-09,0.003446990963936969,102608,Mill Rd,1.016
118994142,,119075171,fill,0.0,0.010300311179634036,102609,N Main St,1.039
118996542,,118999387,fill,5.133915692567825e-08,0.017727118653056095,102723,W Northview St,1.059
118998317,,117954537,fill,3.640899566068552e-07,1.997134756638303,50010,E Braemere Rd,1.0
118999343,,119025649,fill,0.0,0.3949284401380737,102326,W Bella St,1.0
118999368,,119192473,fill,0.0,0.10895178195102062,102279,W Ada St,1.0
118999369,,119281644,fill,2.0954757928848267e-09,0.06350600227477798,102835,W Lemp St,1.0
118999370,,118999369,fill,0.0,0.02507058813534968,102835,W Lemp St,1.0
118999376,,119106993,fill,0.0,6.14006880102167,102837,S Capitola Way,1.0
118999392,,119981499,fill,9.313225746154785e-10,0.5109527437697636,102839,S Linder Rd,1.181
119002862,,117875574,fill,4.480099632612862e-09,1.0462123686025961,45959,W Idaho St,1.0
119002864,,1058066347,fill,1.2612121338417455e-07,0.03483177388295644,102976,N 3rd St,1.0
119002888,,119607711,fill,0.0,0.017922287861154018,42650,N Allumbaugh St,1.06
119004000,,119242473,fill,1.234002411365509e-08,0.8538261524493578,103008,W McMillan Rd,1.0
119004027,,119245740,fill,9.313225746154785e-10,0.6042509351060517,43185,Fargo Rd,1.0
119004047,,119015410,fill,2.094162475201227e-07,3.2707288308878333,103011,W Parkhill Dr,1.0
119004052,,118987362,fill,0.0,0.5584828099971446,102273,N 13th St,1.019
119004070,,119065963,fill,0.0,5.705719470133658,103015,N Glenwood St,1.0
119004071,,119020359,fill,0.0,12.444203844588117,103016,N Mountain View Dr,1.0
119004102,,119551522,fill,0.004645478332286378,65.97090161897202,103018,E Bates Ave,1.0
119004141,,119490927,fill,1.83936208486557e-08,0.2031803189747734,102326,W Bella St,1.0
119004142,,119783029,fill,9.313225746154785e-10,0.11272856009856014,102275,N 26th St,1.035
119007835,,117684415,fill,0.0,0.11078987052411549,43177,Lake Lowell Ave,1.0
119007849,,119030722,fill,1.335316219515307e-07,0.15174128167399203,103255,E Victory Rd,1.0
119007851,,119147757,fill,1.862645149230957e-09,1.40092772174728,102275,N 26th St,1.035
119007877,,1058070467,fill,0.0,0.058769938181058023,102323,S Montana Ave,1.0
119008018,,1030192977,fill,4.2842888305241567e-07,0.5406022247622673,103266,W Bannock St,1.0
119008226,,119140366,fill,0.0,0.038605081501202676,103272,S Phillippi St,1.0
119008231,,119344471,fill,0.0,0.008511406411741973,103273,N Hartman St,1.0
119008233,,119084182,fill,8.615237218092875e-08,0.0342119530972127,102283,W Sunset Ave,1.0
119008235,,118987093,fill,0.0,10.487915179116044,102273,N 13th St,1.0
119008249,,448695148,fill,0.0,15.098458865137786,103277,N Overlook Rd,1.0
119008252,,118993144,fill,0.0,0.06033031051060789,102278,W Brumback St,1.0
119008339,,484373873,fill,0.0,0.03519363023178812,50760,N Pierce Park Ln,1.0
119010059,,119081072,fill,0.0,0.6039747561308673,103343,N 19th St,1.0
119010063,,119588315,fill,0.0,1.270085326284402,103345,W Idaho St,2.597
119010065,,474888749,fill,0.0,0.2911373815766183,42260,Ustick Rd,1.0
119010093,,119070237,fill,0.0,0.05421778492552676,102301,N 9th St,1.0
119010097,,119210760,fill,0.0,0.5101195992502312,103350,W Idaho St,1.0
119010099,,119066850,fill,3.7599034801391454e-07,0.18235998870801495,103351,N 6th St,2.13
119010111,,119030957,fill,1.8412978966507475e-06,1.5615233624452003,103352,N Alamo Rd,1.0
119010114,,119621153,fill,0.0,0.2551604482748644,102723,W Northview St,1.0
119010115,,119516934,fill,3.8394789729451536e-07,0.07058997514184284,103354,W Jewell St,1.0
119010121,,119281620,fill,9.313225746154785e-10,0.00029240008888109514,103272,S Phillippi St,1.0
119010125,,384121397,fill,9.313225746154785e-10,0.5555576600270342,43737,S Roosevelt St,1.0
119010127,,119015363,fill,1.21071990668904e-07,11.734189087008303,103358,W Targee St,1.0
119010130,,474888466,fill,4.116425171668882e-06,0.48578412189897335,103359,W Amity Rd,1.0
119010213,,119458015,fill,0.0,1.3375310080118084,103367,W Mace Rd,1.0
119010230,,119086877,fill,2.0626548063368915e-08,0.023946049791447876,42332,E Kuna Rd,1.0
119010255,,119099574,fill,0.4494743855017733,7.963162845594866,103374,N Allumbaugh St,1.0
119010257,,119718689,fill,0.0,0.4837897557112285,103375,S Roosevelt St,1.052
119010258,,119131354,fill,0.0,0.23854050606672672,53446,W Cassia St,1.111
119010260,,119126745,fill,0.0,0.7270018151630779,103377,S Gourley St,1.0
119010262,,120001821,fill,0.0,0.05701341314230035,103378,S Pond St,1.0
119012210,,119675435,fill,1.3958197087049484e-07,0.11687067796964357,41798,W Pine Ave,1.0
119012233,,119210766,fill,1.4854887012898305e-06,5.146497536753344,41526,E Island Woods Dr,1.0
119012245,,119121909,fill,0.04125470805914947,10.763324749633512,42046,S Mitchell St,1.0
119012714,,119241432,fill,0.0,0.08916955367322998,103266,W Bannock St,1.0
119012717,,119223542,fill,0.21093559551891178,11.299017325893345,103501,S 8th St,1.0
119012719,,1058066308,fill,0.0,0.548305564161808,103502,S 5th St,1.703
119012728,,119250352,fill,2.582032002682009e-07,30.50219431312854,103503,N Arthur St,1.0
119012760,,119573012,fill,0.0,0.05235672341115105,103507,N Eldorado St,1.0
119012806,,383823040,fill,2.4563632905483246e-08,2.250315727613554,103511,Lincoln St,1.0
119012869,,119227243,fill,0.0,0.6501732152156592,102609,N Main St,1.039
119013661,,1030207955,fill,6.850690357462398e-07,14.704337674543808,44528,E Airport Rd,1.0
119013665,,119313484,fill,1.643570380015874e-07,0.1526356626091001,103544,Homedale Rd,1.0
119015220,,119078726,fill,0.0,0.020643395280785626,102324,N 10th St E,1.0
119015256,,119010099,fill,1.1307188346856159e-07,0.26791416906908694,103351,N 6th St,2.13
119015345,,119555237,fill,0.0,11.362469238438052,103344,N 6th St,1.0
119015364,,119340365,fill,1.4435499906539917e-08,0.028268988475360857,103358,W Targee St,1.0
119015370,,119121978,fill,3.725290298461914e-09,0.30753587877831023,103616,N Phillippi St,1.0
119015395,,119599411,fill,0.0,4.210351680432609,102319,N McKinney St,1.0
119015406,,119137429,fill,1.2934077560283914e-07,0.3195058808535123,103620,W Kootenai St,1.245
119015410,,119223582,fill,0.44967032970795345,19.971935896319508,103011,W Parkhill Dr,1.0
119015412,,119060792,fill,0.0,0.07214903115044535,102278,W Brumback St,1.0
119015417,,119619458,fill,0.0,0.000351251621452775,102551,W Resseguie St,1.0
119015423,,119590269,fill,0.0,0.02722394726509947,103624,W Castle Dr,1.0
119015437,,770992287,fill,0.0,0.25196371620734226,103616,N Phillippi St,1.0
119015439,,119290163,fill,1.862645149230957e-09,2.025214945357675,103628,N Wilson St,1.0
119015442,,119228363,fill,0.0,0.2415594879746834,103617,S Lincoln Ave,1.0
119015536,,119740589,fill,2.9092366598293153e-06,0.14166423724486776,103635,17th Ave S,1.0
119015553,,119257976,fill,6.565824151039124e-08,0.6905831854438418,43443,Stewart Ln,1.0
119017468,,119340366,fill,0.0,0.4570984125986399,103708,S Pacific St,1.0
119017499,,119327136,fill,4.093405240170562e-07,2.4358956218979984,43439,John Alden Rd,1.0
119017548,,119522985,fill,2.1550287318338008e-07,0.11378009959645397,102288,W Taft St,1.0
119018206,,1030191357,fill,0.0,0.487515547376006,102723,W Northview St,1.059
119018236,,120006314,fill,8.38271157229072e-09,0.4518656525446829,43627,S Black Cat Rd,1.0
119020285,,119933090,fill,5.587935447692871e-09,0.0002831320491054612,103804,S 10th St E,1.0
119020339,,119030945,fill,0.0,0.0831305501272368,102273,N 13th St,1.019
119020340,,119058468,fill,0.0,0.043162180694992,102551,W Resseguie St,1.0
119020342,,119201492,fill,5.3198745129618124e-08,0.2560549214895218,103807,W Jefferson St,1.593
119020345,,119015423,fill,6.147434499378968e-08,1.4656411477930078,103624,W Castle Dr,1.0
119020359,,119196860,fill,4.689139943538078e-07,11.905821992143103,103016,N Mountain View Dr,1.0
119020364,,119050818,fill,0.0,0.18033278461194868,103272,S Phillippi St,1.0
119020368,,119098640,fill,0.0,2.1148242406066515,103375,S Roosevelt St,1.108
119020400,,119281619,fill,2.3317160294464224e-06,0.2689527536190326,103816,W Robertson Dr,1.0
119020405,,119111275,fill,0.0,0.8394678299652014,45459,S Mitchell St,1.0
119021169,,119075632,fill,1.4319084584712982e-08,0.00027177990153859355,103845,W Amity Rd,1.0
119021725,,119504243,fill,7.063571481704249e-07,6.481836813513752,47150,E Lake Forest Dr,1.029
119021784,,119012233,fill,0.0,5.070037262119456,41526,E Island Woods Dr,1.0
119023724,,119015536,fill,0.0,0.29972759750774003,103635,17th Ave S,1.0
119025589,,119228526,fill,1.4185930310947836e-05,1.5833454702173526,104027,W Sunrise Rim Rd,1.03
119025598,,119075610,fill,0.0,0.47182527455208856,104029,W University Dr,1.0
119025600,,119267095,fill,0.0,0.42939285464615295,104030,W Garfield St,1.0
119025649,,119084179,fill,8.149072527885437e-09,0.20915145535968804,102326,W Bella St,1.0
119025652,,428958518,fill,0.0,11.46359857852201,104037,W Hill Rd,1.0
119025653,,119084178,fill,0.0,0.14762560153792492,103013,N 25th St,1.0
119025654,,119010059,fill,0.0,0.22268195997099838,103343,N 19th St,1.0
119025658,,1030192793,fill,0.0,0.12151813426930858,41427,Smeed Pkwy,1.0
119025664,,119008255,fill,1.5307933168351544,43.8645073740131,103280,E Shenandoah Dr,1.0
119025665,,119209496,fill,0.0,0.07473845831796666,104043,N Locust St,1.0
119025691,,384137990,fill,0.0,0.07157202258952111,50760,N Pierce Park Ln,1.0
119025715,,119025665,fill,4.0048577983987933e-07,0.19213293136681386,104043,N Locust St,1.0
119027255,,119119722,fill,0.0,0.03112399679940836,50760,N Pierce Park Ln,1.0
119028652,,119553670,fill,1.862645149230957e-09,0.3118049966687977,53020,S Kit Ave,1.0
119028669,,119699758,fill,1.1367912960184745e-07,0.8056311437954093,104157,Boise Ave,1.0
119029871,,119028669,fill,9.862875629946845e-07,0.6754410647239979,104157,Boise Ave,1.0
119029959,,119966714,fill,0.0,0.06941149301582072,104217,S Kimball Ave,1.0
119030720,,119750104,fill,0.0,0.11794246207159631,43114,Birch Ln,1.0195
119030722,,119250193,fill,0.0,0.14909527572649495,103255,E Victory Rd,1.0
119030800,,119132762,fill,2.796391991308032e-09,0.09278537847899315,104255,N Raymond St,1.0
119030823,,119101305,fill,1.4863242726430588e-06,2.353544792536354,47185,6th St N,1.0
119030899,,119080598,fill,0.0,0.09553552014327238,104260,S Owyhee St,1.0
119030904,,117897748,fill,0.0,0.16509531479550787,44021,W Targee St,1.0
119030908,,119933069,fill,2.87545844912529e-08,0.2341382517523698,45354,W Victory Rd,1.0
119030913,,119299392,fill,8.961103218699424,17.581460140642548,104263,N Happy Dr,1.0
119030932,,119060824,fill,0.0,4.423927276563177,104266,S Allante Pl,1.0
119030939,,119077788,fill,0.0,0.08530223917904323,44610,W Dewey St,1.0
119030945,,118987365,fill,0.0,0.011990820770677146,102273,N 13th St,1.019
119030946,,119573435,fill,0.0,0.12294319250327135,104270,W Union St,1.245
119030957,,119322512,fill,0.0,2.1070882399127413,103352,N Alamo Rd,1.0
119031736,,119563101,fill,0.0,16.061418437744237,104295,E Stonepoint Dr,1.0
119032883,,383805020,fill,2.0372681319713593e-09,0.12392840193001575,104331,E Commercial St,1.16
119033201,,384137127,fill,0.0,0.00031786280922574406,104339,Gunfighter Ave,1.0
119033226,,117636162,fill,2.0372681319713593e-09,0.0716847526039146,42279,E Park St,1.033
119035458,,474865099,fill,0.0,3.365940971086445,42751,Aviation Way,1.0
119035481,,119572898,fill,0.0,0.42991514061822045,104217,S Kimball Ave,1.025
119035505,,119261309,fill,0.0,0.8512720231722142,104447,N Illinois Ave,1.385
119036491,,119652633,fill,2.0954757928848267e-09,0.33511053263367785,42662,Roosevelt Ave,1.053
119036624,,119075685,fill,1.1932570487260818e-07,0.022196874510598263,104532,W Desert Ave,1.0
119036651,,119325590,fill,2.856638153031582,0.7329042550830991,104534,W Executive Dr,1.0
119036661,,119008339,fill,1.8662795822463695e-09,0.04348600432660987,50760,N Pierce Park Ln,1.0
119036672,,119675609,fill,0.0,0.0014643536582070737,103502,S 5th St,1.703
119036686,,119266966,fill,0.0,1.5220897376551648,103375,S Roosevelt St,1.108
119036691,,117952748,fill,0.0017770088848623215,0.23631905645021334,49959,S Garden St,1.0
119036699,,383818695,fill,8.149072527885437e-09,0.028450124068172045,103814,W Morris Hill Rd,1.0
119036700,,119066044,fill,0.0,0.050053242638000484,104544,W Irving St,1.054
119038033,440895797,119767601,override,0.0,0.08862212943517989,104025,E Roosevelt Ave,1.031
119038064,,119058530,fill,4.812736265504153e-07,0.8025273208054955,104600,Albany St,1.0
119038069,,117906374,fill,0.038840955115687796,0.622772056028623,44537,W Linden St,1.0
119038103,,474866017,fill,0.0,0.06863025900148045,45616,S Linder Rd,1.0
119038145,,119633645,fill,1.3816032296692535e-05,0.8002676538981177,104339,Gunfighter Ave,1.0
119040880,,119736796,fill,0.0,0.49530007348658955,104703,S Newport St,1.0
119040905,,474863229,fill,4.2600716300116845,24.855041401492883,104704,E Jefferson St,1.0
119040922,,119117911,fill,0.0,0.1181452346938272,104706,N Garrett St,1.107
119041063,,119592515,fill,0.0,0.2719907269245425,104710,S Saturn Way,1.0
119041498,,119865081,fill,2.4458859115839005e-07,0.2148801793249504,41462,W Roosevelt Ave,1.275
119042454,,119128579,fill,2.4621840566396713e-08,0.4831681147669542,104779,Hatch Ln,1.0
119042729,,119126557,fill,5.160285598426722e-08,2.8617139117190504,104794,E 50th St,1.0
119042731,,117674343,fill,1.557010429858596e-07,6.647703823280352,42984,W University Dr,2.171
119042795,,1187568455,fill,0.0,0.060382492363544316,104800,Base Line Rd,1.0
119042808,,119576638,fill,4.109460860490799e-08,0.11948189419240407,43114,Birch Ln,1.039
119042813,,119477443,fill,0.0,0.03056161919664646,42044,Linden Rd,1.0
119043140,,463721077,fill,9.385703304198744e-10,0.09966813744762248,104825,N 20th St,1.0
119043144,,119131256,fill,2.0954757928848267e-09,0.15284256963332155,102835,W Lemp St,1.0
119043145,,119204800,fill,0.0,0.027937551693810292,102278,W Brumback St,1.0
119043146,,119299400,fill,0.0,0.2977414486651355,102276,N 16th St,1.0
119043148,,119209481,fill,0.0,0.21496806331549578,103344,N 6th St,1.0
119043149,,119214877,fill,1.862645149230957e-09,0.32833289591701487,102273,N 13th St,1.019
119043151,,1187511632,fill,5.44697326142855e-07,0.17406483748720802,104832,W Grove St,1.182
119046215,,120079244,fill,0.0,0.010839952536741748,104929,Specht Ave,1.0
119046216,,119055143,fill,0.0,0.6960079366039622,104217,S Kimball Ave,1.0
119046405,,119038856,fill,3.1332362917925073e-06,0.20715670762669447,44406,Lowell Rd,1.0
119046447,,119754217,fill,0.0,0.2527519654986463,104939,N Midland Blvd,1.585
119047933,,119038064,fill,0.0,0.18541714114684282,104600,Albany St,1.0
119048110,,119075477,fill,0.0,1.7740377453580436,103804,S 10th St E,1.0
119048516,,1058116881,fill,0.0,4.555874634614099,103011,W Parkhill Dr,1.0
119048522,,119160929,fill,0.0,0.014515363361169875,103266,W Bannock St,1.0
119048536,,119880227,fill,0.0,0.26368239403797133,102303,N 32nd St,1.0
119048557,,119228370,fill,0.0,0.40686024319893477,102303,N 32nd St,1.0
119048577,,119956686,fill,0.0,0.02104954211557697,103374,N Allumbaugh St,1.0
119048578,,119008231,fill,9.313225746154785e-10,0.09257890913590927,103273,N Hartman St,1.0
119049394,,119732395,fill,7.087553506279038e-06,0.04822845667257525,104874,SW Old Grandview Hwy,1.0
119049958,,118073706,fill,0.01687561493765681,1.8623256621533528,46047,N Lakeharbor Ln,1.0
119050016,,770992333,fill,1.862645149230957e-09,0.05569678243529097,105080,N Avenue H,1.0
119050750,,770993242,fill,0.029963780240899553,2.404277791315053,104330,Sunnyridge Rd,1.0805
119050773,,119075642,fill,1.8533450859744492e-08,0.14830563919116457,103620,W Kootenai St,1.024
119050791,,119307997,fill,0.0,20.043771031959068,43773,S Entertainment Ave,1.215
119050796,,119025715,fill,1.9205582215132664e-07,0.14626203968836649,104043,N Locust St,1.0
119050813,,448733653,fill,0.0,0.16691745548337167,103374,N Allumbaugh St,1.0
119050818,,119060802,fill,0.0,0.2592433301835513,103272,S Phillippi St,1.0
119051080,,119210397,fill,0.0,0.075920435394778,104825,N 20th St,1.0
119051084,,119089083,fill,0.0,39.22695099671722,102275,N 26th St,1.035
119051088,,119048555,fill,0.0,4.443041412908599,102288,W Taft St,1.0
119051109,,119880136,fill,0.0,18.401808121146587,105133,Paddock Ave,1.0
119051130,,119063355,fill,2.956423196199596e-07,0.15520169082947177,47185,6th St N,1.021
119051137,,1030202642,fill,2.9478513459154297e-07,0.3459049217297263,105137,W Highland View Dr,1.03
119051155,,119107234,fill,0.0,0.2536875605266289,105141,S Sub Station Rd,1.044
119051163,,119495041,fill,0.14427372609691425,0.3961919140333805,105142,S Black Cat Rd,1.0
119051189,384139036,428958563,override,0.0,0.0005680338979914268,45704,W Greenhurst Rd,1.185
119051206,,119490928,fill,5.75091689825058e-08,0.00821781838840252,102290,W Breneman St,1.0
119051208,,119786796,fill,1.6298145055770874e-08,0.12867200006411394,102278,W Brumback St,1.0
119053234,,119976634,fill,4.202076474662515e-06,1.1578858454600152,105202,N Kimball Ave,1.025
119053235,,770993227,fill,9.928904396627666e-07,0.9692299790944503,51360,Main St,1.0
119053244,,384123899,fill,0.0,0.9021417853694516,104217,S Kimball Ave,1.0
119053263,,117773654,fill,0.37085784756567786,0.053615554220243666,42040,Lowell Rd,1.0
119053278,,1030211382,fill,2.9419478571082455e-07,1.3592280823507394,105206,W Black Canyon Hwy,1.0
119053293,,119047933,fill,0.02973281664207077,0.48684526906509973,104600,Albany St,1.0
119053294,,119053235,fill,3.058002495577634e-08,1.0610853969321852,51360,Main St,1.0
119053485,,119783086,fill,2.1872453191382735e-09,2.087835276207784,105226,E Shaw Mountain Rd,1.0
119053486,,119453809,fill,9.313225746154785e-10,0.4181680914939534,105227,N Kimball St,1.0
119053494,,119299502,fill,1.8626815286637636e-08,1.7032655833804995,105228,S Five Mile Rd,1.0
119054050,,119241582,fill,1.330276940149964e-06,0.45160659669357983,47185,6th St N,1.021
119054053,,119209483,fill,0.0,0.20711830690584065,102275,N 26th St,1.035
119054054,,119128066,fill,1.1897645890712738e-07,0.07112542428660618,102290,W Breneman St,1.0
119054122,,119119207,fill,3.157049046498176e-06,0.3254175375838031,104600,Albany St,1.0
119055143,,119468120,fill,0.0,0.10179921544755643,104217,S Kimball Ave,1.0
119055160,,119291596,fill,2.8814849925282544e-08,0.07113894018579003,102320,Homedale Rd,1.015
119055232,,118035695,fill,0.03929749329981908,2.2969564825733357,52841,N 5th St,1.703
119055273,,474900144,fill,1.047779287739251e-07,0.06195058675444898,105287,W Iowa Ave,1.058
119055676,,119325027,fill,0.033490103654885264,0.06694183423979894,46896,W Malad St,1.0
119055776,,119314460,fill,0.0,0.7847413031154815,105310,S Albright St,1.0
119055778,,119258114,fill,4.340090759296357e-07,0.1741508772476834,105311,S White Cloud Dr,1.0
119055820,,119065015,fill,4.5157599373954356e-07,0.1403833137154038,105312,W Pomona Rd,1.0
119055821,,119824047,fill,1.3552023568678203e-07,0.3096555518027344,105312,W Pomona Rd,1.0
119055823,,117894260,fill,2.344859976195509e-06,17.216473738563536,48436,Alworth St,1.0
119055829,,117624432,fill,0.04099276638828247,10.442240954156034,42045,W Panama St,1.0
119055839,,119075620,fill,2.4963137003632245e-07,2.4386832180535976,48885,S Crosspoint Ave,1.0
119055850,,119093917,fill,0.13020406259146627,14.35183491845163,105317,S Starview Dr,1.0
119055885,,119196286,fill,0.0,0.007036106643056428,44660,W K-Bar-T Dr,1.0
119055891,,119103455,fill,0.0,26.04521438192154,105321,W Teakwood Dr,1.0
119055903,,119196299,fill,1.335316219515307e-07,0.14096379116290336,53446,W Cassia St,1.111
119055913,,119010254,fill,0.0,0.07270016572687155,103373,W Florence St,1.0
119055935,,119314446,fill,1.3248784806401295e-07,3.995499789962082,46025,N Redway Rd,1.0
119055943,,119213701,fill,9.313225746154785e-10,1.2960024296507697,53665,S Roosevelt St,1.0
119055946,,119065083,fill,0.0,0.41743404136110485,104027,W Sunrise Rim Rd,1.03
119056168,,119535376,fill,3.9020922453169644e-07,0.03895241167356289,102320,Homedale Rd,1.015
119057283,,119052673,fill,0.00021351453103765758,0.00583767888440434,53469,Old Oregon Trail Rd,1.0
119058419,,119591235,fill,0.0,0.7470571986536925,104447,N Illinois Ave,1.385
119058468,,119081100,fill,8.836413728619355e-08,0.037890227932678044,102551,W Resseguie St,1.0
119058469,,119099545,fill,7.542108829245439e-07,0.02162134605606525,102280,W Hays St,1.033
119058485,,118120664,fill,4.307366907596588e-08,0.023746552324496406,44914,W California Ave,1.0
119058530,,119625157,fill,0.07888134887497798,0.3823188704485574,104600,Albany St,1.0
119058532,,119012809,fill,1.7179846195418191e-06,0.019724608318938408,103513,S 18th Ave,1.0
119060653,,448697756,fill,0.0,1.4280734414886638,105485,S Holcomb Rd,1.0
119060656,,119758549,fill,1.1153529072365753,74.26771448181665,49031,E Bergeson St,1.0
119060758,,119119633,fill,0.0,0.036847056965143565,105489,W Mossy Cup St,1.0
119060792,,119128071,fill,0.0,0.05063219104710015,102278,W Brumback St,1.0
119060793,,119250200,fill,0.0,0.41223620297273555,103343,N 19th St,1.0
119060794,,119299452,fill,0.0,0.2759810130555138,102551,W Resseguie St,1.0
119060795,,119144856,fill,0.16299208678906105,0.1145889743738735,104270,W Union St,1.245
119060802,,119126736,fill,9.313225746154785e-10,0.82503031413043,103272,S Phillippi St,1.0
119060806,,119075600,fill,9.313225746154785e-10,0.06096458017927375,105498,S Atlantic St,1.0
119060812,,119241427,fill,0.0,0.7437181595169022,105498,S Atlantic St,1.0
119060815,,119106962,fill,0.0,0.029848387080363636,105501,S Euclid Ave,1.0
119060829,,119020405,fill,0.0,0.03451020368299851,45459,S Mitchell St,1.0
119060836,,119205804,fill,0.0,0.6444007258110673,103807,W Jefferson St,1.067
119060849,,119228523,fill,0.0,0.03776772161046438,105508,N Ash Park Ln,1.0
119061075,,119174248,fill,1.7788918400407556,41.67843718775353,105520,E Windsong Dr,1.0
119061232,,119731280,fill,2.0954757928848267e-09,0.08799809857663377,102326,W Bella St,1.0
119061234,,119114124,fill,0.0,0.09012466644779238,105526,N 14th St,1.597
119062114,,474859912,fill,0.0,0.012766141021586463,46391,S Linder Rd,1.0
119062402,,119107114,fill,4.4613073269442106e-07,13.651916002595783,105574,E Serene Dr,1.0
119062464,,119089191,fill,0.0012638939438919723,0.008038995243140334,105576,S Vermont Ave,1.0
119063332,,119170703,fill,0.0,1.1831803258357354,105604,W 7th St,1.0
119063355,,474870215,fill,8.020663970240015e-07,0.12512799641513084,47185,6th St N,1.021
119063370,,119783062,fill,9.313225746154785e-10,0.0014309152348914722,102276,N 16th St,1.0
119063373,,119070120,fill,5.3318217396736145e-08,0.1482002396420512,102551,W Resseguie St,1.0
119063376,,119084125,fill,2.0954757928848267e-09,0.03026974124725257,103807,W Jefferson St,1.067
119063377,,119736837,fill,3.698464939407299e-07,0.5609714961368866,103343,N 19th St,1.0
119063380,,484355413,fill,2.1087697264924634e-06,0.06618103671354447,102302,N 4th St,1.0
119063476,,119007877,fill,9.313225746154785e-10,0.03208441365461567,102323,S Montana Ave,1.0
119063495,,119205728,fill,0.0,0.015630655250220116,102323,S Montana Ave,1.0
119065008,,117838252,fill,0.0,0.08288390014524794,46851,N Bird St,1.0
119065010,,119140400,fill,1.862645149230957e-09,0.052293103461863666,104255,N Raymond St,1.0
119065019,,119010262,fill,0.0,0.3939397046349029,103378,S Pond St,1.0
119065043,,119027263,fill,0.0,0.5832736905157674,104101,S Biggs St,1.0
119065046,,119210521,fill,0.0,0.044587178088704604,104825,N 20th St,1.0
119065050,,484378743,fill,0.0004367814100813518,0.15303174062643166,103624,W Castle Dr,1.0
119065057,,119098734,fill,2.9545392201598695e-07,0.10279662709251625,103016,N Mountain View Dr,1.0
119065066,,119103485,fill,2.7939677238464355e-09,0.06259291901895381,105683,S Arcadia St,1.0
119065083,,119075605,fill,2.518792604738167e-06,6.841216062558942,104027,W Sunrise Rim Rd,1.03
119065088,,119242589,fill,0.0,0.16773645644403246,105687,S Manitou Ave,1.0
119065956,,119753250,fill,4.899721610960365e-07,8.826574192959413,105716,W Joplin Rd,1.123
119066044,,119299435,fill,0.0,0.026100925056084634,104544,W Irving St,1.054
119066046,,117839644,fill,0.0,0.10721308807478636,46896,W Malad St,1.0
119066087,,1030190712,fill,1.3355760163656137e-07,0.16073874321870107,102723,W Northview St,1.0
119066850,,1058066341,fill,1.3380370127262226e-07,0.4334436311828824,103351,N 6th St,2.13
119066894,,119087826,fill,2.8195152625685158e-06,0.13693199858772687,43784,S Ridge Point Way,1.0
119066905,,119099583,fill,0.0,0.22438972441619853,45616,S Linder Rd,1.0
119066959,,119062114,fill,0.0,0.013778845244985405,46391,S Linder Rd,1.0
119069263,,119592553,fill,3.901025149659779e-07,0.05212366068309393,102320,Homedale Rd,1.0
119069313,,1030197027,fill,0.0,0.1399958368245393,48228,N 20th St,1.0
119069319,,119196196,fill,0.0,0.44251577283398547,103343,N 19th St,1.0
119069321,,119051080,fill,0.0,0.04544551368081784,104825,N 20th St,1.0
119069323,,119043146,fill,0.0,0.19912497291363707,102276,N 16th St,1.0
119069415,,119758685,fill,0.0,0.3389690859906409,104447,N Illinois Ave,1.385
119070064,,119118375,fill,9.385703304198744e-10,0.4894990459474684,103804,S 10th St E,1.0
119070077,,119131357,fill,1.862645149230957e-09,0.249291732410569,103708,S Pacific St,1.0
119070078,,119084826,fill,2.7939677238464355e-09,1.9155309620893775,105889,S Latah St,1.0
119070081,,119499369,fill,0.0,0.00029326722432188035,103620,W Kootenai St,1.024
119070084,,119344467,fill,1.234002411365509e-08,1.097671658450281,103814,W Morris Hill Rd,1.0
119070087,,119065066,fill,0.0,0.07244793307418718,105683,S Arcadia St,1.0
119070100,,119340532,fill,9.385703304198744e-10,0.26304558818452506,105894,S Grant Ave,1.0
119070104,,119215028,fill,0.0,0.19519089626447794,105576,S Vermont Ave,1.0
119070105,,119015442,fill,0.0,0.0562207340338432,103617,S Lincoln Ave,1.0
119070109,,119065130,fill,0.0,0.22700578997154253,104544,W Irving St,1.054
119070114,,119252540,fill,0.0,0.10691159306901454,103350,W Idaho St,1.0
119070118,,119344475,fill,0.0,0.05055011532743947,105900,W State St,1.0
119070120,,119060794,fill,5.5421518877160285e-08,0.0003828885251095926,102551,W Resseguie St,1.0
119070121,,119242564,fill,0.0,0.01236954863787787,102274,N 14th St,1.0
119070126,,119340376,fill,0.0,0.20082557883097252,103013,N 25th St,1.0
119070127,,119578794,fill,0.0,1.1482293733361075,102835,W Lemp St,1.0
119070128,,119131258,fill,9.385703304198744e-10,0.04072241968884782,104825,N 20th St,1.0
119070142,,119228390,fill,2.4045716468727047e-07,0.053069359553035156,105907,N Walnut St,1.0
119070184,,119942018,fill,0.0,0.08507744221145686,105228,S Five Mile Rd,1.0
119070190,,119252610,fill,1.520247268786616e-07,0.10206359683013488,105910,E McKinley St,1.0
119070192,,119025668,fill,3.1733267697959554e-06,0.5599640075312493,51701,S Toluka Way,1.0
119070233,,119572881,fill,2.0954757928848267e-09,0.46374795287891857,43114,Birch Ln,1.039
119070237,,119205202,fill,9.313225746154785e-10,0.2051307743512325,102301,N 9th St,1.0
119071348,,119713446,fill,0.05993018539719355,1.7542987293667238,105989,S Findley Ave,1.0
119071382,,384141731,fill,8.38271157229072e-09,0.23520896864954466,105991,Norris Ave,1.0
119071438,,119762960,fill,2.1668419220911204e-07,8.03976622429235,46784,Davis Ave,1.0
119071446,,119205207,fill,0.0,12.362394392121473,105994,W Hackamore Dr,1.077
119071454,,118173829,fill,1.641456037759781e-08,0.2487877712232489,44265,W Brumback St,1.0
119073272,,119118260,fill,0.0,0.6534126266187172,106066,N Kings Rd,1.047
119073719,,119103488,fill,0.0,0.2769386304275656,103377,S Gourley St,1.0
119075171,,119174888,fill,2.7939677238464355e-09,0.26501669947828077,102609,N Main St,1.039
119075359,,383822231,fill,7.802372775409122e-07,6.410914144589071,45217,N Willow Creek Rd,1.0
119075392,,1030212803,fill,0.0,0.547295449697117,106146,E Deer Flat Rd,1.0
119075465,,119554456,fill,0.0,0.06697484879140347,103008,W McMillan Rd,1.0
119075474,,119040966,fill,0.0,0.026307785383437476,102324,N 10th St E,1.0
119075530,,119626772,fill,0.0,1.4630656833005844,106153,N Linder Rd,1.0
119075535,,119694840,fill,8.662426470552103e-08,6.3346185704940865,43178,N 2nd St,1.0
119075543,,119209480,fill,4.544740252212035e-07,0.3931501565106146,102280,W Hays St,1.033
119075595,,119238258,fill,9.453382900808058e-08,0.6714221296583105,106158,W Emerald St,1.326
119075600,,119228343,fill,0.0,0.10556244535106885,105498,S Atlantic St,1.0
119075605,,119025589,fill,4.886684804063466e-08,5.575961020338582,104027,W Sunrise Rim Rd,1.03
119075610,,119252586,fill,0.0,0.4967118139341551,104029,W University Dr,1.0
119075621,,119956680,fill,2.2561808968067275e-07,1.8766855325939105,106164,S Old Quarry Way,1.0
119075624,,119746345,fill,1.130392774939537e-07,0.0030715098395148743,43940,W Southerland Dr,1.0
119075632,,119117781,fill,6.170012056827545e-09,0.11378331130680408,103845,W Amity Rd,1.0
119075642,,119210587,fill,6.776011784339102e-08,0.41950630021688085,103620,W Kootenai St,1.024
119075645,,119027200,fill,0.08136273260614321,2.719835721587458,103272,S Phillippi St,1.0
119075699,,119591384,fill,6.5454773773267,18.045216649341796,103280,E Shenandoah Dr,1.0
119075716,,119098643,fill,0.0,0.46325853016764995,106175,S Cleveland St,1.0
119075726,,119140414,fill,0.00021110815133936443,5.174911027935536,105556,N Roosevelt St,1.158
119075728,,119010260,fill,0.0,0.04703292857223573,103377,S Gourley St,1.0
119075734,,119232923,fill,0.0,0.1104796882866026,106178,S Owyhee St,1.029
119075743,,119030899,fill,0.0,0.4563489657161597,104260,S Owyhee St,1.0
119076599,,119098635,fill,2.2177901007422806e-07,0.965914114363386,103352,N Alamo Rd,1.0
119076644,,474859360,fill,6.161662393894122e-07,0.12001462476649749,106207,E 47th St,1.0
119076747,,119523436,fill,0.0,0.12498013241679473,43185,Fargo Rd,1.0
119077788,,119063366,fill,6.367918103933334e-08,0.13552196272354422,44610,W Dewey St,1.0
119077803,,119921129,fill,0.0,13.073464130671283,53665,S Roosevelt St,1.0
119077903,,119252601,fill,6.387305050637742e-07,0.3332174473914904,106251,N Lancaster Dr,1.0
119077912,,384185609,fill,0.0,0.10208829548594167,106253,W Gabrielle Dr,1.0
119077916,,119660535,fill,9.454759072627384e-08,1.6268047026807722,102320,Homedale Rd,1.015
119077979,,119538916,fill,0.0,1.054276139773151,106255,N Shamrock St,1.0
119078302,,119457266,fill,9.313225746154785e-10,0.030112113302493526,102323,S Montana Ave,1.0
119080268,,770992266,fill,0.0,1.140140824908599,106338,N Eagle Rd,1.0
119080277,,119520880,fill,5.589147975741794e-09,0.1567946295247964,106339,S 2nd St,1.0
119080296,,119133036,fill,0.0,0.0751510785127607,106342,S Greenhurst Rd,1.0
119080595,,119012760,fill,2.7939677238464355e-09,0.07192085894041611,103507,N Eldorado St,1.0
119080603,,770992321,fill,0.0,0.043431743289545466,103807,W Jefferson St,1.593
119080604,,119271117,fill,0.0,0.08821620925380103,102290,W Breneman St,1.0
119080622,,119029871,fill,0.0,0.44948436076253984,104157,Boise Ave,1.0
119081057,,119201498,fill,5.113172980008525e-07,0.10871849747712758,103503,N Arthur St,1.0
119081066,,119590232,fill,1.979060471057892e-09,0.04115172520084798,102279,W Ada St,1.0
119081067,,119232904,fill,0.0,0.10951688617825539,103344,N 6th St,1.0
119081068,,119299403,fill,0.0,0.169326513273802,102301,N 9th St,1.0
119081072,,119069319,fill,9.313225746154785e-10,1.0291450159797932,103343,N 19th St,1.0
119081077,,119588165,fill,4.549632910162656e-07,1.9968619621467951,106251,N Lancaster Dr,1.0
119081094,,119196208,fill,0.0,6.441078667823149,106386,S Granite Way,1.0
119081100,,119127542,fill,1.979060471057892e-09,0.028889504569121982,102551,W Resseguie St,1.0
119081105,,119128068,fill,2.0103682345217792e-07,2.3896819916038794,105137,W Highland View Dr,1.0
119081147,,119027255,fill,0.0018555963815570257,0.06529157149577713,50760,N Pierce Park Ln,1.0
119081159,,383866521,fill,0.0,23.172730545720185,106391,W Braemere Rd,1.0
119082292,,119119732,fill,1.641456037759781e-08,0.023036324225245153,102288,W Taft St,1.0
119082331,,428957424,fill,0.0,0.10906631758030016,41428,W Karcher Rd,1.89
119082333,,119816126,fill,6.170012056827545e-09,0.8014360496277959,41462,W Roosevelt Ave,1.275
119082352,,118085669,fill,0.0,0.12593149863994313,54564,Bowmont Rd,1.0
119084125,,119196842,fill,0.0,0.04061740378892864,103807,W Jefferson St,1.067
119084126,,384121276,fill,0.01065995897402331,0.9546418557767993,106512,Shoreline Dr,1.584
119084135,,119573013,fill,2.565945810211046e-07,0.000158760945623726,106513,W Settlers Dr,1.0
119084136,,119281783,fill,8.824772843896609e-08,0.6026224492919141,105312,W Pomona Rd,1.0
119084138,,119075716,fill,9.313225746154785e-10,0.1804412599191778,106175,S Cleveland St,1.0
119084141,,119060804,fill,7.394719203227258e-08,0.23217157095598395,103620,W Kootenai St,1.024
119084155,,119213710,fill,1.979060471057892e-09,0.497925829652047,104030,W Garfield St,1.0
119084156,,119228362,fill,0.0,0.003595878330798996,105687,S Manitou Ave,1.0
119084162,,119111444,fill,0.0,0.9746674309346872,105894,S Grant Ave,1.0
119084171,,118993135,fill,0.0,0.0277236728655339,102553,W Garnet St,1.0
119084175,,119015417,fill,2.0954757928848267e-09,0.07000904652738882,102551,W Resseguie St,1.0
119084178,,119070126,fill,0.0,0.04735415273825083,103013,N 25th St,1.0
119084179,,119694722,fill,6.56648463028343e-08,0.10593064924233886,102326,W Bella St,1.0
119084182,,119140391,fill,1.4563854542501042e-07,0.10944410569328511,102283,W Sunset Ave,1.0
119084185,,119583915,fill,0.0,0.22428770933993292,102274,N 14th St,1.0
119084193,,119205281,fill,5.222479179900441e-07,0.1947663927871588,106527,S Walnut St,1.0
119084196,,119258036,fill,0.0,0.5395773306655656,104704,E Jefferson St,1.0
119084202,,119066894,fill,0.0,3.1347633257486507,43784,S Ridge Point Way,1.0
119084251,,119025653,fill,0.0,0.0510235362536946,103013,N 25th St,1.0
119084253,,119170795,fill,4.2656410342267657e-07,0.0828949186456498,103343,N 19th St,1.0
119084255,,119516876,fill,2.2931159012476224e-09,0.004617289493694443,103266,W Bannock St,1.0
119084261,,119636415,fill,0.0,0.8469841338370543,106536,N 38th St,1.0
119084290,,119314496,fill,5.8861962866551626e-08,0.22044194913573278,106539,E Reserve St,1.0
119084811,,119111434,fill,9.313225746154785e-10,0.47727518411306846,106560,N Liberty St,1.038
119084814,,119132357,fill,1.862645149230957e-09,0.31756522667694753,103374,N Allumbaugh St,1.0
119084826,,119209447,fill,0.0,2.0238581195676204,105889,S Latah St,1.0
119084834,,119196170,fill,1.8510036170482635e-08,0.07861975681981903,103814,W Morris Hill Rd,1.0
119084837,,119241430,fill,9.313225746154785e-10,0.16251637608337433,105687,S Manitou Ave,1.0
119084839,,119478881,fill,0.0,0.06899022267276678,105687,S Manitou Ave,1.0
119084859,,119893041,fill,0.0,89.33416199423311,106572,N Black Cat Rd,1.0
119085028,,119080244,fill,0.0,1.5833050601103196,106335,Friends Rd,1.0
119085108,,119069325,fill,0.0,30.460998927331843,47760,N 4th St,1.0
119086765,,119094000,fill,4.3230230594347056e-08,0.2242938047802454,106639,W Williams St,1.0
119086772,,119084138,fill,0.0,1.5527154605229327,106175,S Cleveland St,1.0
119086877,,119301534,fill,1.8510036170482635e-08,0.0016121532716510956,42332,E Kuna Rd,1.0
119087825,,119128079,fill,0.0,0.42256706457430937,106677,W Broad St,1.0
119087826,,484355423,fill,4.230030455997786e-07,4.14284309461695,43784,S Ridge Point Way,1.0
119087972,,118987108,fill,0.0,0.062315058838123605,102279,W Ada St,1.0
119089020,,117915223,fill,8.648725785425255e-07,0.5329459933597605,44614,E Barber Dr,1.0
119089028,,119574628,fill,0.0,24.40439389913888,106715,S Ridgeview Way,1.0
119089043,,119209473,fill,5.24410293778466e-06,0.12427063787424686,106717,E 48th St,1.0
119089044,,119236854,fill,8.586609238255852e-07,0.022570723558942518,106718,W Fenton St,1.0
119089083,,119004142,fill,2.449489029691342e-07,0.0836039594935869,102275,N 26th St,1.035
119089086,,119575796,fill,0.0,0.13755731281628414,102303,N 32nd St,1.0
119089107,,119070084,fill,6.565824151039124e-08,0.477475477616224,103814,W Morris Hill Rd,1.0
119089123,,119228399,fill,0.0,34.83859761449193,106724,E Sendero Ln,1.0
119089127,,119340040,fill,9.709522920704859e-06,1.3652087409886917,104295,E Stonepoint Dr,1.0
119089137,,119093927,fill,0.0,2.817992594827956e-06,106726,N Lilly Ave,1.0
119089176,,119209526,fill,2.796391991308032e-09,1.4250672571603218,106560,N Liberty St,1.038
119089182,,119126610,fill,1.862645149230957e-09,0.1339548485554758,106731,S Annett St,1.0
119089183,,117805492,fill,6.797229354933439e-08,6.35437788756866,45176,W Victory Rd,1.0
119089184,,119107105,fill,9.313225746154785e-10,0.018634579549001273,106178,S Owyhee St,1.029
119089191,,119205258,fill,0.0,0.0031627619156608944,105576,S Vermont Ave,1.0
119089195,,119612007,fill,0.0,0.08156380899663418,106735,W Chamberlin St,1.0
119089202,,119094009,fill,4.0745362639427185e-09,0.11592196555028522,45865,W Shoup Ave,1.0
119089949,,119050799,fill,0.0,0.013255244538072475,58530,N Locust Grove Rd,1.0
119089950,,119082352,fill,5.762558430433273e-08,0.013963178964843337,54564,Bowmont Rd,1.0
119090002,,117794547,fill,3.901025149659779e-08,0.19582778641824916,44537,W Linden St,1.0
119090005,,117824108,fill,2.3631243644239692e-07,1.8065960562950067,46411,Loomis Ln,1.0
119092281,,118999370,fill,2.0954757928848267e-09,0.13687330235603667,102835,W Lemp St,1.0
119092303,,119166318,fill,0.0,0.6806511975531464,105501,S Euclid Ave,1.0
119092313,,119252541,fill,0.0,0.02600273126739694,106866,N 17th St,1.065
119092336,,119232905,fill,3.6808602864636285e-08,0.06590711030543162,52841,N 5th St,1.703
119092341,,119118279,fill,0.0,0.03616260705024388,103807,W Jefferson St,1.067
119092401,,474870061,fill,9.313225746154785e-10,2.428305861477554,106870,Star Rd,1.0
119093904,,119116058,fill,2.2931159012476224e-09,11.123352299053181,106931,S Beverly St,1.0
119093916,,119060660,fill,0.0,12.508062143545459,50847,S Rockridge Way,1.0
119093917,,119689671,fill,7.5678719109634836,0.436624495072806,105317,S Starview Dr,1.0
119093929,,119308063,fill,0.0,0.0004345000737089322,106935,W Emerald St,1.0
119093944,,474859701,fill,0.0,0.06453515061937765,106937,S Cole Rd,1.0
119093965,,484380747,fill,6.359823477657338e-07,0.5723822390181681,106940,Adams St,1.116
119093996,,119050773,fill,8.009374141693115e-08,1.1111622087578326,103620,W Kootenai St,1.245
119094000,,119555162,fill,7.394719203227258e-08,0.5566080677868968,106639,W Williams St,1.0
119094034,,119258121,fill,0.0,0.29173581682260874,106946,N Wildwood St,1.0
119094056,,119772754,fill,2.157175913453102e-07,0.03165698663258354,106947,W Victory Rd,1.0
119095010,,384183905,fill,1.169841344460421e-07,0.03950900933256207,106986,Industrial Rd,1.0
119095121,,119134866,fill,9.313225746154785e-10,0.2538807086470456,46101,S Black Cat Rd,1.0
119097078,,119329321,fill,0.0,0.011436853886436893,102323,S Montana Ave,1.0
119097458,,119084196,fill,0.0,0.050149994829155276,104704,E Jefferson St,1.0
119097501,,119115988,fill,2.272008377729943e-08,9.392476549654987,103630,W Donnybrook Dr,1.0
119097537,,1058066254,fill,0.0,0.0034875792040622855,107077,N 11th St,1.113
119097547,,484357570,fill,8.395880644520998,5.962914195439538,107079,S Vinnell St,1.181
119098634,,117956372,fill,0.0,0.3577843608044873,46025,N Redway Rd,1.0
119098635,,119209525,fill,2.613004073146802e-07,0.2739025456009472,103352,N Alamo Rd,1.0
119098640,,119593242,fill,9.313225746154785e-10,0.9234583396078051,103375,S Roosevelt St,1.108
119098642,,119055852,fill,1.5413669973654834e-07,0.022643845410868835,105318,W Spaulding St,1.0
119098643,,119629584,fill,0.0,0.5948099042235526,106175,S Cleveland St,1.0
119098696,,120006982,fill,3.2674647903462853e-06,2.1472575465787145,107142,W Evening Star Dr,1.0
119098698,,117927122,fill,0.0,0.015153857291721806,49280,S Whisperwood Way,1.0
119098703,,119597388,fill,0.0,0.10751599604890316,106946,N Wildwood St,1.0
119098724,,119250367,fill,0.0,0.8771027397100966,106560,N Liberty St,1.038
119098726,,119318883,fill,0.5222154227390307,0.1316023839174818,102723,W Northview St,1.0
119098734,,119578832,fill,1.147414860073571e-05,0.7645728673780923,103016,N Mountain View Dr,1.0
119098751,,119062402,fill,0.0,3.3635413500172433,105574,E Serene Dr,1.0
119098754,,119236860,fill,0.0,0.059325753562973205,52982,W Targee St,1.0
119099448,,117590322,fill,3.5746565759089257e-07,11.40500448436498,41428,W Karcher Rd,1.348
119099476,,118125438,fill,0.0,0.04849383313637645,55878,E 3rd St,1.0
119099532,,119214955,fill,0.0,0.040885791536140914,102324,N 10th St E,1.0
119099545,,118987109,fill,0.0,0.4794843828619264,102280,W Hays St,1.033
119099546,,119075543,fill,8.443331951608827e-07,0.03122644065052782,102280,W Hays St,1.033
119099547,,119252593,fill,0.05883143259116317,0.02658793063039866,102280,W Hays St,1.033
119099569,,119160909,fill,0.0,1.6023360653204008,107186,W Everett St,1.0
119099574,,119084814,fill,0.0,0.022278620737552046,103374,N Allumbaugh St,1.0
119099583,,119038103,fill,0.0,0.22632357201362652,45616,S Linder Rd,1.0
119102081,,117723992,fill,1.856067536600174e-06,0.8718486724210948,43955,W Riverside Dr,1.02
119102086,,119241429,fill,0.0,2.514080032634638,107265,W Martin St,1.0
119102094,,119163204,fill,0.0,0.1949633353925435,107266,S Locust Grove Rd,1.034
119102102,,119340480,fill,2.4563632905483246e-08,0.8556796717120392,102723,W Northview St,1.0
119102123,,119040905,fill,0.0,0.3040411330434267,104704,E Jefferson St,1.0
119102195,,119172149,fill,2.0306690020176432e-07,10.618039123318454,41526,E Island Woods Dr,1.0
119102218,,117823981,fill,0.0,0.25431064570221906,43627,S Black Cat Rd,1.0
119102256,,1058084555,fill,0.0,0.49567583401579896,103835,N Eagle Rd,1.0
119103293,,119555939,fill,0.0,0.666965883744524,107332,W Delwood Dr,1.0
119103324,,119160897,fill,1.4785919145246036e-07,9.033854394507614,102288,W Taft St,1.0
119103327,,118993143,fill,0.0,0.765777426280863,50010,E Braemere Rd,1.0
119103328,,119795385,fill,0.0,0.8703334218992325,50010,E Braemere Rd,1.0
119103378,,119930938,fill,0.0,0.16977076583816597,45068,W Columbia Rd,1.0
119103414,,119025606,fill,0.0,2.093642592548889,104031,E Ironside Dr,1.0
119103417,,120001949,fill,0.0,0.6196460593232587,53446,W Cassia St,1.111
119103436,,119340486,fill,2.0954757928848267e-09,0.055908136100811134,46896,W Malad St,1.0
119103441,,119874259,fill,4.718163371877497e-06,0.8568447153674015,107345,N Houston Rd,1.054
119103453,,119103415,fill,0.08018855604148366,0.06370432248058933,107340,W Mornin Mist St,1.0
119103455,,119880268,fill,2.1111157101507792e-07,5.925937828499002,105321,W Teakwood Dr,1.0
119103457,,119121939,fill,0.0,0.2207848184347938,104033,S Empire Way,1.0
119103470,,119211329,fill,0.0,7.886024855208234,53446,W Cassia St,1.111
119103471,,119299429,fill,0.0,0.019805228969175914,53446,W Cassia St,1.111
119103479,,119578396,fill,4.293184940373938e-09,0.18971078469985514,105987,W Bethel St,1.0
119103481,,119758576,fill,0.0,0.05010744857031568,105987,W Bethel St,1.0
119103484,,119299438,fill,0.0,2.0455428405345515,107356,N Marshall St,1.0
119103486,,119499372,fill,0.0,0.20478429362634643,107358,S Kerr St,1.0
119103487,,119075728,fill,9.385703304198744e-10,0.0007473885549700299,103377,S Gourley St,1.0
119103488,,119131356,fill,9.313225746154785e-10,0.040735633833861584,103377,S Gourley St,1.0
119103641,,119801704,fill,4.3426605531217126e-07,0.10461047640347942,103635,17th Ave S,1.0
119106190,,119111295,fill,0.0,8.807010581438703,102288,W Taft St,1.0
119106199,,119590314,fill,4.970554719025678e-07,0.05741830140533466,51360,Main St,1.0
119106245,,119250360,fill,0.0,8.6506038764893,107448,N Dalton Ln,1.0
119106248,,119621968,fill,0.0,0.2739816580814818,107449,N Avenue E,1.0
119106326,,119250353,fill,0.0,0.08063220161511708,107453,N Mercer St,1.0
119106333,,119196294,fill,0.0,3.627302078257344e-06,44723,S Entertainment Ave,1.554
119106340,,1058082515,fill,5.868471432051041e-07,0.9365413891497383,107455,W Island Woods Dr,1.0
119106959,,484396961,fill,2.0954757928848267e-09,0.586933407760398,104030,W Garfield St,1.0
119106960,,119092303,fill,0.0,1.1915340063048347,105501,S Euclid Ave,1.0
119106962,,119131240,fill,0.0,0.13975202819969468,105501,S Euclid Ave,1.0
119106966,,383848611,fill,1.1909287422895432e-07,0.09527377576046092,104544,W Irving St,1.054
119106981,,119485831,fill,0.0,0.020503124116373783,102276,N 16th St,1.0
119106993,,484359637,fill,6.23205828208443e-07,24.66457152580432,102837,S Capitola Way,1.0
119106996,,119616357,fill,1.4319084584712982e-08,0.0691154797580964,105910,E McKinley St,1.0
119106999,,119786799,fill,10.958758406404682,88.22262918869473,107498,E Starcrest Dr,1.0
119107053,,119107096,fill,0.0,0.29344909164444744,106158,W Emerald St,1.189
119107077,,448695146,fill,0.0,0.22160224069000378,102305,N Esquire Dr,1.0
119107088,,117838184,fill,4.719926996714207,20.652430319424354,44396,E Parkriver Dr,1.0
119107089,,117715454,fill,0.04108997390214339,0.12160078182256484,43784,S Ridge Point Way,1.0
119107091,,484357583,fill,0.0,0.04315535631957346,107507,W Cory Ln,1.0
119107096,,119075595,fill,0.0,2.001282762323342,106158,W Emerald St,1.189
119107098,,1030192880,fill,1.979060471057892e-09,0.036831186131109916,107510,W Clark St,1.0
119107104,,119325028,fill,0.0,0.24604179727225528,104028,W Wright St,1.0
119107105,,383866709,fill,0.0,3.1981632823372195,106178,S Owyhee St,1.029
119107110,,119209538,fill,1.979060471057892e-09,0.11652659705680435,106639,W Williams St,1.0
119107119,,119824055,fill,3.6903657019138336e-08,0.147490517469123,45865,W Shoup Ave,1.0
119107171,,384123712,fill,0.0,0.051383092780497464,105604,W 7th St,1.0
119107200,,118132512,fill,9.313225746154785e-10,0.3122377925700448,47688,S Kit Ave,1.0
119107234,,119555404,fill,9.313225746154785e-10,0.3043811032555368,105141,S Sub Station Rd,1.044
119107282,,118994052,fill,1.862645149230957e-09,0.17897169704775706,102324,N 10th St E,1.0
119107364,,384145671,fill,5.589147975741794e-09,0.4120758899519501,103804,S 10th St E,1.0
119110894,,119110941,fill,0.0,19.87128402661847,104534,W Executive Dr,1.0
119110941,,119036651,fill,1.722474744374089e-07,9.973131046448998,104534,W Executive Dr,1.0
119110946,,119485790,fill,0.0,0.26223304452588536,106677,W Broad St,1.0
119111000,,117965187,fill,1.0186340659856796e-08,0.06831250279901724,45773,E Main St,1.0
119111275,,450148798,fill,0.0,1.037789982410601,45459,S Mitchell St,1.0
119111277,,119093932,fill,0.0,2.567190547291375,106936,W Woodlark St,1.0
119111295,,119779816,fill,2.8114917239742205e-07,0.28177441239256495,102288,W Taft St,1.0
119111302,,117924946,fill,3.640899566068552e-07,1.9971347566383315,49218,E Braemere Rd,1.0
119111434,,119089176,fill,9.313225746154785e-10,0.6726129188022014,106560,N Liberty St,1.038
119111436,,119196167,fill,1.7873634517387906e-07,1.5694865633660129,103620,W Kootenai St,1.024
119111438,,119036691,fill,0.0,28.739417175679563,49959,S Garden St,1.0
119111444,,119070100,fill,0.0,0.374429622495029,105894,S Grant Ave,1.0
119111963,,119144110,fill,0.014743560002725331,9.487622541845894,107736,E Central Dr,1.817
119114130,,118993137,fill,2.4633658151367043e-07,0.01660374436693246,102326,W Bella St,1.0
119114131,,384183024,fill,1.9452160759088976e-08,0.6201351234350909,107807,N Lakeharbor Ln,1.0
119114140,,119174699,fill,0.0,3.2119801601944573,102723,W Northview St,1.059
119114142,,119210575,fill,9.313225746154785e-10,0.6485194042660396,105508,N Ash Park Ln,1.0
119114144,,118987138,fill,0.0,0.12283691177898959,44561,N Redway Rd,1.0
119114147,,119843789,fill,2.0954757928848267e-09,8.743364976260693,55488,N Middlefield Rd,1.0
119115983,,119223615,fill,0.0,0.42273916683024026,107903,S Oakhurst Way,1.0
119115988,,119015454,fill,6.170012056827545e-09,83.00428546333734,103630,W Donnybrook Dr,1.0
119116010,,119036682,fill,9.127314702287047e-07,0.08329433288588461,104537,N Fry St,1.0
119116039,,118010298,fill,8.540215659940378,0.252692481003578,49031,E Bergeson St,1.0
119116043,,119542676,fill,1.862645149230957e-09,0.023520532400027605,103272,S Phillippi St,1.0
119116071,,119478897,fill,0.0,19.959883153396277,107912,E Hard Rock Dr,1.0
119116585,,119221506,fill,0.0,0.39219528227937417,104339,Gunfighter Ave,1.0
119117781,,1187544785,fill,0.0020300256101054813,0.023911297900042428,103845,W Amity Rd,1.0
119117790,,119015406,fill,1.4435499906539917e-08,0.17875633820557368,103620,W Kootenai St,1.245
119117911,,119572298,fill,0.0,1.5951976950832716,104706,N Garrett St,1.107
119117937,,119534336,fill,0.0,0.2495695348634399,43800,W Pine Ave,1.121
119117938,,119252439,fill,0.0,0.4649035202409664,43627,S Black Cat Rd,1.0
119117972,,119025652,fill,1.3512178113767573e-06,1.8173638943325159,104037,W Hill Rd,1.0
119118245,,119055273,fill,4.320012444457139e-08,0.01443645821126438,105287,W Iowa Ave,1.058
119118258,,119556081,fill,0.0,1.079554982104412,107713,S Powerline Rd,1.0
119118260,,1058117205,fill,0.0,0.503793770902405,106066,N Kings Rd,1.047
119118270,,119613879,fill,6.157269762313512e-07,1.508297583092883,105906,W Smith Ave,1.0
119118275,,118999344,fill,0.019976875824741096,0.04376766009380617,102301,N 9th St,1.0
119118276,,119004052,fill,0.0,2.0259850979487055,102273,N 13th St,1.019
119118279,,1058121665,fill,0.0,0.057717429210867977,103807,W Jefferson St,1.067
119118280,,1058066359,fill,2.0954757928848267e-09,0.036642176407127636,103351,N 6th St,2.13
119118282,,119252592,fill,0.0,0.02951713871073025,107991,S 17th St,1.0
119118297,,118002232,fill,0.0,0.02967038829945068,45068,W Columbia Rd,1.0
119118336,,119174710,fill,2.072514807680204e-07,0.7035702381780311,107994,7th Ave S,1.0
119118375,,119201555,fill,3.725290298461914e-09,0.3431009142813082,103804,S 10th St E,1.0
119119207,,119238171,fill,8.187532938873428e-06,2.2453469097553693,104600,Albany St,1.0
119119612,,119616554,fill,6.787652218762433e-08,0.02948821042207328,108044,W Highlander Rd,1.0
119119660,,384159305,fill,0.0,0.06780738226990479,102608,Mill Rd,1.0
119119667,,119238329,fill,0.0,3.4413216470096586,108050,N Riverside Dr,1.0
119119668,,119060833,fill,0.0,1.5468645874564686,105504,W Diamond St,1.0
119119722,,474859316,fill,1.1986122856518955,0.9084704083435895,50760,N Pierce Park Ln,1.0
119119790,,119736696,fill,0.0,0.5607964767900739,108057,N Stewart Rd,1.0
119119808,,117897705,fill,0.0,0.6227722232549127,46519,W Linden St,1.0
119121897,,119485795,fill,0.0,0.10247678155104722,44610,W Dewey St,1.0
119121902,,120047024,fill,6.968423181798665e-07,10.036465463204024,43955,W Riverside Dr,1.02
119121903,,119139405,fill,5.137508791266987e-07,0.2720092734458035,43955,W Riverside Dr,1.02
119121909,,119227803,fill,0.0,0.947658966094707,42046,S Mitchell St,1.0
119121938,,119223614,fill,2.0954757928848267e-09,0.008852822796086457,108134,S Ashbury Way,1.0
119121939,,119140380,fill,0.0,0.0755714887020531,104033,S Empire Way,1.0
119121978,,119880261,fill,0.0,0.0772344327515384,103616,N Phillippi St,1.0
119122461,,474889014,fill,0.0,0.9391840568492285,108151,Riverside Rd,1.0
119122979,,120101668,fill,0.0,0.4111501255990788,56053,7th Ave N,1.0
119122989,,119069289,fill,4.470348358154297e-08,0.0813892914654275,48548,E Main St,1.0
119123000,,119688750,fill,1.862645149230957e-09,1.749825843958206,104330,Sunnyridge Rd,1.0
119123011,,118999343,fill,2.0954757928848267e-09,0.17329142265305109,102326,W Bella St,1.0
119123018,,440884696,fill,0.4000630808593708,2.620328181911816,102287,S 6th St,2.13
119124338,,119075359,fill,6.847754665581855e-09,5.688304583895814,45217,N Willow Creek Rd,1.0
119124382,,119021784,fill,3.776269722769337e-07,0.20355722361563267,41526,E Island Woods Dr,1.0
119124408,,384174781,fill,0.0,0.14488653929009843,42576,W Deer Flat Rd,1.0
119124664,,119950812,fill,9.313225746154785e-10,0.08562704670515586,102324,N 10th St E,1.0
119126548,,119040909,fill,0.0,0.04574678288028622,50617,S Scyene Way,1.0
119126557,,119089014,fill,1.189944552181348e-08,4.179713323537726e-05,104794,E 50th St,1.0
119126565,,119299394,fill,3.811335229579307e-08,0.09144394996047822,106940,Adams St,1.116
119126586,,119203321,fill,4.3895278189900427e-07,0.3129576226855306,105226,E Shaw Mountain Rd,1.0
119126595,,119218237,fill,0.0,0.01636068880674202,108305,N Shamrock Ave,1.0
119126615,,119626789,fill,1.3352837413549423e-07,0.06550467889161382,105987,W Bethel St,1.0
119126625,,119252604,fill,0.0,84.7982777693174,108311,E Iowa Dr,1.0
119126691,,119597523,fill,0.0,0.13306522715163283,104600,Albany St,1.0
119126736,,119344464,fill,0.04845172346387906,0.9874412409517959,103272,S Phillippi St,1.0
119126740,,119020364,fill,0.0,1.075287103807625,103272,S Phillippi St,1.0
119127420,,119201471,fill,0.0,0.11430220406225544,45176,W Victory Rd,1.0
119127421,,119638472,fill,7.592564093312236e-08,0.2340489284044338,103620,W Kootenai St,1.024
119127423,,1030197877,fill,0.0,0.44190679095689234,108342,S Gekeler Ln,1.0
119127498,,119601039,fill,0.0,0.7964306156874557,103375,S Roosevelt St,1.108
119127500,,119008252,fill,1.4435499906539917e-08,0.02174856416888815,102278,W Brumback St,1.0
119127520,,119713477,fill,2.4434051456810387e-06,0.11680878383032223,46303,N 3rd St E,1.0
119127542,,119196193,fill,0.0,0.21248134772918092,102551,W Resseguie St,1.0
119127549,,119218263,fill,0.006118830956942905,7.98003410108052,108351,E Parkriver Dr,1.0
119127559,,119572365,fill,0.0,0.6448058787202342,108352,S Curtis Rd,1.029
119127997,,119790261,fill,1.862645149230957e-09,0.6457567755558671,108366,Batt Corner Rd,1.0
119128053,,119054050,fill,6.657719279025005e-07,1.113589458329784,47185,6th St N,1.021
119128066,,119252547,fill,1.7031816215027046e-07,0.24906800513332428,102290,W Breneman St,1.0
119128068,,119174756,fill,2.1866619625017692e-06,2.5693747393517583,105137,W Highland View Dr,1.0
119128069,,119087880,fill,6.380379164337687e-07,0.9230741354552379,44146,E Curling Dr,1.0
119128071,,119127500,fill,1.8533450859744492e-08,0.10460046033801973,102278,W Brumback St,1.0
119128074,,119010061,fill,0.0,0.182200477989511,103344,N 6th St,1.0
119128075,,119250348,fill,0.0,0.07030895644072643,102280,W Hays St,1.033
119128086,,119017548,fill,1.1899103840639144e-07,0.13839993117574068,102288,W Taft St,1.0
119128103,,119015395,fill,0.0,0.23514505754104675,102319,N McKinney St,1.0
119128104,,119055821,fill,0.0,0.007964713484511776,105312,W Pomona Rd,1.0
119128579,,119962417,fill,0.05575063866925817,0.406692967019751,104779,Hatch Ln,1.0
119129027,,119080595,fill,0.0,0.13255717848272752,103507,N Eldorado St,1.0
119131239,,119573038,fill,0.0,0.13757230678135102,105576,S Vermont Ave,1.0
119131240,,119281632,fill,0.0,0.01324928847233764,105501,S Euclid Ave,1.0
119131245,,119060815,fill,0.0,0.8951770712837686,105501,S Euclid Ave,1.0
119131251,,119707537,fill,5.407552725709149e-07,0.5483648786417348,106940,Adams St,1.0
119131252,,119210526,fill,1.979060471057892e-09,0.15120072433711584,103266,W Bannock St,1.0
119131253,,119063376,fill,0.0,0.030220146899068823,103807,W Jefferson St,1.067
119131254,,119010093,fill,0.0,0.022903482781430284,102301,N 9th St,1.0
119131256,,119106192,fill,0.0,1.154912032151401,102835,W Lemp St,1.0
119131258,,119043140,fill,0.0,6.448959425142675e-06,104825,N 20th St,1.0
119131275,,119504126,fill,0.0,0.9529514980173701,103280,E Shenandoah Dr,1.0
119131278,,119209369,fill,1.789571224116393e-07,4.429011784973142,108485,E Table Rock Rd,1.0
119131321,,428958562,fill,0.42504396374825015,0.08975537293449065,107517,Greenhurst Rd,1.0
119131354,,119166301,fill,1.0244548320770264e-08,1.0914164299111349,53446,W Cassia St,1.111
119131356,,119694708,fill,0.0,0.11221524165190999,103377,S Gourley St,1.0
119131357,,119084828,fill,9.313225746154785e-10,0.08234983463503909,103708,S Pacific St,1.0
119131358,,448719232,fill,0.0,0.7174330757180201,108491,W Airport Way,1.182
119131366,,119166321,fill,9.313225746154785e-10,0.25276184495677967,105687,S Manitou Ave,1.0
119131394,,119785195,fill,0.0,1.4366761969257595,108495,11th Ave N,1.0
119132338,,119201476,fill,9.313225746154785e-10,0.436142609231581,105556,N Roosevelt St,1.158
119132357,,119638404,fill,0.0,0.8077026614216152,103374,N Allumbaugh St,1.0
119132359,,119261636,fill,0.030177022387071352,0.3638025432011318,104029,W University Dr,1.0
119132737,,119015220,fill,0.0,0.01786082452252913,102324,N 10th St E,1.0
119132743,,119192337,fill,4.681060090661049e-07,0.007823211709535371,104874,SW Old Grandview Hwy,1.0
119132748,,119478889,fill,9.313225746154785e-10,0.0039025878627398924,102558,N 31st St,1.0
119132762,,119485762,fill,0.0,0.005427471957830221,104255,N Raymond St,1.0
119132799,,119496476,fill,0.0,0.3586846776405537,108543,Rodeo Ln,1.0
119132826,,119160921,fill,0.0,0.5688956440199036,103343,N 19th St,1.0
119133036,,1058068421,fill,0.0,3.09773562779111,106342,S Greenhurst Rd,1.0
119133047,,384127619,fill,5.3087429087862415e-08,0.02398714015112091,44141,S Cloverdale Rd,1.0
119133425,,119722499,fill,0.0,0.2878324109573782,104339,Gunfighter Ave,1.0
119134078,,119233855,fill,0.0,0.35099100183683163,103017,N Meridian Rd,1.106
119134866,,484380815,fill,5.587935447692871e-09,1.2132695896688688,46101,S Black Cat Rd,1.0
119135742,,119948617,fill,0.0,6.678932188243493,108681,S Ozark Pl,1.0
119135769,,383803324,fill,0.0,0.8192040413104564,43688,Lone Star Rd,1.131
119135845,,119223623,fill,0.0,10.602678540941042,108686,S Solar Way,1.0
119135850,,119529268,fill,1.979060471057892e-09,0.022702093856423744,104532,W Desert Ave,1.0
119135876,,384121093,fill,0.0,2.4913861957517724,104534,W Executive Dr,1.448
119135882,,119475335,fill,1.862645149230957e-09,0.09452857289096528,104099,S Robinson Rd,1.0
119137429,,119340367,fill,0.0,0.054320748580892086,103620,W Kootenai St,1.245
119137448,,119263676,fill,9.779330510346881e-08,0.14399527431629622,108732,S Yorktown Way,1.0
119137510,,119627388,fill,1.676542314458144e-08,0.1857080708743979,103804,S 10th St E,1.0
119137535,,119081077,fill,9.556647432222417e-07,21.668302139651132,106251,N Lancaster Dr,1.0
119137806,,448738525,fill,0.0,0.3344274846809867,44204,S Swan Falls Rd,1.0
119139403,,119098698,fill,0.0,10.867315812497253,49280,S Whisperwood Way,1.0
119139405,,119267345,fill,6.696865189234162e-06,1.7704734219353213,43955,W Riverside Dr,1.02
119140363,,119242581,fill,5.133915692567825e-08,0.15783130653994704,102723,W Northview St,1.0
119140365,,119584075,fill,0.0,0.09205891508588593,107510,W Clark St,1.0
119140366,,119652813,fill,0.0,0.33479357209409955,103272,S Phillippi St,1.0
119140380,,119485890,fill,0.0,1.6916147328875866,104033,S Empire Way,1.0
119140399,,119629617,fill,0.0,0.33105150951479345,103374,N Allumbaugh St,1.0
119140400,,119516933,fill,0.0,0.027219743105604266,104255,N Raymond St,1.0
119140406,,119209396,fill,0.0,1.1479464767492118,103620,W Kootenai St,1.024
119140414,,119485817,fill,0.0,0.14393611104233628,105556,N Roosevelt St,1.158
119140659,,120001818,fill,2.468004822731018e-08,0.07280265389113083,102723,W Northview St,1.0
119140726,,484432490,fill,0.0,0.016083505679887367,106572,N Black Cat Rd,1.0
119140761,,119318875,fill,0.0,0.11928112119966272,105504,W Diamond St,1.0
119142642,,119597524,fill,0.0,0.6382896789843926,53020,S Kit Ave,1.0
119144018,,119294117,fill,1.0244548320770264e-08,0.01246248245257675,103544,Homedale Rd,1.0
119144223,,118021358,fill,0.0,0.013005549223237267,52347,W Camas St,1.0
119144239,,119880259,fill,1.871681795758089e-08,1.2708742703532039,55488,N Middlefield Rd,1.0
119144250,,118040242,fill,0.0,0.16509531479550787,52982,W Targee St,1.0
119144251,,119075647,fill,0.04466483831798563,0.04841759303272397,53665,S Roosevelt St,1.0
119144700,,119572372,fill,5.774199962615967e-08,0.043949515493864055,104800,Base Line Rd,1.0
119147348,,119937557,fill,3.4727539311670387e-07,9.518323531826866,47197,W Shoup Ave,1.0
119147627,,119123011,fill,1.0244548320770264e-08,0.021272455166922555,102326,W Bella St,1.0
119147661,,119810536,fill,1.862645149230957e-09,0.04157459777468375,109100,S Curtis Rd,1.0
119147677,,119909670,fill,0.0999394007060845,4.597487432881934,47150,E Lake Forest Dr,1.029
119147707,,119528092,fill,0.001858084361422393,0.28060426775522274,52982,W Targee St,1.0
119147757,,118988021,fill,9.572284790068732e-09,0.32735471896251056,102275,N 26th St,1.035
119151816,,119114142,fill,9.313225746154785e-10,1.029047546703623,105508,N Ash Park Ln,1.0
119153516,,119707541,fill,6.362211834955307e-08,0.10594680505161591,106866,N 17th St,1.065
119153904,,119982907,fill,1.8417183543150405e-08,0.0359912585067832,44498,Orchard Ave,1.0
119154144,,484427844,fill,9.313225746154785e-10,0.17367442171394032,108366,Batt Corner Rd,1.0
119158411,,440886788,fill,2.0372681319713593e-09,0.5968501889016125,40700,6th Ave S,1.0
119158482,,119281764,fill,0.0,0.01846157267095805,52347,W Camas St,1.0
119158499,,119070129,fill,1.4995450329132954e-07,0.04772131083240083,105906,W Smith Ave,1.0
119158503,,118098654,fill,0.0021391418689901986,0.7219541347765244,42386,Melba Rd,1.0
119160836,,119210517,fill,0.0,0.6760783562667143,105137,W Highland View Dr,1.03
119160837,,119128069,fill,4.967334150899924e-08,1.0446943145697674,44146,E Curling Dr,1.0
119160840,,119196200,fill,0.0,0.479304378313941,102273,N 13th St,1.0
119160841,,119065046,fill,0.0,0.03068936915406084,104825,N 20th St,1.0
119160845,,119170798,fill,0.0,0.07792779345885492,103350,W Idaho St,1.0
119160846,,119242566,fill,4.0524481203019215e-07,0.06137582781815354,103807,W Jefferson St,1.593
119160847,,1030190748,fill,3.359238698194336e-07,0.19051102633494565,109580,W Fulton St,1.0
119160868,,119107077,fill,0.0399542858722236,4.674554622669632,102305,N Esquire Dr,1.0
119160872,,119174700,fill,3.9419988257485317e-07,0.04663062769361659,102723,W Northview St,1.0
119160915,,119185943,fill,0.0033555524643688424,1.283709187994532,103375,S Roosevelt St,1.08
119160921,,119160834,fill,7.451490036121224e-09,0.06288881823394377,103343,N 19th St,1.0
119160925,,119170794,fill,0.0,7.055962498725421e-06,104825,N 20th St,1.0
119160927,,119170796,fill,0.0,0.09231740220894835,102274,N 14th St,1.0
119160929,,119131252,fill,0.0,0.06162564854162156,103266,W Bannock St,1.0
119160931,,119092341,fill,0.0,0.050568329594398165,103807,W Jefferson St,1.593
119160935,,118993151,fill,7.830708359277458e-07,0.9150202359759874,102557,S 13th St,1.153
119160949,,770992280,fill,0.08002254033959803,0.02337770894359892,103016,N Mountain View Dr,1.0
119160955,,119262819,fill,1.396316739851653e-07,0.3257861710646921,109597,W Newman St,1.0
119160981,,118988735,fill,0.0,0.03893765110194636,102351,E Commercial St,1.0
119163204,,1030151914,fill,9.313225746154785e-10,1.4032374031409915,107266,S Locust Grove Rd,1.034
119163305,,119042729,fill,0.0,18.600180238521006,104794,E 50th St,1.0
119163309,,119327049,fill,0.009991323035209155,9.331663920122821,41527,S Swan Falls Rd,1.0
119164420,,119084834,fill,8.42846930027008e-08,0.04856665879077582,103814,W Morris Hill Rd,1.0
119165564,,119880094,fill,5.758172960490139e-07,0.04533713998392841,45068,W Columbia Rd,1.0
119165852,,1058066268,fill,0.0,0.21625900387999764,103343,N 19th St,1.0
119166301,,119209395,fill,2.669549542725347e-07,0.05010660359215535,53446,W Cassia St,1.111
119166304,,119127498,fill,0.0,0.7655182947443961,103375,S Roosevelt St,1.108
119166318,,119299386,fill,1.862645149230957e-09,0.07408009189046538,105501,S Euclid Ave,1.0
119166321,,119084839,fill,0.0,0.10089044811991243,105687,S Manitou Ave,1.0
119166726,,117807907,fill,0.0,0.34226421416070707,45940,Stewart Ln,1.0
119168368,,119307954,fill,2.6775524020195007e-08,0.6273923648837183,43800,W Pine Ave,1.121
119170122,,119617755,fill,0.008645274202487136,0.022507230364595898,46107,Orchard Ave,1.0
119170703,,119258024,fill,0.0038642840116111478,0.9890128504393942,105604,W 7th St,1.0
119170704,,119032883,fill,3.1490482272564885e-07,0.3266341330032674,104331,E Commercial St,1.16
119170792,,1030211522,fill,1.979060471057892e-09,0.01543436995416414,43688,Lone Star Rd,1.0
119170794,,119160841,fill,0.0,0.11042136570353023,104825,N 20th St,1.0
119170795,,119060793,fill,0.0,0.08444509456893456,103343,N 19th St,1.0
119170796,,119188340,fill,9.313225746154785e-10,0.1245418270542018,102274,N 14th St,1.0
119170798,,119010097,fill,1.979060471057892e-09,0.627475145559913,103350,W Idaho St,1.0
119172046,,119275239,fill,1.370651376423687e-07,0.1805817544388617,104339,Gunfighter Ave,1.0
119172062,,119078681,fill,0.00012041470523025301,0.18761364124253532,53469,Old Oregon Trail Rd,1.0
119172149,,119124382,fill,2.062516822710575e-07,9.291530908746665,41526,E Island Woods Dr,1.0
119174248,,119694726,fill,2.485484569610315e-07,0.42921094777446456,105520,E Windsong Dr,1.0
119174697,,119160868,fill,0.0,6.131959060455017,102305,N Esquire Dr,1.0
119174699,,119578409,fill,0.0,0.027947531103791334,102723,W Northview St,1.059
119174700,,119933067,fill,4.5789555824272764e-07,0.01962881038616615,102723,W Northview St,1.0
119174706,,119118336,fill,8.122586577019303e-08,0.6483946062321309,107994,7th Ave S,1.0
119174756,,119344422,fill,0.0,1.8754691224316957,105137,W Highland View Dr,1.03
119174757,,119084251,fill,1.3039035745517502e-08,0.1818092259650257,103013,N 25th St,1.0
119177043,,119021725,fill,1.0323151227267974e-07,4.066349106665427,47150,E Lake Forest Dr,1.029
119178607,,117780046,fill,1.4319084584712982e-08,0.12116531622544358,44501,W Camas St,1.0
119178627,,484355361,fill,0.0,0.12721302534220058,50760,N Pierce Park Ln,1.0
119178690,,119599404,fill,1.862645149230957e-09,0.6011974349074194,108366,Batt Corner Rd,1.0
119179427,,118134750,fill,1.4439724038087383e-08,0.28725561466828253,42919,W Bella St,1.0
119182697,,119055820,fill,7.418241541481412e-08,14.024644858203942,105312,W Pomona Rd,1.0
119183895,,119207032,fill,0.0,1.8429349277024016,110360,Notus Rd,1.0
119184038,,119667043,fill,1.0675691251379243e-07,0.02375578773427378,102290,W Breneman St,1.0
119184039,,119114117,fill,9.313225746154785e-10,0.2458202382372292,102274,N 14th St,1.0
119184044,,119228398,fill,0.0,0.5716985630193676,102299,E Crestline Dr,1.0
119184048,,119084255,fill,0.0,0.28366939109309897,103266,W Bannock St,1.0
119184601,,119330616,fill,7.361867847102758e-07,8.767636126990055,47150,E Lake Forest Dr,1.029
119184865,,119131275,fill,3.347922562201282,0.567080302929071,103280,E Shenandoah Dr,1.0
119185922,,119535785,fill,0.0,0.07676248880736125,45216,S Eisenman Rd,1.23
119185943,,119336361,fill,0.0,0.008010524637995786,103375,S Roosevelt St,1.108
119188062,,119211560,fill,9.429152685873327e-07,0.20044525493312904,104874,SW Old Grandview Hwy,1.0
119188314,,119553298,fill,3.725290298461914e-09,2.1111125797474983,108366,Batt Corner Rd,1.0
119188338,,119736850,fill,9.313225746154785e-10,0.03116433283372544,102276,N 16th St,1.0
119188340,,119205273,fill,0.0,0.0005181817145398782,102274,N 14th St,1.0
119188343,,119058469,fill,5.428568288313781e-07,0.1456718990886543,102280,W Hays St,1.033
119188378,,119952605,fill,0.0,0.11000840560333813,102839,S Linder Rd,1.181
119189946,,119264513,fill,0.039953486018973396,4.042923345593323,53112,Smeed Pkwy,1.0
119189948,384124960,119144700,override,2.6891939342021942e-08,0.08804252455763617,104800,Base Line Rd,1.0
119192254,,117862143,fill,0.38088103194648343,0.053615596909054375,44406,Lowell Rd,1.0
119192273,,1058068424,fill,0.0,0.7365365380978233,43321,S Johns Ave,1.0
119192334,,118987998,fill,0.0,0.0433549318850055,102324,N 10th St E,1.0
119192337,,119188062,fill,5.535226350931097e-07,0.18504577452733884,104874,SW Old Grandview Hwy,1.0
119192374,,119069379,fill,0.0,0.34967616169711846,105854,N Linder Rd,1.031
119192432,,119038145,fill,4.546254166280916e-06,0.30974128532551504,104339,Gunfighter Ave,1.0
119192684,,119048577,fill,0.0,1.4870465528638306,103374,N Allumbaugh St,1.0
119192759,,119447970,fill,0.0,0.011270677954712482,44300,Farmway Rd,1.0
119194053,,117813924,fill,1.8530318847748102e-06,0.8721505476127049,41529,W Riverside Dr,1.104
119195714,,474866628,fill,2.667660338360376e-07,1.0797716512802822,110749,Skyway Dr,1.0
119196170,,119089107,fill,2.0954757928848267e-09,0.1495423480337763,103814,W Morris Hill Rd,1.0
119196185,,119089044,fill,0.0,0.0050629975088440915,106718,W Fenton St,1.0
119196193,,119865012,fill,0.0,0.00035108282924056766,102551,W Resseguie St,1.0
119196196,,119478888,fill,0.0,0.2438285197150094,103343,N 19th St,1.0
119196199,,119736670,fill,0.0,0.2696855201162407,106384,N 24th St,1.0
119196200,,119588166,fill,0.0,0.641414951396996,102273,N 13th St,1.0
119196208,,119485798,fill,5.300699489109393e-07,1.0790996754983269,106386,S Granite Way,1.0
119196211,,119025664,fill,1.200077049200291,11.290984681935754,103280,E Shenandoah Dr,1.0
119196214,,119126586,fill,5.480649502326829e-07,24.327295119265443,105226,E Shaw Mountain Rd,1.0
119196284,,119223973,fill,0.0,0.4799357510032394,110783,S Wilde Creek Way,1.0
119196286,,119563100,fill,5.133915692567825e-08,1.229384983674322,44660,W K-Bar-T Dr,1.0
119196294,,119087891,fill,0.0,0.025965528634628754,44723,S Entertainment Ave,1.554
119196299,,118054416,fill,0.026894174974895598,0.9598128439056381,53446,W Cassia St,1.111
119196586,,119053278,fill,1.777881515982858e-07,1.0557657216468783,105206,W Black Canyon Hwy,1.0
119196802,,119555238,fill,0.0,0.31458877811928687,102353,N Star Rd,1.0625
119196832,,384121465,fill,0.0,59.141136398170545,110817,N Mountain Rd,1.0
119196842,,119299396,fill,0.0,0.10986559051389122,103807,W Jefferson St,1.067
119196844,,119555110,fill,0.0,0.11693973369858668,103266,W Bannock St,1.0
119196860,,448695724,fill,2.0382191894672926e-07,35.347148972987156,103016,N Mountain View Dr,1.0
119196865,,119084135,fill,1.8510036170482635e-08,0.05650290780215528,106513,W Settlers Dr,1.0
119196866,,119084136,fill,4.9252487178275815e-08,0.10615519589356381,105312,W Pomona Rd,1.0
119197210,,119119667,fill,9.395203470120395e-07,0.8843134368071901,108050,N Riverside Dr,1.0
119197935,,119066959,fill,0.0,0.013600443240306959,46391,S Linder Rd,1.0
119198456,,119638536,fill,1.7241360699579432e-07,0.8449575083811851,102723,W Northview St,1.0
119198472,,384185724,fill,0.25971144971494414,9.42742271361223,41707,N Bogus Basin Rd,1.0
119198535,,119533924,fill,0.0,1.2409888675366005,110869,N Ten Mile Rd,1.0
119199067,,119798840,fill,0.0,3.9232083741781594,47067,N Milwaukee St,1.142
119200808,,118197181,fill,0.0,0.3813998258548281,58510,N Weaver Cir,1.0
119200818,,119713445,fill,4.0745362639427185e-09,0.36717216346414716,55051,W Malad St,1.0
119200829,,119218262,fill,0.0,18.65753952750657,49031,E Bergeson St,1.0
119200830,,119736789,fill,0.0,0.0021480127530821846,110943,W Marvin St,1.0
119200983,,119209482,fill,5.419283280938736e-07,0.0721206370480445,110953,W Ellis Ave,1.0
119200984,,119340380,fill,0.0,0.0842697400461816,102835,W Lemp St,1.0
119201458,,119205137,fill,0.0,0.5825256904428784,107508,W King St,1.0
119201460,,119129027,fill,0.4605138871473266,0.28490914314204474,103507,N Eldorado St,1.0
119201471,,117870788,fill,0.0,0.2990852633449492,45176,W Victory Rd,1.0
119201476,,119485786,fill,0.0,0.26036518814913734,105556,N Roosevelt St,1.158
119201489,,119131254,fill,0.0,0.009627673085560673,102301,N 9th St,1.0
119201493,,119336368,fill,6.405817267663978e-07,0.07398087129513442,103266,W Bannock St,1.0
119201498,,119783056,fill,0.0,0.8727938150366299,103503,N Arthur St,1.0
119201499,,119340378,fill,0.0,0.039148219929472816,102558,N 31st St,1.0
119201555,,119137510,fill,9.313225746154785e-10,0.12081333964209762,103804,S 10th St E,1.0
119201653,,119195714,fill,0.0,1.0086976794857492,110749,Skyway Dr,1.0
119203321,,119281658,fill,2.5600322192210087e-07,2.325115123952969,105226,E Shaw Mountain Rd,1.0
119203348,,119102125,fill,7.886344757299156e-07,9.107719094822357,107271,E Lewis Ln,1.0
119204800,,119818999,fill,1.0244548320770264e-08,0.10319939487328611,102278,W Brumback St,1.0
119205110,,117750552,fill,2.260376680519851e-08,2.770062779414218,44263,W Spectrum St,1.554
119205137,,119107092,fill,2.0954757928848267e-09,0.370448092929621,107508,W King St,1.0
119205145,,383844961,fill,0.0,0.12904151193120583,49589,W Gowen Rd,1.0
119205201,,119869698,fill,0.0,0.16946858433334455,102835,W Lemp St,1.0
119205202,,119081068,fill,0.0,0.18595270080561477,102301,N 9th St,1.0
119205207,,119573042,fill,0.0,0.006134400878522683,105994,W Hackamore Dr,1.077
119205208,,119144181,fill,0.0,4.036899671120295,108978,S Jo Linda Ave,1.0
119205235,,119055823,fill,6.647823434833122e-07,0.11525224411013824,48436,Alworth St,1.0
119205258,,119137441,fill,0.0,1.013756416464446,105576,S Vermont Ave,1.0
119205259,,119065088,fill,0.0,0.015081384495800876,105687,S Manitou Ave,1.0
119205272,,119694723,fill,9.313225746154785e-10,0.13135307122854556,103343,N 19th St,1.0
119205273,,118993127,fill,0.0,0.10946110496740857,102274,N 14th St,1.0
119205274,,119118275,fill,0.0,0.00744203691021994,102301,N 9th St,1.0
119205281,,1058066368,fill,5.413084277349844e-06,0.2728692197167675,106527,S Walnut St,1.0
119205728,,119926145,fill,0.0,0.05100295832602342,102323,S Montana Ave,1.0
119205796,,119184038,fill,8.417343006853576e-08,0.0815073605873522,102290,W Breneman St,1.0
119205798,,119008235,fill,9.313225746154785e-10,0.6252791150607777,102273,N 13th St,1.0
119205802,,119069323,fill,0.0,0.15626785263521015,102276,N 16th St,1.0
119205804,,119063368,fill,0.0,0.020217594416180873,103807,W Jefferson St,1.067
119205874,,119807257,fill,1.862645149230957e-09,0.3023578453295954,102562,Wamstad Rd,1.0
119205875,,117661649,fill,6.111804395914078e-09,0.1819569490766071,42744,7th Ave N,1.0
119205886,,383864268,fill,0.0,0.22398485526048262,44425,E Commercial St,1.232
119206016,,119466637,fill,3.94768750617188e-07,1.7507168555154067,47150,E Lake Forest Dr,1.029
119206203,,119478895,fill,0.0,0.19769130902295728,104043,N Locust St,1.0
119206430,,119538823,fill,0.002244449902439204,0.3133131382305123,111165,S Saturn Rd,1.0
119206506,,119281725,fill,0.0,0.35469194364515033,47067,N Milwaukee St,1.142
119208143,,119050813,fill,9.313225746154785e-10,0.19225783305773803,103374,N Allumbaugh St,1.0
119209369,,119553464,fill,1.058021904568564e-06,0.0944257982405361,108485,E Table Rock Rd,1.0
119209395,,119103471,fill,0.003956232094724314,0.6234310511939611,53446,W Cassia St,1.111
119209396,,119299428,fill,0.0,0.29560841156632023,103620,W Kootenai St,1.024
119209431,,119097434,fill,0.0,0.44675747641610997,43114,Birch Ln,1.039
119209438,,119298728,fill,1.0525778732287685e-06,29.21682824971134,104295,E Stonepoint Dr,1.0
119209447,,119223550,fill,3.725290298461914e-09,0.91657346823186,105889,S Latah St,1.0
119209448,,119241423,fill,8.265487849712372e-09,0.1688352923594607,103620,W Kootenai St,1.024
119209466,,119084837,fill,0.0,0.12190204901995116,105687,S Manitou Ave,1.0
119209470,,119070109,fill,2.6659108698368073e-08,0.06805524260255424,104544,W Irving St,1.054
119209473,,119556069,fill,6.522583326285008e-08,0.0825724016972913,106717,E 48th St,1.0
119209480,,119188343,fill,5.198034852335048e-07,0.1271751462425641,102280,W Hays St,1.033
119209481,,119081067,fill,0.0,0.2562232325319087,103344,N 6th St,1.0
119209483,,119241443,fill,9.313225746154785e-10,0.24302214027738955,102275,N 26th St,1.035
119209496,,119036638,fill,1.888496584459033e-07,0.1823530988191635,104043,N Locust St,1.0
119209497,,119942073,fill,2.440537203950009e-07,13.683501934898288,102299,E Crestline Dr,1.0
119209512,,119223478,fill,0.0017784155910268802,0.29075497249743876,50760,N Pierce Park Ln,1.0
119209525,,119010111,fill,1.3826042796466828e-06,8.54914417450135,103352,N Alamo Rd,1.0
119209526,,119746349,fill,0.0,0.5531115432796696,106560,N Liberty St,1.038
119209538,,119213708,fill,0.0,0.0013989074391247414,106639,W Williams St,1.0
119209542,,119089086,fill,0.0,0.22007714774628084,102303,N 32nd St,1.0
119209560,,119846378,fill,0.0,0.0046251390774614265,106153,N Linder Rd,1.0
119210397,,119245712,fill,0.0,0.053116301047396064,104825,N 20th St,1.0
119210514,,119196832,fill,0.0,16.352266177898798,110817,N Mountain Rd,1.0
119210517,,119051137,fill,2.2983324210822108e-07,16.744380858281943,105137,W Highland View Dr,1.03
119210521,,119250341,fill,9.313225746154785e-10,0.03673576693870473,104825,N 20th St,1.0
119210523,,119578408,fill,4.0745362639427185e-09,0.22470347923575673,103807,W Jefferson St,1.067
119210526,,119070115,fill,0.0,0.15859786633859585,103266,W Bannock St,1.0
119210533,,119230002,fill,0.0,0.1341713956918511,44769,W Silver Crest Dr,1.0
119210559,,119636411,fill,0.0,0.09306672350706435,111328,S 3rd St,1.0
119210563,,119060841,fill,0.0,0.05154250374187086,105506,W Bellomy Ln,1.0
119210574,,119107053,fill,7.812023259702676e-08,0.12445399809723767,106158,W Emerald St,1.189
119210575,,119060849,fill,0.0,0.04601197255556144,105508,N Ash Park Ln,1.0
119210585,,119299443,fill,2.1872453191382735e-09,0.3446017656604283,106178,S Owyhee St,1.029
119210760,,119636416,fill,1.979060471057892e-09,0.3106420459770334,103350,W Idaho St,1.0
119210766,,117878829,fill,7.521898804301216e-07,1.7277783404969114,41526,E Island Woods Dr,1.0
119210771,,117791979,fill,7.503969463628977e-07,1.7265611508943834,42586,E Island Woods Dr,1.0
119211326,,119299405,fill,5.159024813979906e-08,20.893968313284404,111350,E Pennsylvania St,1.077
119211329,,119813555,fill,0.0,0.2596998338103731,53446,W Cassia St,1.111
119211560,,119950138,fill,3.952994774986173e-06,1.0819775882584963,104874,SW Old Grandview Hwy,1.0
119212877,,119308006,fill,6.170012056827545e-09,0.09242085370868836,102723,W Northview St,1.059
119212910,,474873600,fill,2.3609942356146218e-05,1.6731534922421645,111397,E 49th St,1.0
119213686,,119178627,fill,0.0,0.03376271038808909,50760,N Pierce Park Ln,1.0
119213699,,119786844,fill,2.0954757928848267e-09,0.38311588663054863,55051,W Malad St,1.0
119213701,,120001790,fill,9.313225746154785e-10,0.6437612252229314,53665,S Roosevelt St,1.0
119213710,,119799467,fill,1.4797559754391566e-07,1.3621705183318227,104030,W Garfield St,1.0
119213724,,119563125,fill,3.189779818058014e-08,17.590931715300343,105520,E Windsong Dr,1.0
119213763,,119602108,fill,1.6440959647410864e-08,0.022907023070331434,104532,W Desert Ave,1.0
119213773,,463716221,fill,0.0,0.49326303883239575,111433,S Maverick Ln,1.0
119213929,,119553457,fill,0.0,0.09128380389876156,106940,Adams St,1.116
119214126,,1030211408,fill,0.0,0.40671448102659724,43627,S Black Cat Rd,1.0
119214882,,119158498,fill,1.5244207449764963e-07,0.17313143631668027,107453,N Mercer St,1.0
119214900,,117823914,fill,0.0,0.048444660368033965,46403,E 3rd St,1.0
119214955,,119942094,fill,0.0,0.013487054565928247,102324,N 10th St E,1.0
119214975,,119903704,fill,1.862645149230957e-09,0.06691377211541294,104217,S Kimball Ave,1.0
119215028,,119131239,fill,0.0,0.3017866221234158,105576,S Vermont Ave,1.0
119215071,,119528095,fill,0.0,0.05833814738463161,111482,W Good St,1.0
119215351,,119287531,fill,6.452260269183605e-07,22.871017227233608,52816,W Boise Hills Dr,1.0
119216716,,383847004,fill,0.0,1.7146931042259723,45363,W Colchester Dr,1.0
119217796,,119602107,fill,0.0,2.0654000251788887,47197,W Shoup Ave,1.0
119217983,,117866354,fill,0.0,2.9910485235195097,45483,Marble Front Rd,1.0
119218236,,119228506,fill,0.0,15.132399447830721,103630,W Donnybrook Dr,1.0
119218239,,119140402,fill,0.0,0.1407737864811338,108827,W Jewell St,1.0
119218253,,119055829,fill,0.0,0.07020701225405901,42045,W Panama St,1.0
119218262,,119116039,fill,0.08975590634330557,33.55568617582895,49031,E Bergeson St,1.0
119218263,,119880274,fill,0.0,13.108926127531959,108351,E Parkriver Dr,1.0
119218646,,119548582,fill,2.6508423192696584e-07,0.013530755174599562,111431,W Victory Rd,1.0
119219316,,119578368,fill,1.345112925637937e-07,1.1050304323696878,108972,Wooley Ave,1.0
119220663,,384137912,fill,0.0,11.418836542117674,111670,N Ten Mile Rd,1.0
119221506,,119547710,fill,0.0,0.5012091523464619,104339,Gunfighter Ave,1.0
119222540,,119077803,fill,7.593351672105639e-07,33.242870086917975,53665,S Roosevelt St,1.0
119222557,,119616693,fill,0.6692225851567799,0.10195519696472388,43955,W Riverside Dr,1.02
119222569,,119036672,fill,0.0,0.002413131291376658,103502,S 5th St,1.703
119223478,,119036661,fill,0.0,0.08720130103978363,50760,N Pierce Park Ln,1.0
119223495,,119564151,fill,1.862645149230957e-09,0.006401790088887083,102564,Lake Ave,1.0
119223542,,119607635,fill,6.292848500396843e-08,0.5454428495388299,103501,S 8th St,1.0
119223547,,119555240,fill,0.0,0.07994478828848628,111768,N Bird St,1.0
119223550,,119299430,fill,9.313225746154785e-10,0.2960822243939276,105889,S Latah St,1.0
119223555,,119103484,fill,4.055322192394321,70.93548695232118,107356,N Marshall St,1.0
119223566,,119894027,fill,0.0,0.09933891340455148,102303,N 32nd St,1.0
119223569,,119553458,fill,0.0,1.0747639857999047,103618,W Sunset Ave,1.0
119223572,,119588317,fill,0.0,1.910104380684004,110953,W Ellis Ave,1.0
119223576,,119043145,fill,0.0,0.12463220249810547,102278,W Brumback St,1.0
119223579,,118987124,fill,1.5401747077703476e-07,0.051748516555733204,102283,W Sunset Ave,1.0
119223582,,119238236,fill,3.4114162846725485e-07,40.54107732757427,103011,W Parkhill Dr,1.0
119223613,,119767527,fill,3.5598016596166575,30.71418263555779,108351,E Parkriver Dr,1.0
119223614,,119281739,fill,4.5806776804528463e-07,3.0333995603505173,108134,S Ashbury Way,1.0
119223615,,119270772,fill,9.313225746154785e-10,0.057011803421687546,107903,S Oakhurst Way,1.0
119223623,,119580319,fill,9.385703304198744e-10,19.67155535920648,108686,S Solar Way,1.0
119223634,,474858544,fill,1.3839798940052033e-07,0.8147360308887244,111782,E 36th St,1.76
119224689,,119053234,fill,1.5445158880141955e-06,1.4723036363262736,105202,N Kimball Ave,1.025
119224702,,119089997,fill,6.205166094341053e-07,0.32827010125419065,106778,Commercial Way,1.117
119224801,,119288154,fill,0.39953171306801827,0.5261066104759493,111093,N Benjamin Ln,1.047
119225947,,119664808,fill,1.4601400731756477e-07,0.7344580312245057,111914,Iowa Ave,1.0
119226846,,119165564,fill,0.0,0.13796940361658017,45068,W Columbia Rd,1.123
119227243,,118994142,fill,0.0,0.012516480703141042,102609,N Main St,1.039
119228343,,119299439,fill,9.313225746154785e-10,0.0684037403118225,105498,S Atlantic St,1.0
119228355,,119103482,fill,0.0,0.039509420266881534,107355,W Fairmont St,1.0
119228362,,119499376,fill,0.0,0.019395941146967743,105687,S Manitou Ave,1.0
119228363,,119015374,fill,0.0,0.4390237044502783,103617,S Lincoln Ave,1.0
119228367,,119583921,fill,9.313225746154785e-10,0.5157578028962462,103273,N Hartman St,1.0
119228370,,119250354,fill,0.0,1.044606883345864,102303,N 32nd St,1.0
119228372,,119344415,fill,1.126198357603894e-07,0.0298174173121879,110953,W Ellis Ave,1.0
119228380,,119245711,fill,7.392372936010361e-08,0.02183378429486993,102283,W Sunset Ave,1.0
119228390,,119312009,fill,3.7167239230365643e-07,0.023700395944302954,105907,N Walnut St,1.0
119228393,,119081094,fill,0.0,17.469238348808773,106386,S Granite Way,1.0
119228398,,119209497,fill,4.409084212466737e-06,9.078447914582853,102299,E Crestline Dr,1.0
119228463,,440881025,fill,0.0,0.25367884558573905,45068,W Columbia Rd,1.0
119228467,,119326997,fill,2.7939677238464355e-09,0.45259001290014567,44141,S Cloverdale Rd,1.0
119228506,,119097501,fill,1.0256612692170602e-07,9.883368413501785,103630,W Donnybrook Dr,1.0
119228521,,119151816,fill,0.0,0.0018204456172270511,105508,N Ash Park Ln,1.0
119228525,,119236855,fill,9.313225746154785e-10,0.4412420206594163,103378,S Pond St,1.0
119228537,,119485772,fill,0.0,0.0013941134853610038,109100,S Curtis Rd,1.0
119228853,,119224689,fill,7.516729629724675e-07,0.037175473088865374,105202,N Kimball Ave,1.025
119228877,,119718706,fill,2.419949743198667e-07,9.253983338961916,45363,W Colchester Dr,1.0
119228892,,474864696,fill,2.0954757928848267e-09,0.20971216069159482,47059,W McMillan Rd,1.0
119228900,,119132737,fill,9.313225746154785e-10,0.14925958524145244,102324,N 10th St E,1.0
119228933,,384143077,fill,0.0,0.02454837139424626,49897,W Waltman Ln,1.386
119231838,,119339389,fill,0.0,0.33279814278225217,105287,W Iowa Ave,1.058
119231959,,119192759,fill,0.0,0.4023776987447718,44300,Farmway Rd,1.0
119232883,,119106999,fill,9.521756540381032,0.49046941264376187,107498,E Starcrest Dr,1.0
119232904,,119128074,fill,0.0,0.045560590688523916,103344,N 6th St,1.0
119232905,,119055232,fill,4.4191564376754293e-07,0.003717253406051668,52841,N 5th St,1.703
119232910,,119128086,fill,1.0240234754122547e-06,0.5215755515274623,102288,W Taft St,1.0
119232919,,119535826,fill,0.0,8.113263493395948,112161,N McKinney St,1.0
119232923,,119089184,fill,0.0,0.2438365197977248,106178,S Owyhee St,1.029
119232925,,119116043,fill,1.1641532182693481e-10,0.010660800845755602,103272,S Phillippi St,1.0
119232984,,119020856,fill,0.0,0.019942521502230193,103835,N Eagle Rd,1.0
119233011,,119551585,fill,7.637412970353256e-09,0.7838081371943701,41707,N Bogus Basin Rd,1.0
119233855,,119288112,fill,0.0,0.18354147865659343,103017,N Meridian Rd,1.106
119234049,,474859914,fill,0.0,1.1356108179961666,106947,W Victory Rd,1.0
119234372,,119012210,fill,1.7043457573283549e-07,0.023233101334142248,41798,W Pine Ave,1.0
119236180,,119453812,fill,3.4238773327909275e-09,25.246137454648277,112257,,1.0
119236181,,383866546,fill,9.313225746154785e-10,0.04483584265204854,112258,S Vala Hala Ave,1.0
119236396,,119535480,fill,0.0,0.19438476317498043,112264,Stockton St,1.0
119236402,,119102081,fill,1.5452806210800069e-06,7.205321276929226,43955,W Riverside Dr,1.02
119236744,,119236745,fill,0.0,0.8889506858586174,112275,Plum Rd,1.0
119236745,,474888946,fill,0.0,0.24792416024695285,112275,Plum Rd,1.0
119236758,,119127997,fill,0.0,1.730036592498493,108366,Batt Corner Rd,1.0
119236831,,119144223,fill,1.80795393551631e-07,0.0009984910946059244,52347,W Camas St,1.0
119236839,,119010115,fill,0.0,0.7530189597455887,103354,W Jewell St,1.0
119236854,,119523694,fill,1.356750030668999e-06,1.463198041688429,106718,W Fenton St,1.0
119236855,,119065019,fill,0.0,0.19868274330849545,103378,S Pond St,1.0
119238163,,119107364,fill,9.385703304198744e-10,0.03485487254556574,103804,S 10th St E,1.0
119238171,,384138439,fill,1.975724414719181e-06,19.83559362837957,104600,Albany St,1.0
119238235,,119004141,fill,2.0954757928848267e-09,0.16846375209894404,102326,W Bella St,1.0
119238236,,119048516,fill,0.0,34.262324592162486,103011,W Parkhill Dr,1.0
119238237,,119007853,fill,2.3342580863615705e-06,14.233438315752721,103257,E Highland View Dr,1.0
119238241,,119299399,fill,0.0,0.00038353422144155047,102279,W Ada St,1.0
119238244,,118987161,fill,0.0,0.6084115885170149,102287,S 6th St,2.13
119238248,,119281640,fill,9.313225746154785e-10,0.49682729697735795,102303,N 32nd St,1.0
119238330,,119930937,fill,0.0,1.14856643783844,46101,S Black Cat Rd,1.0
119240835,,428957451,fill,0.0,15.63759506603094,112420,,1.0
119240945,,119795381,fill,0.0,14.738207884763824,49589,W Gowen Rd,1.029
119241423,,119140406,fill,6.356276571750641e-08,0.4143005071076118,103620,W Kootenai St,1.024
119241427,,119967542,fill,0.0,7.829469365879817,105498,S Atlantic St,1.0
119241428,,119768861,fill,0.0,0.3609139827428578,106731,S Annett St,1.0
119241429,,119196175,fill,3.018778592676461e-07,1.8385219196077855,107265,W Martin St,1.0
119241430,,119205259,fill,9.313225746154785e-10,0.22727769302264278,105687,S Manitou Ave,1.0
119241431,,119210559,fill,0.04560642961545248,0.060571374897875785,111328,S 3rd St,1.0
119241432,,119201493,fill,1.5959623538885438e-07,0.19658197451883552,103266,W Bannock St,1.0
119241437,,119238248,fill,2.796391991308032e-09,0.7117468338328194,102303,N 32nd St,1.0
119241443,,119007851,fill,0.0,0.1383104673152502,102275,N 26th St,1.035
119241469,,119269712,fill,0.05011768905329198,35.23043807570042,45363,W Colchester Dr,1.0
119241503,,119601097,fill,1.862645149230957e-09,0.05764459482514894,106946,N Wildwood St,1.0
119241582,,119051130,fill,0.0,0.1870664052572124,47185,6th St N,1.021
119241777,,117612659,fill,9.313225746154785e-10,0.37748020972287577,41528,N Milwaukee St,1.453
119242473,,119815303,fill,0.0,0.5264580293568599,103008,W McMillan Rd,1.0755
119242517,,117963827,fill,3.48683789687625e-07,0.07056813290790842,50064,Warren Spur Rd,1.0
119242564,,119160927,fill,1.8662795822463695e-09,0.007398751186258323,102274,N 14th St,1.0
119242565,,1030192449,fill,0.0,0.06148726064512289,46031,N 14th St,1.597
119242566,,119020342,fill,8.125365237014837e-07,0.007953963054092128,103807,W Jefferson St,1.593
119242571,,119103324,fill,2.9761002684193674e-07,1.188361246577756,102288,W Taft St,1.0
119242581,,119160872,fill,5.584722552544956e-07,0.0024429747599015172,102723,W Northview St,1.0
119242587,,119499380,fill,2.2584572434425354e-08,0.006146034112418874,104544,W Irving St,1.054
119242589,,119284662,fill,0.0,0.05795714133546426,105687,S Manitou Ave,1.0
119242614,,119883535,fill,1.0645455549636145e-07,9.08226086675836,112485,Wayne Dr,1.0
119243911,,119680653,fill,1.0244548320770264e-08,0.6911793250430947,103845,W Amity Rd,1.0
119245491,,119035458,fill,0.03996912798853633,13.241588862990625,42751,Aviation Way,1.0
119245501,,384156805,fill,9.673685957930157e-09,0.532180516771291,104217,S Kimball Ave,1.025
119245567,,119102117,fill,0.0,0.2185823675070253,49223,S Wind Dancer Way,1.0
119245701,,119572300,fill,2.7939677238464355e-09,0.047516172821929104,111320,N 39th St,1.033
119245711,,119707542,fill,1.4575495836843583e-07,0.02012539039026251,102283,W Sunset Ave,1.0
119245712,,119070128,fill,0.0,0.010175745968638239,104825,N 20th St,1.0
119245717,,119590304,fill,4.874107569181781e-06,0.7046411135003154,103635,17th Ave S,1.0
119245740,,119076747,fill,0.0,0.21030924098670312,43185,Fargo Rd,1.0
119248595,,119184048,fill,3.550862735408648e-07,0.17227771257608993,103266,W Bannock St,1.0
119249294,,119748544,fill,2.6207423868886795e-07,0.49766503577410504,112756,E Parkcenter Blvd,1.0
119249385,,119116585,fill,0.0,0.3621064081487475,104339,Gunfighter Ave,1.0
119250193,,119740571,fill,4.109460860490799e-08,0.48193775475547795,103255,E Victory Rd,1.0
119250200,,119636417,fill,9.313225746154785e-10,0.17735724789685037,103343,N 19th St,1.0
119250202,,119084253,fill,9.243845721290128e-08,31.75039236130874,103343,N 19th St,1.0
119250210,,119313542,fill,1.7701254979472804e-08,0.5087636124071082,42751,Aviation Way,1.0
119250257,,117944167,fill,2.0954757928848267e-09,0.0597653024709075,43253,4th St,1.0
119250341,,119252596,fill,0.0,0.05060505338587973,104825,N 20th St,1.0
119250348,,119099547,fill,2.0841047949504342e-07,0.11196195518709828,102280,W Hays St,1.033
119250349,,119894030,fill,0.021881562202119387,0.6731092784364705,112794,N 1st St,1.0
119250350,,119087825,fill,0.034882577592961685,4.694765473801624,106677,W Broad St,1.0
119250353,,119214882,fill,2.656882290320484e-07,0.07736236342068992,107453,N Mercer St,1.0
119250354,,119241437,fill,9.313225746154785e-10,1.4480502600565046,102303,N 32nd St,1.0
119250355,,119790880,fill,9.313225746154785e-10,0.041488913588977994,102303,N 32nd St,1.0
119250367,,119485878,fill,0.0,0.34145192296568894,106560,N Liberty St,1.038
119252426,,119810687,fill,9.313225746154785e-09,0.2268835016458297,104099,S Robinson Rd,1.0
119252432,,117779264,fill,0.2505797753137874,0.40343850845738416,43741,Ustick Rd,1.0
119252437,,119299486,fill,6.170012056827545e-09,0.023220551991386174,111431,W Victory Rd,1.0
119252439,,119214126,fill,0.0,1.1258523822954203,43627,S Black Cat Rd,1.0
119252513,,119767605,fill,2.5400233266099334e-07,0.11310516246174984,103635,17th Ave S,1.0
119252532,,119040922,fill,1.9922498614153234e-07,1.0321810522480064,104706,N Garrett St,1.107
119252539,,119228372,fill,8.386571362105298e-06,0.0012693680659481288,110953,W Ellis Ave,1.0
119252540,,119607730,fill,2.0954757928848267e-09,0.07485147700754169,103350,W Idaho St,1.0
119252541,,1058066274,fill,4.31580112072385e-07,0.029125093992405482,106866,N 17th St,1.065
119252547,,119810612,fill,0.0,0.03495740665601943,102290,W Breneman St,1.0
119252556,,119075734,fill,9.313225746154785e-10,0.7036676838677351,106178,S Owyhee St,1.029
119252558,,119103486,fill,0.0,0.1253799537637974,107358,S Kerr St,1.0
119252585,,119528091,fill,0.0,0.13791035909130755,105894,S Grant Ave,1.0
119252593,,119099546,fill,0.0,0.23483318542230336,102280,W Hays St,1.033
119252594,,119060795,fill,0.0,0.1265130385044131,104270,W Union St,1.245
119252596,,119069321,fill,9.313225746154785e-10,6.5908040483009245e-06,104825,N 20th St,1.0
119252598,,119132748,fill,0.0,0.032786112701330694,102558,N 31st St,1.0
119252599,,119081075,fill,0.0,0.5643104936407894,106383,W Neff St,1.0
119252601,,119137535,fill,1.628237562379833e-07,25.8841234726778,106251,N Lancaster Dr,1.0
119252604,,119209490,fill,1.4987282489089991e-07,69.30174208566251,108311,E Iowa Dr,1.0
119253266,,118994135,fill,9.313225746154785e-10,0.49402220521335494,102608,Mill Rd,1.0
119253501,,119126739,fill,0.0,0.016460080464753446,103375,S Roosevelt St,1.108
119253595,,119236367,fill,0.0,0.705892401581508,103017,N Meridian Rd,1.106
119254959,,119197935,fill,0.0,0.025716849425975852,46391,S Linder Rd,1.0
119257976,,117767457,fill,0.0,0.34226421416070707,43443,Stewart Ln,1.0
119258024,,119107171,fill,0.0,0.12987012831959532,105604,W 7th St,1.0
119258095,,119185922,fill,0.0,1.94713660523405,45216,S Eisenman Rd,1.23
119258114,,119612010,fill,1.862645149230957e-09,11.623671879775657,105311,S White Cloud Dr,1.0
119258118,,119629609,fill,0.0,0.20704850501010696,105227,N Kimball St,1.0
119258121,,119612020,fill,9.313225746154785e-10,0.027415202859174315,106946,N Wildwood St,1.0
119260214,,117816093,fill,4.3164189130663805e-08,0.5616990850119805,46184,E Barber Dr,1.0
119261309,,119069415,fill,0.0,0.9385234027486717,104447,N Illinois Ave,1.385
119261636,,119648214,fill,0.0,0.3097579792247416,104029,W University Dr,1.0
119262926,,119534487,fill,0.0,0.020257239628392654,103255,E Victory Rd,1.0
119262976,,119699086,fill,8.971899781569315e-06,0.6047139424606485,113176,S 3rd St E,1.0
119262977,,119543930,fill,0.0,0.24567192951815287,113176,S 3rd St E,1.0
119264513,,119330563,fill,0.05220281580288352,0.8614352314641849,53112,Smeed Pkwy,1.0
119264642,,119143965,fill,1.1779504918959077e-07,14.810981484107998,108972,Wooley Ave,1.0
119265201,,119327499,fill,2.692831342885554e-07,0.47103633873956596,104874,SW Old Grandview Hwy,1.0
119266953,,119277507,fill,0.0,3.4196103125403283,42977,E Pine Ave,1.448
119266966,,119166304,fill,0.023013052409334683,8.333836272884497,103375,S Roosevelt St,1.108
119266990,,119669476,fill,1.631975072331266e-08,8.519863485840972,112164,N 36th St,1.0
119267001,,1030166605,fill,0.0,0.11321002651715162,105490,N Pollard Ln,1.0
119267040,,117828473,fill,3.899913281202316e-08,0.1954329933495842,46519,W Linden St,1.0
119267095,,119084155,fill,8.009915590004817e-08,0.1078476198204612,104030,W Garfield St,1.0
119267345,,119848199,fill,1.7832908779538349e-06,12.89522080785747,43955,W Riverside Dr,1.02
119267406,,119085108,fill,0.30964133208344713,1.4432111845542295,47760,N 4th St,1.0
119268401,,119199067,fill,0.0,0.1635981211902049,47067,N Milwaukee St,1.142
119268489,,119224801,fill,0.0,0.6186605250335333,111093,N Benjamin Ln,1.047
119269712,,119216716,fill,0.0,39.828867750021345,45363,W Colchester Dr,1.0
119269713,,117818694,fill,0.03006401640915513,16.714104764491367,44041,W Colchester Dr,1.114
119270814,,484362614,fill,0.0,0.056878985146227024,46391,S Linder Rd,1.0
119271117,,119051206,fill,8.265487849712372e-09,0.14939840414984928,102290,W Breneman St,1.0
119271131,,1058093877,fill,0.0,0.6019186491224104,53112,Smeed Pkwy,1.0
119273361,,771004013,fill,3.0747752672469574e-08,0.1639396749170885,111914,Iowa Ave,1.0
119273807,,384121557,fill,8.235219536901592e-07,0.03870579630455495,113511,E 48th St,1.0
119273808,,119209512,fill,1.862645149230957e-09,0.2822009509492318,50760,N Pierce Park Ln,1.0
119275239,,119971551,fill,0.0,6.579915476810356,104339,Gunfighter Ave,1.0
119275550,,384183922,fill,1.862645149230957e-09,0.005622593486975802,108366,Batt Corner Rd,1.0
119275609,,119089966,fill,1.862645149230957e-09,0.10326940103476545,43321,S Johns Ave,1.0
119275653,,119273808,fill,0.0,0.1575729295683459,50760,N Pierce Park Ln,1.0
119275658,,119119612,fill,0.0,0.0797840957325775,108044,W Highlander Rd,1.0
119275660,,428958569,fill,0.0,3.6501848961768246,108973,Franklin Rd,1.085
119275813,,119084276,fill,0.0,0.08657651557018653,106537,W Marvin St,1.0
119275836,,119588814,fill,0.0,0.0016403657328396548,102323,S Montana Ave,1.0
119277507,,117817543,fill,0.0,0.1042565139533167,42977,E Pine Ave,1.448
119278955,,119560030,fill,11.87438845521971,0.18717932182721597,42793,N Ten Mile Rd,1.0
119279083,,119172046,fill,6.991772252518218e-06,0.08255739796473449,104339,Gunfighter Ave,1.0
119279427,,119807416,fill,4.190951585769653e-09,6.082049022304602,113652,W Gratz Dr,1.0
119281619,,119499364,fill,1.370747133034445e-05,11.709428210062242,103816,W Robertson Dr,1.0
119281620,,119008226,fill,0.0,0.07697817531467877,103272,S Phillippi St,1.0
119281624,,119103479,fill,4.93688817348278e-08,0.9782910337511339,105987,W Bethel St,1.0
119281625,,119010257,fill,1.2107753146112464e-08,0.7341765680103265,103375,S Roosevelt St,1.052
119281626,,119626787,fill,0.0,28.119851148142686,107345,N Houston Rd,1.054
119281632,,119106960,fill,0.0,0.38516792093398067,105501,S Euclid Ave,1.0
119281640,,118987375,fill,9.313225746154785e-10,0.0010250129399764774,102303,N 32nd St,1.0
119281642,,119084175,fill,0.0,0.04997973302693026,102551,W Resseguie St,1.0
119281644,,119043144,fill,0.0,0.10701387729613998,102835,W Lemp St,1.0
119281646,,119749261,fill,1.0244548320770264e-08,0.027971028205115545,102278,W Brumback St,1.0
119281648,,119252598,fill,0.0,0.014340480120324628,102558,N 31st St,1.0
119281656,,119344428,fill,2.2032834669282224e-06,17.74816287203194,103280,E Shenandoah Dr,1.0
119281658,,119490933,fill,5.333562093465222e-07,9.82458597197433,105226,E Shaw Mountain Rd,1.0
119281702,,119553613,fill,5.332635059802616e-08,0.12301763338751925,52347,W Camas St,1.0
119281705,,119284711,fill,4.004839355436074e-08,0.05352617879435684,106946,N Wildwood St,1.0
119281725,,463721543,fill,0.0,0.05562740075100692,47067,N Milwaukee St,1.142
119281738,,119200823,fill,0.0,7.181509301910694,110941,E Lost Creek Dr,1.0
119281747,,119064979,fill,5.903817999086317e-07,20.271890679877004,103816,W Robertson Dr,1.0
119281783,,119538303,fill,9.860817570691668e-08,0.5526035422354312,105312,W Pomona Rd,1.0
119281784,,119824048,fill,0.0,0.1796469362965354,49589,W Gowen Rd,1.0145
119281786,,119055943,fill,0.0,0.3004344045342009,53665,S Roosevelt St,1.0
119284643,,119070081,fill,8.265487849712372e-09,1.282559615462219,103620,W Kootenai St,1.024
119284662,,119084156,fill,0.0,0.050584625282738216,105687,S Manitou Ave,1.0
119284711,,119846408,fill,4.2842261965585645e-08,8.065333865200955,106946,N Wildwood St,1.0
119285878,,119098642,fill,1.979060471057892e-09,0.026577676024146513,105318,W Spaulding St,1.0
119285894,,119070233,fill,3.6903657019138336e-08,0.8985670258193181,43114,Birch Ln,1.039
119285958,,119119668,fill,0.038852115345438074,6.069552858883185,105504,W Diamond St,1.0
119285969,,119270391,fill,0.0899397026984475,20.016073550432026,104706,N Garrett St,1.107
119286276,,119753746,fill,0.0,0.20724679179647865,44141,S Cloverdale Rd,1.0
119286379,,119937592,fill,0.0,0.29755570528152475,104099,S Robinson Rd,1.0
119287219,,119559108,fill,3.294553607702255e-08,0.24674280283289818,41462,W Roosevelt Ave,1.028
119287531,,119482852,fill,5.793040243771373e-07,6.866217074214546,52816,W Boise Hills Dr,1.0
119288112,,119738194,fill,9.313225746154785e-10,0.04053144626715266,103017,N Meridian Rd,1.106
119288154,,119205115,fill,0.0,2.813507265435277,111093,N Benjamin Ln,1.047
119288284,,119304071,fill,0.0,0.20319682672447925,47067,N Milwaukee St,1.142
119289191,,119013138,fill,5.7516709561625614e-08,0.8927111788634079,103524,E Yamhill Rd,1.134
119289212,,119745495,fill,5.58854901976564e-07,0.7177492552627598,43955,W Riverside Dr,1.02
119289235,,119270814,fill,0.0,0.20347928360064316,46391,S Linder Rd,1.0
119289829,,119580970,fill,0.0,0.12780982052680656,102323,S Montana Ave,1.0
119290157,,119786793,fill,0.0,0.21738212891960984,103358,W Targee St,1.0
119290159,,119030908,fill,0.0,0.06336652116652886,45354,W Victory Rd,1.0
119290163,,119578808,fill,0.0,0.0003647079919346652,103628,N Wilson St,1.0
119290567,,474863211,fill,0.0,0.39541292221616686,42810,W Lemp St,1.0
119291596,,119056168,fill,6.161186735389055e-08,0.4120945272203471,102320,Homedale Rd,1.015
119294109,,117661926,fill,0.0,0.3004205746074149,42751,Aviation Way,1.23
119294112,,118085597,fill,4.0745362639427185e-09,0.05972439765969284,54557,4th St,1.0
119294116,,119616314,fill,0.0,0.0941558828064899,102323,S Montana Ave,1.0
119294117,,119013665,fill,5.235896839742517e-07,0.014963955033636012,103544,Homedale Rd,1.0
119297923,,119147677,fill,1.0345255286916575e-08,13.230980917948898,47150,E Lake Forest Dr,1.029
119297986,,119260214,fill,8.958287531940015e-07,0.5333251071598397,46184,E Barber Dr,1.0
119298022,,119329345,fill,0.0,0.3076942832192344,104339,Gunfighter Ave,1.0
119298068,,484355363,fill,9.313225746154785e-10,0.039214372125627506,50760,N Pierce Park Ln,1.0
119298728,,119089127,fill,5.228914410373439e-08,5.312937562583187,104295,E Stonepoint Dr,1.0
119298741,,119077912,fill,6.356276571750641e-08,9.868948341763314,106253,W Gabrielle Dr,1.0
119298834,,463714752,fill,0.0011957594863445194,1.0911566944579931,110869,N Ten Mile Rd,1.0
119299024,,474868104,fill,1.641456037759781e-08,0.11646387472518427,42662,Roosevelt Ave,1.0
119299096,,120001745,fill,4.7256283040920944e-07,0.043178165593985796,42166,W Warren Spur Rd,1.0
119299361,,119765288,fill,0.06991685622313806,0.29291560720776033,104213,Northside Blvd,1.0
119299376,,119869746,fill,4.951152396497759e-07,0.47177090847628733,105318,W Spaulding St,1.0
119299382,,119015439,fill,0.0,2.5772820150789357,103628,N Wilson St,1.0
119299386,,119718692,fill,0.0,0.08082110767449535,105501,S Euclid Ave,1.0
119299387,,119252585,fill,0.0,0.2363949492154518,105894,S Grant Ave,1.0
119299394,,119629675,fill,3.0816015277014406e-07,0.10374867208315663,106940,Adams St,1.116
119299396,,119614483,fill,1.979060471057892e-09,0.14120733977063082,103807,W Jefferson St,1.067
119299399,,119048520,fill,1.979060471057892e-09,0.1024007668933109,102279,W Ada St,1.0
119299400,,119188338,fill,0.0,0.05055373951370257,102276,N 16th St,1.0
119299402,,119118270,fill,5.332635059802616e-08,0.9556959241760978,105906,W Smith Ave,1.0
119299403,,119205274,fill,0.029965304970201025,0.0038485985413103663,102301,N 9th St,1.0
119299428,,384166365,fill,2.0954757928848267e-09,0.416595502946393,103620,W Kootenai St,1.024
119299429,,119758551,fill,3.480818122625351e-08,0.44920350580292734,53446,W Cassia St,1.111
119299430,,119336359,fill,9.313225746154785e-10,4.113021612423239,105889,S Latah St,1.0
119299434,,119020368,fill,0.0,0.44649177069405255,103375,S Roosevelt St,1.108
119299435,,474897624,fill,6.170012056827545e-09,0.006032584710453648,104544,W Irving St,1.054
119299438,,119126744,fill,4.850631967803533e-07,0.06443790400965099,107356,N Marshall St,1.0
119299443,,119252556,fill,0.0,0.2773496616008231,106178,S Owyhee St,1.029
119299458,,119605380,fill,0.0,2.5260469625252426,114246,N Avenue D,1.0
119299459,,119094025,fill,3.482063816212586e-08,0.0669086537775172,105910,E McKinley St,1.0
119299486,,119213737,fill,5.343463271856308e-08,0.007922688303040104,111431,W Victory Rd,1.0
119299502,,119616500,fill,0.0,5.217594974737949e-06,105228,S Five Mile Rd,1.0
119300942,,118020801,fill,0.0,27.275518550436118,41595,S Century Way,1.071
119301534,,119312069,fill,1.1935841025661613e-07,0.021326893784305412,42332,E Kuna Rd,1.0
119302190,,119075678,fill,0.0,8.826002348775916,44521,W Southerland Dr,1.0
119302383,,119218646,fill,0.0,0.011162306092586505,111431,W Victory Rd,1.0
119303036,,119117937,fill,0.0,0.04610570685159132,43800,W Pine Ave,1.077
119303761,,120090474,fill,1.0012150841036345e-07,0.006134671573192918,114362,E Idaho Blvd,1.0
119303787,,384179040,fill,0.0,0.6636854030736004,107517,Greenhurst Rd,1.0
119304071,,117845782,fill,9.313225746154785e-10,0.37748020972287577,47067,N Milwaukee St,1.142
119306425,,119535478,fill,0.0,1.1727503356210605,114412,,1.0
119307615,,117647346,fill,5.390834964588991e-06,2.4928112543758516,42489,Stibnite Rd,1.0
119307954,,119657888,fill,1.979060471057892e-09,1.040576532444959,43800,W Pine Ave,1.121
119308006,,119629615,fill,2.0954757928848267e-09,0.0515379980297439,102723,W Northview St,1.059
119308039,,117617364,fill,4.0745362639427185e-09,0.6215520179500231,41462,W Roosevelt Ave,1.275
119308063,,119728103,fill,0.0,0.20688918100347564,106935,W Emerald St,1.0
119308094,,117931397,fill,1.9732833173042689e-07,15.344184466071425,48377,W K-Bar-T Dr,1.0
119309764,,119126608,fill,1.437729224562645e-07,0.1645553660952146,52982,W Targee St,1.0
119309856,,119253595,fill,0.0,0.0653630479453966,103017,N Meridian Rd,1.106
119309930,448695923,119160935,override,0.0,29.279309211373715,102557,S 13th St,1.153
119310336,119824007,119299096,override,0.018900133292458366,1.8766440904961996,42166,W Warren Spur Rd,1.0
119312009,,119942070,fill,3.9621265127750754e-07,0.01118533728808302,105907,N Walnut St,1.0
119312069,,117639395,fill,1.0244548320770264e-08,0.005425832256833019,42332,E Kuna Rd,1.0
119313025,,440887657,fill,0.05118436966160287,0.21714297336529853,43177,Lake Lowell Ave,1.09
119313484,,119480644,fill,1.0060008329444212e-07,0.07277391156532076,103544,Homedale Rd,1.0
119313542,,484378931,fill,1.4488470269379978e-07,0.06338576105360971,42751,Aviation Way,1.0
119313577,,119206016,fill,7.324513082719406e-08,1.917399716371449,47150,E Lake Forest Dr,1.029
119314435,,463719520,fill,0.0,2.0233250239455174,52029,W Gratz Dr,1.0
119314444,,119920468,fill,9.313225746154785e-10,0.09161361784020983,103374,N Allumbaugh St,1.0
119314445,,119485880,fill,9.788213828064092e-07,0.07094439147942921,114610,N Pauley Dr,1.0
119314446,,119098634,fill,0.0,10.444139912049536,46025,N Redway Rd,1.0
119314452,,119330486,fill,4.9243681132793427e-08,0.030456314958939856,46896,W Malad St,1.0
119314495,,119137448,fill,5.589147975741794e-09,1.2165694878680142,108732,S Yorktown Way,1.0
119314496,,119471148,fill,0.005493721586211914,45.62120061810032,106539,E Reserve St,1.0
119314497,,119783063,fill,0.0,0.006395538336448681,105907,N Walnut St,1.0
119314904,,119132799,fill,0.0,1.139616796808582,108543,Rodeo Ln,1.0
119315266,,440886207,fill,0.0,0.43963248198252813,114636,SW 3rd St,1.0
119315267,,117825639,fill,6.238345929203613e-07,0.18006237708738126,43678,N Mountain View Dr,1.0
119316641,,118993160,fill,6.170012056827545e-09,1.8951341053838178,44605,N Lakeharbor Ln,1.0
119316922,,119931003,fill,0.0,11.226453692004668,104255,N Raymond St,1.0
119316973,,384121101,fill,0.0,0.4931661118179136,114676,S Millspur Way,1.078
119318873,,119243911,fill,0.0,0.5327227834166024,103845,W Amity Rd,1.0
119318875,,119285958,fill,3.4793343870781016e-07,0.7753074623408907,105504,W Diamond St,1.0
119318883,,119010114,fill,0.0,0.041397118726195004,102723,W Northview St,1.0
119318891,,119575907,fill,6.648821393066248e-06,8.963216452380578,114736,W Maple Hill Dr,1.0
119320793,,383818749,fill,2.1015928973068856e-07,3.190625036970232,114774,,1.0
119322099,,119636418,fill,0.0,0.04290586906341787,102558,N 31st St,1.0
119322459,,119029959,fill,9.313225746154785e-10,0.6860579659747827,104217,S Kimball Ave,1.0
119324542,,117769468,fill,0.3608397732147577,0.4251046020432341,43859,Linden Rd,1.0
119324546,,1187659190,fill,0.0,0.06704968068248718,44681,E Karcher Rd,1.074
119325027,,119533469,fill,0.0,0.014289903926169245,46896,W Malad St,1.0
119325028,,119601041,fill,0.0,0.4736989788227106,104028,W Wright St,1.0
119325544,,119229049,fill,0.0,5.333291652106652,112032,,1.0
119325590,,119443183,fill,5.10531422586588,89.27497446823918,104534,W Executive Dr,1.0
119326399,,119340016,fill,0.0,0.007371075083796086,102839,S Linder Rd,1.181
119326997,,384136358,fill,6.51925802230835e-09,0.09405028828041395,44141,S Cloverdale Rd,1.0
119328569,,119092336,fill,0.18999434565560233,0.8592059884219054,52841,N 5th St,1.703
119329137,,119588065,fill,0.0,4.397641149613946,104939,N Midland Blvd,1.585
119329321,,384180448,fill,9.313225746154785e-10,0.06771298818148352,102323,S Montana Ave,1.0
119329345,,384137146,fill,7.451490036121224e-09,0.2965570417972003,104339,Gunfighter Ave,1.0
119330343,,119174697,fill,4.469871909123086e-07,14.471950491651228,102305,N Esquire Dr,1.0
119330347,,119055676,fill,8.626878070959044e-08,0.05652580891631942,46896,W Malad St,1.0
119330350,,117739471,fill,1.234002411365509e-08,0.23317703282930324,44254,E Revere St,1.0
119330472,,117804840,fill,0.0,27.275518550436118,45876,S Century Way,1.04
119330482,,118993171,fill,5.5995769798755646e-08,2.08529704496209,102561,N Eldorado St,1.0
119330486,,119066046,fill,0.0,0.01607284818538801,46896,W Malad St,1.0
119330504,,119318891,fill,0.0,0.20305423904287068,114736,W Maple Hill Dr,1.0
119330563,,119739403,fill,1.862645149230957e-09,0.2723838504638536,53112,Smeed Pkwy,1.0
119330616,,119313577,fill,3.679113366825239e-07,2.7287845764124086,47150,E Lake Forest Dr,1.029
119331158,,119738207,fill,5.589147975741794e-09,0.05645446519781672,104330,Sunnyridge Rd,1.0
119331170,,119967793,fill,4.580994603325089,5.296122198636425,107058,N Hammett Hill Rd,1.0
119331272,,119206593,fill,0.0,0.07972480380271918,111173,Conway Rd,1.0
119331926,,119279083,fill,3.4147469440675082e-06,0.5161450245324204,104339,Gunfighter Ave,1.0
119331949,,119810927,fill,2.9895837707137837e-07,0.14024642535633802,45876,S Century Way,1.04
119333052,,1187582009,fill,0.0,2.934870187429169,102354,Airbase Rd,1.583
119335112,,119151651,fill,0.009995567408005427,6.377307256955845,109266,W Rifleman St,1.635
119335852,,119206506,fill,8.612373721870445e-09,0.22039520792642975,47067,N Milwaukee St,1.142
119336361,,119253501,fill,9.313225746154785e-10,0.013753061768539965,103375,S Roosevelt St,1.108
119336368,,119283579,fill,0.009960192543284388,0.34833553452767774,103266,W Bannock St,1.0
119338467,,119228463,fill,8.750251397646388e-08,5.6604462963323385,45068,W Columbia Rd,1.0
119339389,,119660128,fill,1.9051424326307771e-06,0.11340125695033976,105287,W Iowa Ave,1.058
119340016,,119188378,fill,0.0,0.0332040376833902,102839,S Linder Rd,1.181
119340080,,1030198538,fill,4.128785921927948,37.38568589433493,115304,N Mountain Ln,1.0
119340355,,119599403,fill,0.0,1.27269427841793,43185,Fargo Rd,1.0
119340365,,119290157,fill,1.3565262594228457e-07,0.2195449324166816,103358,W Targee St,1.0
119340366,,119070077,fill,2.796391991308032e-09,0.8991414206007562,103708,S Pacific St,1.0
119340367,,119093996,fill,2.468004822731018e-08,0.0136930091296108,103620,W Kootenai St,1.245
119340372,,119131251,fill,4.85424155345308e-07,0.037375563822081403,106940,Adams St,1.0
119340373,,119205267,fill,2.123477161688794e-06,0.04602816033766999,111108,N Lander St,1.0
119340376,,119614482,fill,9.313225746154785e-10,1.6461110385916982,103013,N 25th St,1.0
119340378,,384121453,fill,0.0,0.020001384388535826,102558,N 31st St,1.0
119340379,,119196833,fill,0.0,7.460614256160625e-06,104825,N 20th St,1.0
119340380,,119070127,fill,1.979060471057892e-09,0.4896677501097315,102835,W Lemp St,1.0
119340386,,119031736,fill,0.0,1.1707559865246253,104295,E Stonepoint Dr,1.0
119340480,,119140363,fill,3.0864114781942476e-08,0.2113087496967978,102723,W Northview St,1.0
119340483,,119205235,fill,0.0,0.5799109593688172,48436,Alworth St,1.0
119340486,,119330347,fill,2.2584572434425354e-08,0.0482467395098638,46896,W Malad St,1.0
119340516,,119119634,fill,0.0,1.0728704704319512,108047,S Waldon St,1.0
119340532,,119299387,fill,0.0,0.21752131907575745,105894,S Grant Ave,1.0
119343867,,119824147,fill,2.876966268489414e-08,0.04536690499043061,108044,W Highlander Rd,1.0
119344244,,1187511401,fill,2.7939677238464355e-09,1.9765926708316215,46784,Davis Ave,1.0
119344415,,119200983,fill,4.298525528997807e-07,0.0036691838786850894,110953,W Ellis Ave,1.0
119344419,,119223579,fill,3.2842328347685766e-08,0.0629315309525964,102283,W Sunset Ave,1.0
119344420,,119205797,fill,0.0,0.14559665641564834,102326,W Bella St,1.0
119344422,,119160836,fill,0.0,4.1641100710251635,105137,W Highland View Dr,1.03
119344428,,119588171,fill,7.969706871043007,25.043394119557377,103280,E Shenandoah Dr,1.0
119344429,,119107089,fill,2.528433591379716e-07,1.0084264187216831,43784,S Ridge Point Way,1.0
119344458,,117935734,fill,0.4209965371499966,0.35935319433633595,44253,E Bergeson St,1.0
119344464,,119010121,fill,0.0,2.462312623806099,103272,S Phillippi St,1.0
119344467,,119020379,fill,1.7044220923951204e-07,0.14786898546395832,103814,W Morris Hill Rd,1.0
119344471,,119228367,fill,0.0,0.08300972172020238,103273,N Hartman St,1.0
119344475,,119209478,fill,0.0,0.20976744980316653,105900,W State St,1.0
119344477,,119201489,fill,9.313225746154785e-10,0.0806260932122882,102301,N 9th St,1.0
119344482,,119070191,fill,4.807369862061145e-06,0.24378944412325154,105911,E Lewis St,1.0
119344483,,383866630,fill,3.3244180263786775e-07,0.242188624989069,105911,E Lewis St,1.0
119344486,,119008236,fill,0.0,34.92132247505623,103276,E Walling Dr,1.0
119344489,,119070147,fill,1.2761689497651901e-08,1.3676415613348922,51697,S Toluka Way,1.0
119345502,,117896003,fill,0.0,2.9910485235195665,43765,Marble Front Rd,1.0
119345565,,119748702,fill,9.313225746154785e-10,0.03616848678552742,102323,S Montana Ave,1.0
119347107,,119609225,fill,0.0,0.016540709658329433,102324,N 10th St E,1.0
119349312,,119694493,fill,2.9160861645136458,16.494977547878307,115565,E Flamingo Ave,1.855
119350797,,119533909,fill,2.2584572434425354e-08,0.07585953749850205,41305,W Columbia Rd,1.0
119441299,,119475264,fill,4.355536645983685,89.20748423748614,115655,Carrie Rex Ave,1.0
119441853,,119490345,fill,1.641456037759781e-08,0.14183030651742,102320,Homedale Rd,1.015
119442233,,474894570,fill,0.0,0.03820254636747222,46688,E Lewis Ln,1.0
119443183,,1187545044,fill,0.0,1.9318350595030438,104534,W Executive Dr,1.0
119443954,,119808828,fill,0.05176144246444244,16.051252008629604,44876,W Victory Ln,1.0
119444072,,119158499,fill,6.973899667949512e-08,0.14146322683154722,105906,W Smith Ave,1.0
119444185,,119215941,fill,0.0,0.3996237087066561,111521,W Chicago St,1.0
119446820,,117887272,fill,1.446551137325267e-08,2.777116191897335,48197,W Spectrum St,1.382
119446916,,1030197026,fill,2.2584572434425354e-08,0.10265979282564786,43100,E Karcher Rd,1.0
119447876,,119333825,fill,9.485217020532367e-07,3.3662557132843745,115156,Isaiah Way,1.066
119447970,,119765405,fill,0.0,0.8282468286494122,44300,Farmway Rd,1.0
119451687,,119249370,fill,1.862645149230957e-09,0.03335492506130322,112758,N Meadowland Dr,1.0
119451688,,119451687,fill,0.0,0.13387419440203985,112758,N Meadowland Dr,1.0
119452597,,117937192,fill,3.4924596548080444e-08,0.17520906511202838,41224,Homedale Rd,1.066
119453769,,119200995,fill,2.7939677238464355e-09,5.860449479699611,47067,N Milwaukee St,1.142
119453809,,119509673,fill,0.16489453416583089,1.8666053245485728,105227,N Kimball St,1.0
119453813,,383866377,fill,4.7264620661735535e-08,0.5086963344401738,102723,W Northview St,1.0
119455935,,119660102,fill,9.313225746154785e-10,10.782894026291046,116041,,1.0
119456180,,484348011,fill,1.4435499906539917e-08,0.0005178004378194601,41470,W Overland Rd,2.018
119457011,,1030211521,fill,4.727379536313692e-08,0.017777309669156693,40290,Lone Star Rd,1.0
119457266,,118987931,fill,1.862645149230957e-09,0.07812807341679218,102323,S Montana Ave,1.0
119458015,,1058082519,fill,0.17325164745762467,13.241602673468265,103367,W Mace Rd,1.0
119458617,,119223634,fill,0.0,0.8501704282362539,111782,E 36th St,1.76
119462748,,119888430,fill,4.936009645462036e-08,0.08444724778104273,48197,W Spectrum St,1.382
119462794,,119224702,fill,8.265487849712372e-09,0.07367644960407915,106778,Commercial Way,1.117
119464545,,119288284,fill,0.0,0.03335211272064953,47067,N Milwaukee St,1.142
119465199,,118005164,fill,4.480099632612862e-09,3.4511832325875673,51754,S Stone Ridge Way,1.0
119466637,,119245283,fill,7.134329309954257e-06,6.666005414437876,47150,E Lake Forest Dr,1.029
119468120,,119214975,fill,9.313225746154785e-10,0.8046362452490712,104217,S Kimball Ave,1.0
119469059,,119554333,fill,1.3970323674652168e-08,0.20042984313596435,44141,S Cloverdale Rd,1.0
119470075,,119543423,fill,0.0,16.775369657563175,112485,Wayne Dr,1.0
119474822,,119098726,fill,2.0954757928848267e-09,0.7491880433214533,102723,W Northview St,1.0
119474972,,119097078,fill,0.0,0.007162241116986934,102323,S Montana Ave,1.0
119475335,,119286379,fill,0.0,0.02736821489565955,104099,S Robinson Rd,1.0
119477443,,118113105,fill,0.3909097530069069,0.42510473010997885,42044,Linden Rd,1.0
119477907,,384155491,fill,0.0,0.6042987334074041,105202,N Kimball Ave,1.025
119478888,,119205272,fill,0.0,0.2929153291174771,103343,N 19th St,1.0
119478895,,119050796,fill,4.1921053938202054e-07,0.25603334917502707,104043,N Locust St,1.0
119478898,,117938472,fill,0.0,3.5158679767656054,49598,S Stone Ridge Way,1.0
119478983,,118004679,fill,2.0954757928848267e-09,0.029680740882696455,41305,W Columbia Rd,1.0
119479573,,1030236503,fill,0.0,0.022581277645258524,103007,S Can Ada Rd,1.0
119480202,,119340355,fill,1.862645149230957e-09,0.127448122626447,43185,Fargo Rd,1.0
119480644,,119506461,fill,3.282912075519562e-08,0.3299893624840706,103544,Homedale Rd,1.0
119482021,,118987367,fill,3.142583258695579e-07,0.06576343634225168,102302,N 4th St,1.0
119482056,,119080277,fill,0.0,0.9261375244140311,106339,S 2nd St,1.0
119482688,,1187595320,fill,2.6090733899052835e-06,0.0002760294773906935,42159,E John Parke Rd,1.0
119482852,,119228852,fill,2.058544192180385e-08,1.298882832031552,52816,W Boise Hills Dr,1.0
119485772,,1030243328,fill,0.31962499088289387,0.9553105391056818,109100,S Curtis Rd,1.0
119485773,,119228537,fill,0.0,0.0283615099029646,109100,S Curtis Rd,1.0
119485786,,119075726,fill,9.313225746154785e-10,1.4436958814337686,105556,N Roosevelt St,1.158
119485790,,119250350,fill,0.0,0.011108819932758252,106677,W Broad St,1.0
119485794,,119238235,fill,1.0244548320770264e-08,0.08904259384462421,102326,W Bella St,1.0
119485795,,119252602,fill,0.0,0.014705824486213714,44610,W Dewey St,1.0
119485813,,383866582,fill,0.0,0.0006700836985089609,53665,S Roosevelt St,1.108
119485817,,119880104,fill,4.6566128730773926e-09,1.525168426672451,105556,N Roosevelt St,1.0
119485824,,119248595,fill,0.0,22.995798064414657,103266,W Bannock St,1.0
119485831,,119268402,fill,0.0,0.01331493130265926,102276,N 16th St,1.0
119485842,,119131278,fill,0.0,8.144097842788256,108485,E Table Rock Rd,1.0
119485868,,119616558,fill,0.0,13.793028050034195,108305,N Shamrock Ave,1.0
119485878,,119084811,fill,0.0,0.36321789499868373,106560,N Liberty St,1.038
119485889,,119098754,fill,0.0015443993940703453,0.8085210085039307,52982,W Targee St,1.0
119485890,,119025617,fill,2.246091768794546e-08,1.0894972103650957,104033,S Empire Way,1.0
119486115,,117615281,fill,1.06885496406308e-07,0.004276593111512739,41676,E Locust Ln,1.05
119490246,,119147707,fill,2.0954757928848267e-09,0.22720738831242215,52982,W Targee St,1.0
119490345,,484352167,fill,9.453382900808058e-08,0.2833615706008459,102320,Homedale Rd,1.015
119490629,,119912883,fill,1.027299881953965e-06,0.26046156450433955,49331,W Railroad Dr,1.0
119490896,,118987386,fill,3.727108843992958e-09,0.07056297769196362,102305,N Esquire Dr,1.0
119490904,,119299458,fill,9.313225746154785e-10,0.6478202177986532,114246,N Avenue D,1.0
119490927,,119061232,fill,0.0,0.0014033889479492245,102326,W Bella St,1.0
119490928,,119205796,fill,7.800382556065617e-08,0.05724914786804902,102290,W Breneman St,1.0
119490930,,1058121707,fill,0.0,0.08617051635735606,106527,S Walnut St,1.0
119490965,,384138866,fill,3.571549218468605e-07,0.05884414833701612,44882,S Eisenman Rd,1.147
119491013,,120001801,fill,0.0,0.024324763818754036,116947,W Spring Mountain Dr,1.0
119491039,,120001813,fill,5.3141649872770696e-08,0.09448256243280184,44141,S Cloverdale Rd,1.0
119491319,,119937597,fill,4.3083736251673995e-08,0.13702453449488416,105287,W Iowa Ave,1.058
119492441,,119065010,fill,9.313225746154785e-10,0.016490176751688068,104255,N Raymond St,1.0
119495041,,119138805,fill,0.0,0.4790525989261596,105142,S Black Cat Rd,1.0
119496471,,119028652,fill,1.210719347000122e-08,2.2986764867421243,53020,S Kit Ave,1.0
119499364,,119281747,fill,5.169328509034215e-06,0.16374424893666628,103816,W Robertson Dr,1.0
119499367,,119010127,fill,3.899913281202316e-08,0.4433295363164689,103358,W Targee St,1.0
119499369,,119111436,fill,1.0360963642597198e-08,0.3870698116518838,103620,W Kootenai St,1.024
119499376,,119588159,fill,0.0,0.23605470465417966,105687,S Manitou Ave,1.0
119499380,,119106966,fill,2.0489096641540527e-08,0.06294145462732104,104544,W Irving St,1.054
119499385,,119165852,fill,0.0,0.04040560639509749,103343,N 19th St,1.0
119499388,,119043148,fill,0.0,0.1410127888427155,103344,N 6th St,1.0
119504122,,118987101,fill,0.0,0.22205598261740533,102276,N 16th St,1.0
119504126,,119281656,fill,4.509330890651693,11.076030559108943,103280,E Shenandoah Dr,1.0
119504224,,119575801,fill,2.0954757928848267e-09,0.06604459973166854,42982,W Floating Feather Rd,1.0
119504243,,119184601,fill,5.4397671086885e-07,5.182069573728256,47150,E Lake Forest Dr,1.029
119504267,,119118297,fill,4.190951585769653e-09,0.03685862336055834,45068,W Columbia Rd,1.0
119504277,,484355448,fill,7.721793896880236e-07,21.605589228200074,107805,N Collister Dr,1.0
119505177,,428981187,fill,0.0,0.042583128233218304,117310,,1.0
119506376,,119250349,fill,0.0,0.4871528169209398,112794,N 1st St,1.0
119506461,,119473791,fill,0.0,0.047240859582416306,103544,Homedale Rd,1.0
119507834,,1058107057,fill,0.0070606575967774605,0.034725326274383406,46031,N 14th St,1.597
119507838,,1058096820,fill,0.0,2.3688362908307568,42230,W Cesar Chavez Ln,1.0
119507896,,448706967,fill,0.0,0.20007129256242706,117386,Midland Blvd,1.0
119507957,,119818938,fill,0.0,0.672907951231025,107266,S Locust Grove Rd,1.034
119509673,,119824041,fill,0.0,1.1439779972561723,105227,N Kimball St,1.0
119509700,,119266990,fill,0.0,0.28517427379338756,112164,N 36th St,1.0
119509705,,119563217,fill,1.1522888291513932e-07,0.22911293099986096,43175,Locust Ln,1.0
119511306,,119340386,fill,9.225315486014544e-07,0.8513368269022976,104295,E Stonepoint Dr,1.0
119516876,,119048522,fill,0.0,0.23168551509309054,103266,W Bannock St,1.0
119516877,,119205802,fill,0.0,0.04287412911054389,102276,N 16th St,1.0
119516881,,1058066298,fill,0.0,3.5848071966271107,117609,N 15th St,1.038
119516930,,119848238,fill,0.0,0.06487250841524883,47067,N Milwaukee St,1.175
119516933,,119030800,fill,0.0,3.8063935513464457,104255,N Raymond St,1.0
119520840,,119738204,fill,0.0,1.4869706771202686,104330,Sunnyridge Rd,1.0
119520880,,119554373,fill,0.0,1.525925920595455,106339,S 2nd St,1.0
119522985,,119306423,fill,0.0,0.010790732118493906,102288,W Taft St,1.0
119523316,,119094056,fill,3.1443778425455093e-07,0.08565269731877834,106947,W Victory Rd,1.0
119523418,,119051155,fill,0.0,1.2912220680665314,105141,S Sub Station Rd,1.044
119527744,,484357547,fill,0.0,0.3299032187545663,106947,W Victory Rd,1.039
119528076,,119215351,fill,1.3783888736723023e-06,2.4230453572735655,52816,W Boise Hills Dr,1.0
119528090,,119588161,fill,0.0,2.170391867572647,117886,S 11th St,1.118
119528091,,1030190830,fill,4.27420245266655e-09,6.875873069269744,105894,S Grant Ave,1.0
119528092,,119559964,fill,0.0,0.06145470053115787,52982,W Targee St,1.0
119528095,,119573287,fill,0.0,0.1028058099564646,111482,W Good St,1.0
119528624,,119196586,fill,2.636955060005479e-07,0.20915555607740544,105206,W Black Canyon Hwy,1.0
119528745,,119222557,fill,1.2494234590798814,40.23014302106583,43955,W Riverside Dr,1.02
119529251,,119210574,fill,0.0,0.06883015055009878,106158,W Emerald St,1.189
119529268,,119213763,fill,2.0489096641540527e-08,0.05143943696981523,104532,W Desert Ave,1.0
119530379,,384145369,fill,6.833579391241074e-08,0.05706038607786468,104874,SW Old Grandview Hwy,1.0
119530868,,484386209,fill,0.0,0.07253086620966087,106937,S Cole Rd,1.0
119533400,,119486115,fill,1.234002411365509e-08,0.021627245092872727,41676,E Locust Ln,1.05
119533446,,119081066,fill,1.979060471057892e-09,0.053796454086182166,102279,W Ada St,1.0
119533469,,119736795,fill,4.0745362639427185e-09,0.042164697842963506,46896,W Malad St,1.0
119533488,,119060829,fill,9.313225746154785e-10,0.21846448370646954,45459,S Mitchell St,1.0
119533909,,119478983,fill,7.825326747298243e-08,0.19358626876800145,41305,W Columbia Rd,1.0
119533924,,119298834,fill,5.589147975741794e-09,0.016639231218107398,110869,N Ten Mile Rd,1.0
119534311,,119258118,fill,0.0,0.10125922532301956,105227,N Kimball St,1.0
119534336,,119554335,fill,0.0,0.1423223951233581,43800,W Pine Ave,1.121
119534344,,119917500,fill,4.7301308790029384e-08,0.007282147676448858,111914,Iowa Ave,1.0
119535376,,448733683,fill,3.039595804389679e-07,0.05920498915747885,102320,Homedale Rd,1.015
119535480,,119604500,fill,1.0964990777124814e-05,0.22786020149413844,112264,Stockton St,1.0
119535785,,383849226,fill,2.728393687920692e-08,0.03351914436888137,45216,S Eisenman Rd,1.23
119535799,,448727498,fill,1.041250292910165e-08,0.9125551644062853,46107,Orchard Ave,1.0
119535803,,119547350,fill,0.0,0.7624567467036059,48365,Allendale Rd,1.0
119535820,,118988024,fill,0.0,0.07495634088843417,102326,W Bella St,1.0
119535836,,119012714,fill,0.0,0.2532749042565001,103266,W Bannock St,1.0
119535837,,119025600,fill,0.0,0.8789499631497506,104030,W Garfield St,1.0
119535846,,119116071,fill,1.343729367846781e-07,1.8333811362638244,107912,E Hard Rock Dr,1.0
119535852,,119285878,fill,6.170012056827545e-09,0.11879942953595446,105318,W Spaulding St,1.0
119535854,,119075645,fill,9.313225746154785e-10,0.09812790831264806,103272,S Phillippi St,1.0
119535883,,119063495,fill,0.0,0.013094594656706704,102323,S Montana Ave,1.0
119538303,,119699057,fill,1.108312994302231e-07,0.0666294812467072,105312,W Pomona Rd,1.0
119538916,,384185236,fill,3.4238773327909275e-09,1.7440106656486023,106255,N Shamrock St,1.0
119539983,,119118258,fill,0.0,0.1909558245253038,107713,S Powerline Rd,1.0
119539999,,119451688,fill,0.0,0.35732500509243437,112758,N Meadowland Dr,1.0
119540005,,119116008,fill,0.0,0.11630680187050757,107906,W Selway St,1.0
119540244,,120081292,fill,0.0,40.38439237576432,118150,N Garden St,1.101
119540248,,119021708,fill,0.0,0.09440429687560936,103865,W El Gato Ln,1.0
119542676,,119810537,fill,9.313225746154785e-10,4.282387237708463e-06,103272,S Phillippi St,1.0
119542767,,119007849,fill,0.0,1.6176822518606855,103255,E Victory Rd,1.0
119543134,,119937448,fill,9.313225746154785e-10,0.6084188976111591,42414,E 11th St,1.0
119543423,,119648106,fill,5.222234202653738e-07,3.114820029212922,112485,Wayne Dr,1.0
119543656,,384123925,fill,0.0,5.810082881686753,44406,Lowell Rd,1.0
119544023,,119874257,fill,0.0,4.59696690313649e-06,108305,N Shamrock Ave,1.0
119544028,,117813294,fill,0.2971916817645029,2.086881683726233,46107,Orchard Ave,1.0
119545518,,119770022,fill,1.4319084584712982e-08,0.03315015210313277,45068,W Columbia Rd,1.0
119547710,,119133425,fill,3.727108843992958e-09,0.4951677366848344,104339,Gunfighter Ave,1.0
119548582,,384178946,fill,8.149072527885437e-09,0.04017099938690194,111431,W Victory Rd,1.0
119549999,,428962220,fill,2.2272003616120723e-07,0.008668596191284905,114362,E Idaho Blvd,1.0
119551538,,119933068,fill,0.0,0.0677248445274472,103374,N Allumbaugh St,1.0
119551585,,484355449,fill,0.04422062733533798,8.594599138867835,41707,N Bogus Basin Rd,1.0
119552624,,118074907,fill,5.217852157761751e-07,0.6356975822171762,46519,W Linden St,1.0
119553291,,119240556,fill,2.0954757928848267e-09,0.21249127995417894,102551,W Resseguie St,1.0
119553296,,1187508993,fill,0.38088449300923694,0.048314823696870235,44270,Kuna Rd,1.0
119553457,,119707536,fill,0.0,0.019944568059884205,106940,Adams St,1.116
119553458,,119015382,fill,1.641456037759781e-07,0.1697649337289704,103618,W Sunset Ave,1.0
119553464,,119509313,fill,8.630097321033651e-07,16.982124754784422,108485,E Table Rock Rd,1.0
119553514,,119763038,fill,0.0,0.2801588194649298,105854,N Linder Rd,1.031
119553597,,119087972,fill,0.0,0.04139801017186073,102279,W Ada St,1.0
119553601,,119619354,fill,0.0,0.17657042763659092,106947,W Victory Rd,1.0
119553613,,119158482,fill,1.0244548320770264e-08,0.02848853517389216,52347,W Camas St,1.0
119553638,,461334879,fill,3.463355824351311e-08,0.15433848617385593,42499,6th Ave S,1.0
119553649,440882522,484355405,override,7.256361997380803e-07,0.1339533590448525,102273,N 13th St,1.019
119553670,,118041632,fill,0.0,0.5863455524898882,53020,S Kit Ave,1.0
119554309,,484363074,fill,2.1753078363792444e-06,11.37310981656131,118456,N Eyrie Way,1.0
119554333,,119622010,fill,7.450580596923828e-09,0.011206417337348284,44141,S Cloverdale Rd,1.0
119554335,,119740788,fill,6.170012056827545e-09,0.4089231115401617,43800,W Pine Ave,1.121
119554336,,119790760,fill,0.0,0.012033211590704695,102839,S Linder Rd,1.181
119554340,,119238163,fill,9.313225746154785e-10,0.7279753723327644,103804,S 10th St E,1.0
119554438,,119740935,fill,6.92385103682057e-06,3.8663385339969523,49589,W Gowen Rd,1.029
119554456,,119004000,fill,0.20330879781485953,0.08708896650966835,103008,W McMillan Rd,1.0
119555110,,119008018,fill,0.0,0.3476069601496192,103266,W Bannock St,1.0
119555162,,119107110,fill,3.480818122625351e-08,0.29661660991752115,106639,W Williams St,1.0
119555202,,119330340,fill,4.0745362639427185e-09,0.114295638013175,49171,W Holbrook Ave,1.0
119555204,,119223613,fill,8.568825660843633e-07,12.461427568680335,108351,E Parkriver Dr,1.0
119555237,,119499388,fill,5.00142998371593e-07,0.48565828609724804,103344,N 6th St,1.0
119555238,,118988758,fill,0.0,0.08770423531618121,102353,N Star Rd,1.0
119555277,,119114130,fill,8.149072527885437e-09,1.6408470262319952,102326,W Bella St,1.0
119555404,,119528681,fill,0.0,0.22856764254078143,105141,S Sub Station Rd,1.044
119555939,,119303597,fill,2.012820914387703e-07,0.35343191654033035,107332,W Delwood Dr,1.0
119556081,,119754722,fill,2.7939677238464355e-09,2.1528638173211334,107713,S Powerline Rd,1.0
119556101,,118096599,fill,3.8373315584733266e-07,0.0708032333744768,54899,Warren Spur Rd,1.0
119558061,,119852205,fill,6.456870328458905e-07,0.5535645419989237,42586,E Island Woods Dr,1.0
119558992,,119170704,fill,2.6426278054714203e-08,0.047137802548547825,104331,E Commercial St,1.16
119558993,,119625189,fill,9.342329576611519e-08,0.0711497835618502,48548,E Main St,1.0
119559032,,117828469,fill,2.3828965178990725e-07,1.8056503944219457,44333,Loomis Ln,1.0
119559071,,119094989,fill,1.234002411365509e-08,0.07999796573332674,105287,W Iowa Ave,1.058
119559108,,117587637,fill,0.0,1.6208715921833345,41462,W Roosevelt Ave,1.275
119559821,,474864959,fill,0.0,2.7608016004456886,118600,Ridgecrest Dr,1.0
119559828,,119160955,fill,0.0,0.23641493429732918,109597,W Newman St,1.0
119559870,,119140390,fill,8.570729705884099e-08,12.304928409912009,102288,W Taft St,1.0
119559916,,119118276,fill,0.0,0.031503980265370046,102273,N 13th St,1.019
119559971,,119106248,fill,0.0,0.08179142675794537,107449,N Avenue E,1.0
119559975,,119241422,fill,1.4685140898966206e-06,0.17601478271632232,41940,W Hillcrest Dr,1.0
119559976,,119590229,fill,1.862645149230957e-09,0.45069557201935595,103375,S Roosevelt St,1.108
119560029,,119220663,fill,5.6225248133313945,5.182866414789828,111670,N Ten Mile Rd,1.0
119560154,,119626785,fill,3.0747752672469574e-08,0.08612906999564984,105987,W Bethel St,1.0
119563100,,117755790,fill,1.9138183216251988e-07,15.317682183015165,44660,W K-Bar-T Dr,1.0
119563101,,119241459,fill,3.596932032933217e-08,0.008181811614292656,104295,E Stonepoint Dr,1.0
119563104,,119271115,fill,21.06451478785571,0.6259480654424578,105716,W Joplin Rd,1.123
119563112,,119453769,fill,0.0,1.4070008886988035,47067,N Milwaukee St,1.142
119563125,,383866624,fill,2.6757906610780465e-07,10.319873249895068,105520,E Windsong Dr,1.0
119563217,,384186012,fill,2.899115514493893e-07,0.13005600690098618,43175,Locust Ln,1.0
119563225,,117889429,fill,1.3812677934765816e-07,1.601606667292458,44931,E Park St,1.025
119564151,,119294550,fill,0.0,0.11203821934503821,102564,Lake Ave,1.051
119567643,,119846257,fill,0.1898580743359922,23.28605603573027,43607,Burnt Log Rd,1.0
119568603,,117968180,fill,0.0,0.015117932696739445,47783,S Whisperwood Way,1.0
119572289,,1030191031,fill,1.1843941741918133e-07,0.03592589144682279,117886,S 11th St,1.118
119572298,,119285969,fill,2.1137791287036383e-07,4.200326794776856,104706,N Garrett St,1.107
119572300,,119210506,fill,0.0,0.3613037425031962,111320,N 39th St,1.033
119572341,,384165760,fill,9.313225746154785e-10,0.09681863311300276,108366,Batt Corner Rd,1.0
119572344,,119095010,fill,2.6156484000726004e-05,0.7135888373986745,106986,Industrial Rd,1.0
119572363,,119076599,fill,0.0,0.05712241603282564,103352,N Alamo Rd,1.0
119572365,,119666958,fill,0.0,0.7537421386622043,108352,S Curtis Rd,1.029
119572372,,119042795,fill,2.6775524020195007e-08,0.3800181000431735,104800,Base Line Rd,1.0
119572881,,484427830,fill,0.0,0.005358115108037964,43114,Birch Ln,1.039
119572898,,119245501,fill,1.1352662279495216e-06,0.10620172962939023,104217,S Kimball Ave,1.025
119573002,,119318893,fill,0.40094302638258755,11.665615720246478,105311,S White Cloud Dr,1.0
119573012,,119215009,fill,0.0,0.01981005363057875,103507,N Eldorado St,1.0
119573014,,119055935,fill,2.7594360624296513e-08,0.08354426984197971,46025,N Redway Rd,1.0
119573035,,119753224,fill,4.749973390391082e-08,0.1387759063954661,118891,S Development Ave,1.0
119573038,,119062464,fill,0.0,0.031192595795801026,105576,S Vermont Ave,1.0
119573287,,119238234,fill,0.0,0.22081488346583455,111482,W Good St,1.0
119573295,,119601040,fill,5.134760360111663e-08,0.025757665839250876,103358,W Targee St,1.0
119573377,,119028698,fill,0.0,0.04766558407288812,104160,Franklin Rd,1.0
119573431,,119094013,fill,0.0,0.026955976319811725,106944,W Riley Ct,1.0
119573433,,119131363,fill,0.0,0.023267008101669262,105894,S Grant Ave,1.0
119573435,,119252594,fill,2.0954757928848267e-09,0.13407105160888477,104270,W Union St,1.245
119574535,,119299459,fill,2.8957882495089745e-07,0.010259415458648391,105910,E McKinley St,1.0
119574555,,119340038,fill,0.0,0.027313530905757943,103814,W Morris Hill Rd,1.0
119574559,,119174757,fill,14.732486986518362,37.999682044973326,103013,N 25th St,1.0
119574606,,384153234,fill,0.0,0.09946706901166635,118939,Clear Creek Rd,1.0
119574626,,119699058,fill,4.64583629330991e-06,0.2893975282150336,103016,N Mountain View Dr,1.0
119574654,,119102195,fill,0.0,12.370577643715166,41526,E Island Woods Dr,1.0
119575742,,1058066286,fill,0.0,0.6814316445412203,102273,N 13th St,1.019
119575801,,120079194,fill,2.260376680519851e-08,0.0556361060534698,42982,W Floating Feather Rd,1.0
119575908,,119102159,fill,2.1622246166920438e-08,2.626576954168854,107271,E Lewis Ln,1.0
119576590,,119788497,fill,6.5574548469599e-06,23.952881954199086,112485,Wayne Dr,1.0
119576591,,383852747,fill,0.0,0.0724062122415603,42499,6th Ave S,1.0
119576627,,119626478,fill,1.024520975011019e-08,3.4744841160817828,41707,N Bogus Basin Rd,1.0
119576638,,119285894,fill,2.1979212760925293e-07,0.23130674488913883,43114,Birch Ln,1.039
119578396,,119071294,fill,2.876966268489414e-08,0.002022276838488324,105987,W Bethel St,1.0
119578407,,119160925,fill,0.0,4.054929718222411e-06,104825,N 20th St,1.0
119578408,,119131253,fill,2.0489096641540527e-08,0.001173337209309011,103807,W Jefferson St,1.067
119578409,,119824045,fill,1.234002411365509e-08,0.08453270305244587,102723,W Northview St,1.059
119578786,,119578410,fill,0.0,0.14335102615086726,103273,N Hartman St,1.0
119578788,,119093965,fill,3.3407621559525454e-07,0.1723029607290414,106940,Adams St,1.116
119578794,,119205201,fill,0.0,0.019405196933917068,102835,W Lemp St,1.0
119578810,,119126565,fill,7.054589329380398e-06,0.0556101275597598,106940,Adams St,1.116
119578812,,119081058,fill,4.7264620661735535e-08,0.10604290337516886,105506,W Bellomy Ln,1.0
119578832,,119210536,fill,1.922385846778831e-06,0.5101056460210884,103016,N Mountain View Dr,1.0
119580257,,448718418,fill,12.77350732628516,15.18389665754978,103814,W Morris Hill Rd,1.0
119580319,,119763137,fill,0.3899759163784286,8.023935697697937,108686,S Solar Way,1.0
119580333,,119075364,fill,0.0,1.0295010708808263,46454,N 2nd St,1.0
119580338,,119177043,fill,3.8280416783214993e-07,2.2133200468547045,47150,E Lake Forest Dr,1.029
119580366,,117921176,fill,0.0,0.11062606409905129,46616,Lake Lowell Ave,1.0
119580970,,119474972,fill,0.0,0.018536306517717094,102323,S Montana Ave,1.0
119581856,,117807972,fill,2.0954757928848267e-09,0.49456883371968274,45462,W Dewey St,1.0
119581857,,119223566,fill,0.0,1.3271536154686032,102303,N 32nd St,1.0
119581938,,119636422,fill,0.0,25.984596828249437,119101,E Park Blvd,1.257
119583875,,119093904,fill,0.0,2.5751586043429597,106931,S Beverly St,1.0
119583887,,1058096005,fill,1.8505745146151406e-07,0.1344329721913482,107517,Greenhurst Rd,1.0
119583915,,119184039,fill,0.0,0.10677980555101385,102274,N 14th St,1.0
119583921,,119736846,fill,0.0,3.972874765167944e-06,103273,N Hartman St,1.0
119583982,,119746346,fill,5.587935447692871e-09,0.4736651778939631,106946,N Wildwood St,1.0
119584075,,119779897,fill,1.979060471057892e-09,0.21176002399027993,107510,W Clark St,1.0
119588159,,119131366,fill,0.0,0.25558636640244004,105687,S Manitou Ave,1.0
119588161,,119572289,fill,4.457703200784527e-07,0.07060346237855697,117886,S 11th St,1.118
119588164,,119228380,fill,1.6625151422821075e-07,0.11645135187774258,102283,W Sunset Ave,1.0
119588166,,119205798,fill,1.862645149230957e-09,0.32168193910297305,102273,N 13th St,1.0
119588171,,119196211,fill,9.536056622634232,0.12942478324572448,103280,E Shenandoah Dr,1.0
119588315,,119196190,fill,0.0,1.044748566402859,103345,W Idaho St,2.597
119588317,,119252539,fill,2.0826372454372778e-07,1.3648080605493078,110953,W Ellis Ave,1.0
119588323,,119591353,fill,1.3550743460655212e-07,0.4645927592529233,102283,W Sunset Ave,1.0
119588324,,119117972,fill,0.0,3.0496105422496385,104037,W Hill Rd,1.0
119588348,,119126621,fill,0.0,0.03967825119133295,108309,W Howard St,1.0
119588814,,119289829,fill,0.0,0.42157996453806845,102323,S Montana Ave,1.0
119588903,,119066905,fill,0.0,0.3517735502539381,45616,S Linder Rd,1.0
119590229,,119299434,fill,9.313225746154785e-10,0.9793246012226575,103375,S Roosevelt St,1.108
119590232,,118999368,fill,4.0745362639427185e-09,0.12278584976189677,102279,W Ada St,1.0
119590241,,1058070585,fill,0.0,0.2360611356760387,117386,Midland Blvd,1.0
119590269,,119610630,fill,1.2375118458567477e-08,0.7286556409999321,103624,W Castle Dr,1.0
119590276,,119183895,fill,0.0,9.608873028810194e-06,110360,Notus Rd,1.0
119590314,,119746318,fill,4.3945604401370863e-07,1.3072603044867037,51360,Main St,1.0
119590320,,118993281,fill,1.4319084584712982e-08,0.05342973213208779,42044,Linden Rd,1.0
119590357,,383803168,fill,0.0,7.85546537324737,119298,S Maple Grove Rd,1.0
119591235,,120094540,fill,0.0,0.14459724127470963,104447,N Illinois Ave,1.385
119591290,,119205148,fill,1.1567828285994667e-06,0.17430878668574223,111098,S Apple St,1.031
119591313,,117864122,fill,4.08638674136088e-07,24.24449084421542,44213,N Riverside Dr,1.0
119591352,,119089043,fill,6.5485767570968215e-06,0.07280901590189615,106717,E 48th St,1.0
119591353,,119344419,fill,4.3083736251673995e-08,0.25452274919427964,102283,W Sunset Ave,1.0
119591354,,119588164,fill,0.0,0.3610880911679146,102283,W Sunset Ave,1.0
119591383,,119089195,fill,0.0,0.26947874400826777,106735,W Chamberlin St,1.0
119591384,,119093950,fill,2.0954757928848267e-09,0.44175474680838533,103280,E Shenandoah Dr,1.0
119591386,,1187329239,fill,0.05143205098963864,1.8708001526068188,106431,S Orchard Access Rd,1.0
119592490,,119340483,fill,0.0,0.8016128405712948,48436,Alworth St,1.0
119592515,,119890284,fill,0.0,0.0032476029288659447,104710,S Saturn Way,1.0
119592553,,118987900,fill,3.8396596935755585e-07,0.09872587136186439,102320,Homedale Rd,1.0
119592561,,119078302,fill,0.0,0.09232083578308448,102323,S Montana Ave,1.0
119592628,,119517251,fill,4.2269023085068085e-08,0.5835391052972341,105082,W Lake Fork Rd,1.0
119593217,,383823934,fill,3.702007234096527e-08,0.0008771210649456407,46688,E Lewis Ln,1.0
119593242,,119036686,fill,0.0,0.6320599245017604,103375,S Roosevelt St,1.108
119593289,,119583982,fill,0.0,0.23955515577915776,106946,N Wildwood St,1.0
119597388,,119241503,fill,0.0,0.19558605811852203,106946,N Wildwood St,1.0
119597505,,117737640,fill,1.2764917477194584e-07,0.009258484235459719,44196,6th St N,1.026
119597513,,119077916,fill,3.901025149659779e-08,0.17538359943816317,102320,Homedale Rd,1.015
119597523,,119053293,fill,0.0,0.05879177223357601,104600,Albany St,1.0
119597524,,119496471,fill,4.6566128730773926e-09,0.2767471372825412,53020,S Kit Ave,1.0
119599403,,119004027,fill,1.862645149230957e-09,0.3894210884060385,43185,Fargo Rd,1.0
119599404,,119988657,fill,0.08989196658125724,1.4695030566361993,108366,Batt Corner Rd,1.0
119599406,,1030202520,fill,0.0,0.10968398821415803,102278,W Brumback St,1.0
119599411,,118987887,fill,0.009920690108117362,79.52094654757731,102319,N McKinney St,1.0
119599472,,119085028,fill,0.0,1.1800825707823606,106335,Friends Rd,1.0
119599571,,119588903,fill,9.385703304198744e-10,1.404111378506002,45616,S Linder Rd,1.0
119601039,,119783019,fill,0.0,0.7932684146511804,103375,S Roosevelt St,1.108
119601041,,119025591,fill,6.05359673500061e-09,0.20977816990102838,104028,W Wright St,1.0
119601097,,119094034,fill,9.313225746154785e-10,0.006491391093788934,106946,N Wildwood St,1.0
119601099,,440882431,fill,0.0,1.3485762819310025,47671,N Glenwood St,1.127
119602108,,119621131,fill,1.4435499906539917e-08,0.416572288117834,104532,W Desert Ave,1.0
119602113,,119544023,fill,0.0,5.211529128246184e-06,108305,N Shamrock Ave,1.0
119602157,,119223576,fill,0.04021681721744216,0.16793757258568576,102278,W Brumback St,1.0
119604500,,448718426,fill,1.3811828062053316e-05,0.4602633667474265,112264,Stockton St,1.0
119607635,,119533403,fill,0.019082334023248933,6.419185843028856,103501,S 8th St,1.0
119607692,,119160949,fill,3.443948660445038e-06,0.15621422178509192,103016,N Mountain View Dr,1.0
119607711,,119625127,fill,0.0,0.006795829315649371,42650,N Allumbaugh St,1.06
119607713,,770993230,fill,0.0,0.011650526251287374,43859,Linden Rd,1.0
119607730,,119160845,fill,0.0,0.06621740614275495,103350,W Idaho St,1.0
119609225,,119070062,fill,0.0,0.0815046086855773,102324,N 10th St E,1.0
119610630,,119065050,fill,0.0,0.004620725785969171,103624,W Castle Dr,1.0
119610653,,119942023,fill,0.0,1.4619839516183504,113482,Yellowpine Ave,1.0
119611846,,1030190584,fill,0.014213862522008241,0.8629645911981356,104029,W University Dr,2.242
119611911,,119339336,fill,0.06504684324318617,0.36857737528350754,108495,11th Ave N,1.0
119611996,,119197210,fill,4.0458543542113516e-07,24.254969182667594,108050,N Riverside Dr,1.0
119612006,,119086765,fill,0.0,0.16328501248489147,106639,W Williams St,1.0
119612010,,119573002,fill,0.0,11.646948748648072,105311,S White Cloud Dr,1.0
119612020,,119750048,fill,0.040246422847235994,0.14858208120551808,106946,N Wildwood St,1.0
119612317,,119236402,fill,0.0,20.688051169795585,43955,W Riverside Dr,1.02
119613864,,117972811,fill,9.313225746154785e-10,1.5272649490934498,46986,S 2nd St,1.0
119613879,,119444072,fill,6.170012056827545e-09,0.005331069181011117,105906,W Smith Ave,1.0
119614011,,119132359,fill,6.159074698052816e-08,0.35917055382321905,104029,W University Dr,1.0
119614024,,119138815,fill,0.0,1.5187434374880695,44141,S Cloverdale Rd,1.0
119614482,,119299454,fill,0.02161679911495712,89.04696965982805,103013,N 25th St,1.0
119614483,,119060836,fill,0.0,0.08446367466467564,103807,W Jefferson St,1.067
119616314,,119035442,fill,0.0,0.10352426309196971,102323,S Montana Ave,1.0
119616500,,119070184,fill,0.0,0.04213861675211206,105228,S Five Mile Rd,1.0
119616522,,119287219,fill,8.265487849712372e-09,0.05576285241573942,41462,W Roosevelt Ave,1.028
119616554,,119343867,fill,6.984919309616089e-08,0.015848270342758042,108044,W Highlander Rd,1.0
119616558,,119126595,fill,0.0,0.023081283201179303,108305,N Shamrock Ave,1.0
119616621,,119200818,fill,3.282912075519562e-08,0.4691561025111355,55051,W Malad St,1.0
119616625,,119144250,fill,1.641456037759781e-08,0.2303921617249216,52982,W Targee St,1.0
119616637,,119324546,fill,0.0,0.00043019039651426283,44681,E Karcher Rd,1.074
119616651,,119732560,fill,9.313225746154785e-10,0.49231284159537836,104217,S Kimball Ave,1.0
119616705,,384138093,fill,0.0,0.028671858767211233,104099,S Robinson Rd,1.0
119617139,463714752,383813627,override,0.019723061500266766,0.4614895428800878,46660,W Deer Flat Rd,1.043
119617252,,119065011,fill,0.0,0.48452649528894653,105674,N Fry St,1.0
119617755,,448698546,fill,0.0,0.04548816710604342,46107,Orchard Ave,1.0
119619354,,119739473,fill,7.811468094587326e-08,0.10661853723354398,106947,W Victory Rd,1.0
119619458,,119662998,fill,0.0,0.1467325145147811,102551,W Resseguie St,1.0
119621131,,119036624,fill,4.0745362639427185e-09,0.580763424119084,104532,W Desert Ave,1.0
119621153,,119198456,fill,1.0058714964464759e-07,0.357330034849781,102723,W Northview St,1.0
119621175,,117813243,fill,0.28492987033565126,0.40343836082320195,42260,Ustick Rd,1.0
119621182,,119228859,fill,0.0,0.0023152735922167267,112018,E Pine St,1.0
119621933,,119281634,fill,0.0,1.8602030100980187,113708,W Ann Morrison Park Dr,2.242
119622010,,119491039,fill,2.7939677238464355e-09,0.008608169087210626,44141,S Cloverdale Rd,1.0
119622306,,119861534,fill,1.862645149230957e-09,0.47122188431728773,44204,S Swan Falls Rd,1.0
119624000,,117984831,fill,7.000424144031902e-08,6.374779016587411,45354,W Victory Rd,1.0
119625111,,119102124,fill,0.020038583112442283,0.157066497139283,104029,W University Dr,2.242
119625157,,119918439,fill,0.0,0.8371583388408794,104600,Albany St,1.0
119625189,,119122989,fill,3.051502967128126e-08,0.017728946881959473,48548,E Main St,1.0
119625241,,119597505,fill,3.6729695254714616e-06,0.08114677196817865,44196,6th St N,1.026
119625247,,119144018,fill,0.0,0.020185229489470657,103544,Homedale Rd,1.0
119626477,,119828955,fill,4.58738781865218e-07,1.1328975876496088,113135,S Pond St,1.0
119626478,,119198472,fill,0.0,2.8583363717926886,41707,N Bogus Basin Rd,1.0
119626712,,119297986,fill,7.992950865294484e-07,0.9284108816857497,46184,E Barber Dr,1.0
119626772,,119209560,fill,1.0244548320770264e-08,0.5353284667776848,106153,N Linder Rd,1.0
119626785,,119662983,fill,8.265487849712372e-09,0.05527644469276538,105987,W Bethel St,1.0
119626789,,119560154,fill,6.975765006848064e-08,0.0701161767975691,105987,W Bethel St,1.0
119626882,,119128025,fill,2.0041283107605951e-07,4.402816325518813,44099,NE 10th Ave,1.0
119627166,,119553291,fill,0.0,0.0003813981843450165,102551,W Resseguie St,1.0
119627388,,119554340,fill,2.796391991308032e-09,0.6453244274934491,103804,S 10th St E,1.0
119629609,,119224798,fill,9.313225746154785e-10,0.19161030667459045,105227,N Kimball St,1.0
119629615,,118996542,fill,2.246815711259842e-08,0.004689993894317013,102723,W Northview St,1.059
119629617,,119551538,fill,0.0,0.3966811554914216,103374,N Allumbaugh St,1.0
119629618,,119583918,fill,3.836551667013388e-08,12.247285768438587,111796,N Bunchberry Way,1.0
119629651,,119736669,fill,0.0,0.7296426235095623,103624,W Castle Dr,1.0
119629675,,119213929,fill,0.0,0.13890404259910838,106940,Adams St,1.116
119629986,,384121173,fill,0.0,0.0954886033792377,43800,W Pine Ave,1.121
119630121,,118085676,fill,3.073364496231079e-08,0.6977331067094497,42662,Roosevelt Ave,1.0
119633645,,119331926,fill,1.542664969553477e-05,0.8046752153869932,104339,Gunfighter Ave,1.0
119636339,,119093929,fill,0.0,0.18960672792519517,106935,W Emerald St,1.0
119636390,,119055903,fill,1.4994293451309204e-07,0.9031235139465252,53446,W Cassia St,1.111
119636401,,119490246,fill,0.0,0.3776001886851077,52982,W Targee St,1.0
119636411,,383866677,fill,0.0,0.09650287295696103,111328,S 3rd St,1.0
119636416,,119499384,fill,2.0954757928848267e-09,0.27289857814321294,103350,W Idaho St,1.0
119636417,,119025654,fill,0.0,0.14452563748983493,103343,N 19th St,1.0
119636418,,119783060,fill,0.0,0.0007642617243277527,102558,N 31st St,1.0
119636432,,119694735,fill,0.0,0.11143085721499801,50760,N Pierce Park Ln,1.0
119636439,,119534311,fill,0.0,0.06800046298212692,105227,N Kimball St,1.0
119636451,,117868220,fill,1.2972997739761286e-07,0.008865340266197563,47185,6th St N,1.0105
119636492,,117830379,fill,0.0,0.10725020632193605,44560,W Malad St,1.0
119636695,,119245701,fill,0.0,1.1651640491546686,111320,N 39th St,1.033
119638264,,119715210,fill,0.0,36.32986139053827,120390,S Brazil St,1.0
119638404,,119828950,fill,0.0,2.4904264079914356,103374,N Allumbaugh St,1.0
119638472,,119209448,fill,1.641456037759781e-08,0.08153900577929107,103620,W Kootenai St,1.024
119638521,,119010258,fill,4.55366623363115,0.47391772025997625,53446,W Cassia St,1.111
119641123,,118002455,fill,0.0,0.12597970141587211,45578,Bowmont Rd,1.0
119641144,,1030191102,fill,0.0,4.264261856052855,107455,W Island Woods Dr,1.0
119644291,,119230101,fill,0.7110029875855498,19.658380314800695,43071,W Boise Hills Dr,1.0
119648106,,119242614,fill,2.278029783550564e-06,0.2095895055625192,112485,Wayne Dr,1.0
119648214,,119086836,fill,0.0,0.5737986544327782,104029,W University Dr,1.0
119648216,,119499371,fill,1.336095458517775e-07,0.2514788530521628,103358,W Targee St,1.0
119652751,,117768772,fill,0.0,0.024116563086835185,44994,W Freemont St,1.0
119652813,,119232925,fill,0.0,0.6611089699769082,103272,S Phillippi St,1.0
119657672,,1058095904,fill,0.0,38.21216557825966,117386,Midland Blvd,1.0
119657711,,119103440,fill,0.0002351672525702575,0.9644186819676293,107344,S Market St,1.0
119657712,,119010130,fill,0.0,0.0011128238788273848,103359,W Amity Rd,1.0
119657855,,119605379,fill,0.0,0.4095849162357865,119674,S Benjamin Ave,1.0
119657887,,118021332,fill,4.0745362639427185e-09,0.4352258703007692,44397,W Holbrook Ave,1.0
119657888,,119629986,fill,0.0,1.274668036766741,43800,W Pine Ave,1.121
119662983,,119281624,fill,1.4319084584712982e-08,0.15416861472317578,105987,W Bethel St,1.0
119662998,,119627166,fill,0.0,0.09899972798700674,102551,W Resseguie St,1.0
119662999,,119048578,fill,1.862645149230957e-09,0.08858242713324671,103273,N Hartman St,1.0
119664779,,118988657,fill,1.862645149230957e-09,0.5054761490430337,46101,S Black Cat Rd,1.0
119664808,,119539975,fill,3.497423181426786e-08,0.31472572550936206,111914,Iowa Ave,1.0
119665011,,119127520,fill,5.2887890259284205e-06,0.018774069073742794,46303,N 3rd St E,1.0
119667042,,119168368,fill,8.149072527885437e-09,0.6507781607725178,43800,W Pine Ave,1.121
119667043,,119054054,fill,9.441282600164413e-08,0.029982028968447594,102290,W Breneman St,1.0
119667046,,119077982,fill,0.0,9.02676344721965,106257,,1.0
119669476,,119981537,fill,1.696001841072684e-07,0.14060101872678388,112164,N 36th St,1.0
119670930,,119294143,fill,0.0,1.9429453232078515,107058,N Hammett Hill Rd,1.0
119675591,,119135850,fill,0.0,0.03149566997024067,104532,W Desert Ave,1.0
119675609,,119012719,fill,0.0,0.21038786950012422,103502,S 5th St,1.703
119680543,,119783082,fill,1.979060471057892e-09,0.21554779880204933,102279,W Ada St,1.0
119680653,,119021169,fill,2.0954757928848267e-09,0.07613916246356212,103845,W Amity Rd,1.0
119680654,,119325876,fill,0.0,15.029062422511345,104942,E St Luke's Rd,1.295
119680656,,119025680,fill,0.0,7.629976517404657,104046,W President Dr,1.0
119683052,,119883291,fill,1.862645149230957e-09,6.0591920536041926,102608,Mill Rd,1.0
119684595,,119828939,fill,0.0,0.10414224957895613,121312,E Pine Ave,1.542
119685417,,118993130,fill,0.0,0.00027689874286807026,102551,W Resseguie St,1.0
119685423,,118019852,fill,2.3744388215201233e-06,17.239234331123782,48037,Alworth St,1.0
119688750,,119331158,fill,1.2107753146112464e-08,5.905174744851365,104330,Sunnyridge Rd,1.0
119694290,,118987160,fill,0.0,0.1362817822036959,102286,N 28th St,1.0
119694707,,384173074,fill,1.1176477208740068e-08,0.1483099920432096,105556,N Roosevelt St,1.158
119694708,,119103487,fill,9.313225746154785e-10,0.012621763083672022,103377,S Gourley St,1.0
119694722,,119555277,fill,7.392372936010361e-08,0.15553014169239532,102326,W Bella St,1.0
119694723,,119132826,fill,0.0,0.48876415193296907,103343,N 19th St,1.0
119694724,,119340379,fill,0.22973392093005676,7.5320149903745914e-06,104825,N 20th St,1.0
119694726,,119213724,fill,1.0339358500751908e-08,2.1181106629500164,105520,E Windsong Dr,1.0
119694735,,119275653,fill,0.0,0.14567245463263134,50760,N Pierce Park Ln,1.0
119694742,,474859460,fill,0.4271801326888342,1.1774825708523622,108543,Rodeo Ln,1.0
119694780,,119490904,fill,0.0,0.25376495496345797,114246,N Avenue D,1.0
119697639,,429004419,fill,0.0,0.04073581704841445,104448,Hill Rd S,1.0
119698979,,119819615,fill,0.0,3.716452169636625,106335,Friends Rd,1.0
119699057,,119740829,fill,3.4924596548080444e-08,0.08938038749795396,105312,W Pomona Rd,1.0
119699086,,119262977,fill,7.762341587384219e-06,0.3054046430120252,113176,S 3rd St E,1.0
119699757,,119516814,fill,0.0,0.3713402513726578,117603,N Kit Ave,1.0
119699758,,119502617,fill,7.50345544483466e-07,13.42400725592637,104157,Boise Ave,1.0
119700563,,119694290,fill,9.313225746154785e-10,0.1334818381356513,102286,N 28th St,1.0
119701964,,119303761,fill,1.641456037759781e-08,0.7832131471640196,114362,E Idaho Blvd,1.0
119703235,,117812671,fill,1.0856205247492026e-05,1.7876733923256154,42263,N 3rd St E,1.0
119705363,,119248726,fill,0.0,6.945033764783261,104942,E St Luke's Rd,1.295
119705442,,428976776,fill,0.0,1.1396134629792982,47015,Skyway St,1.0
119706214,,119578786,fill,0.0,0.2700288255279588,103273,N Hartman St,1.0
119707536,,119578788,fill,1.6097118135827758e-06,0.027638038028328538,106940,Adams St,1.116
119707537,,119946830,fill,1.3710237534904309e-05,0.5281253603981781,106940,Adams St,1.0
119707541,,1058066295,fill,18.824216637494086,83.49502782611535,106866,N 17th St,1.065
119707542,,119588323,fill,2.0117429928929518e-07,0.1283277420802733,102283,W Sunset Ave,1.0
119707692,,119918604,fill,1.1534205408610653e-05,0.2725752769374594,46303,N 3rd St E,1.0
119713445,,383821805,fill,3.2842328347685766e-08,0.5702763237107433,55051,W Malad St,1.0
119713477,,117820447,fill,1.0909532182993237e-05,1.786896965850815,46303,N 3rd St E,1.0
119716780,,119198535,fill,0.0,0.8540761000274415,110869,N Ten Mile Rd,1.0
119718596,,383828087,fill,0.0,0.051479861145310224,119298,S Maple Grove Rd,1.0
119718689,,119160915,fill,0.0,0.2627698417496731,103375,S Roosevelt St,1.052
119718692,,119075739,fill,0.0,1.2994124822985214,105501,S Euclid Ave,1.0
119718706,,119241469,fill,0.0,2.0350814042571415,45363,W Colchester Dr,1.0
119724043,,119657711,fill,0.0,0.0013098605826940002,107344,S Market St,1.0
119728103,,119818948,fill,0.46840078979682215,2.3589301639589166,106935,W Emerald St,1.0
119728239,,384160146,fill,0.0,0.12386086139954955,46389,W Devonwood Dr,1.0
119729376,,119527744,fill,0.03552030237399194,0.020979273337019322,106947,W Victory Rd,1.039
119731208,,119516930,fill,0.0,0.5802253128298389,47067,N Milwaukee St,1.175
119731253,,484366818,fill,0.10736610817661879,0.5603004057578573,121312,E Pine Ave,2.152
119731280,,119147627,fill,0.0,0.20501679742136503,102326,W Bella St,1.0
119732394,,119707692,fill,1.0107383877162202e-05,0.02285144169246678,46303,N 3rd St E,1.0
119732395,,119530379,fill,3.319143534090801e-08,0.008115301815962539,104874,SW Old Grandview Hwy,1.0
119732429,,484378185,fill,0.0,0.16042292157686688,106940,Adams St,1.116
119732552,,119572344,fill,0.0,0.36954604309551087,106986,Industrial Rd,1.0
119732560,,119752870,fill,9.313225746154785e-10,0.1263336719972017,104217,S Kimball Ave,1.0
119733517,,119234372,fill,2.8545188840201965e-07,0.03337591496051573,41798,W Pine Ave,1.0
119733518,,771052805,fill,0.0,1.4167975322674238,122270,S Happy Valley Rd,1.0
119736669,,119020345,fill,1.0402736627503813e-08,4.417322875565219,103624,W Castle Dr,1.0
119736670,,119081076,fill,0.0,16.629292525087408,106384,N 24th St,1.0
119736671,,1030155642,fill,2.1214618703601813e-07,12.70241837462342,56038,W Silver Crest Dr,1.0
119736795,,119314452,fill,1.0244548320770264e-08,0.021143706038799337,46896,W Malad St,1.0
119736837,,1058066278,fill,1.9393188869607048e-07,0.24697954070899186,103343,N 19th St,1.0
119736838,,119950712,fill,1.4830296758605154e-06,0.008582512872152392,48697,N Robbins Rd,1.0
119736846,,119706214,fill,0.0,0.03072406970591146,103273,N Hartman St,1.0
119736850,,119063370,fill,9.313225746154785e-10,0.09703116212051555,102276,N 16th St,1.0
119738207,,119520840,fill,0.0,2.4757068983130353,104330,Sunnyridge Rd,1.0
119739403,,119271131,fill,0.0,0.7242311237698971,53112,Smeed Pkwy,1.0
119739414,,119140659,fill,0.0,0.33000846382179816,102723,W Northview St,1.0
119739473,,119523316,fill,1.8486753106117249e-07,0.24978906766494902,106947,W Victory Rd,1.0
119740571,,119262926,fill,1.5204126272202084e-07,2.2429448513163095,103255,E Victory Rd,1.0
119740589,,119103641,fill,1.945752204460882e-06,0.2085686398563098,103635,17th Ave S,1.0
119740788,,119667042,fill,0.0,0.00923351930850913,43800,W Pine Ave,1.121
119740829,,119182697,fill,3.702007234096527e-08,0.014485554985128601,105312,W Pomona Rd,1.0
119740831,,119132338,fill,0.0,0.8330723580534709,105556,N Roosevelt St,1.158
119740935,,119281784,fill,3.56875246706454e-07,0.8622033118521131,49589,W Gowen Rd,1.029
119745495,,119121902,fill,1.6953255389419095e-06,21.825269579809913,43955,W Riverside Dr,1.02
119746346,,119281705,fill,1.2107753146112464e-08,0.8495448638347796,106946,N Wildwood St,1.0
119746352,,119555204,fill,3.930706926282163e-07,1.1810147032510372,108351,E Parkriver Dr,1.0
119748536,,450149413,fill,0.0,5.556172540289424,122550,E Parkcenter Blvd,1.233
119748537,,119249294,fill,0.0,0.1877669806430049,112756,E Parkcenter Blvd,1.0
119748543,,450149382,fill,0.0,0.3474901235939569,122552,E Parkcenter Blvd,1.0
119748544,,119748556,fill,1.583933024825058e-08,0.9775853691750171,112756,E Parkcenter Blvd,1.0
119748575,,119748523,fill,1.5134748518176856e-07,3.1146480860409724,43491,E Parkcenter Blvd,1.0
119748702,,119592561,fill,9.313225746154785e-10,0.002169060619735319,102323,S Montana Ave,1.0
119749261,,119223573,fill,0.0,0.1830954275447425,102278,W Brumback St,1.0
119750104,,119042808,fill,0.0,0.2594621590063184,43114,Birch Ln,1.039
119750653,,484355437,fill,0.0,17.02471982610382,122604,Bradley St,1.0
119753250,,119563104,fill,1.34293235671915e-07,0.7578830957447167,105716,W Joplin Rd,1.123
119753718,,119089202,fill,0.0,0.24195265917148845,45865,W Shoup Ave,1.0
119754216,,484363163,fill,2.361854293285147e-08,17.00417054893842,53017,Skyway St,1.0
119754217,,119758666,fill,1.862645149230957e-09,0.8491056726515467,104939,N Midland Blvd,1.585
119754563,,119053263,fill,0.0,0.3051931911746806,42040,Lowell Rd,1.0
119754722,,384138237,fill,1.862645149230957e-09,0.41783238902337416,107713,S Powerline Rd,1.0
119754770,,119090005,fill,1.7346883001317647e-07,0.3771406347382822,46411,Loomis Ln,1.0
119757573,,383803905,fill,2.6932520535158444e-07,1.1032449857715392,103367,W Mace Rd,1.0
119758547,,118021324,fill,0.0,0.23380534972909572,52343,E Revere St,1.0
119758549,,119200829,fill,5.68339095416371,0.25742851464156047,49031,E Bergeson St,1.0
119758550,,119020400,fill,0.0,2.3874530830863137,103816,W Robertson Dr,1.0
119758551,,119103470,fill,1.6818017543132648e-07,27.89148628086258,53446,W Cassia St,1.111
119758571,,119051131,fill,0.0,0.1815102981144605,105136,3rd St N,1.128
119758576,,119126615,fill,4.9252487178275815e-08,0.11438452524237164,105987,W Bethel St,1.0
119758582,,119160846,fill,0.0,0.333692552165644,103807,W Jefferson St,1.593
119758589,,119856807,fill,0.0,4.542429090329534,106539,E Reserve St,1.0
119758666,,119329137,fill,5.7742469040871877e-08,0.5554393629777223,104939,N Midland Blvd,1.585
119758685,,119058419,fill,9.313225746154785e-10,0.01890956042848302,104447,N Illinois Ave,1.385
119761204,,119010213,fill,2.850959892350289e-07,0.3768061209351856,103367,W Mace Rd,1.0
119762960,,119344244,fill,6.015248509216414e-07,10.028169452435037,46784,Davis Ave,1.0
119762994,,119616625,fill,1.0244548320770264e-08,0.16036463826856107,52982,W Targee St,1.0
119763011,,384141247,fill,0.3207467572058773,0.8534064350127721,41290,Birch Ln,1.03
119763038,,119192374,fill,0.0,0.36122633109818025,105854,N Linder Rd,1.031
119765319,,1187486111,fill,0.0,0.928646710058814,122920,Black Canyon Rd,1.0
119765405,,1187508717,fill,2.7939677238464355e-09,0.18976631018102808,44300,Farmway Rd,1.0
119766046,,119956633,fill,0.0,0.1280505409800412,48548,E Main St,1.0
119767527,,461314296,fill,0.0021957427441781007,3.949117119029836,108351,E Parkriver Dr,1.0
119767605,,119245717,fill,6.867752988980811e-06,0.6501023356481426,103635,17th Ave S,1.0
119768861,,119864997,fill,1.862645149230957e-09,3.2311512325462957,106731,S Annett St,1.0
119770022,,119860262,fill,6.985540163740208e-08,0.06805968353501157,45068,W Columbia Rd,1.0
119771139,,119991368,fill,0.05476070084534394,0.5926109014247345,102564,Lake Ave,1.0
119772686,,119116082,fill,0.0,2.8622364157560014,104534,W Executive Dr,1.0
119772694,,119883346,fill,1.8498629079249735e-07,0.02511774591005178,45354,W Victory Rd,1.0
119772754,,119234049,fill,0.31917768156410403,0.10899493062231613,106947,W Victory Rd,1.0
119774003,,384166371,fill,1.8289084186073725e-07,0.09629509972532446,41471,W Malad St,1.0
119777908,,119558992,fill,1.6298145055770874e-08,0.0017971945346175744,104331,E Commercial St,1.16
119779816,,118987168,fill,3.899913281202316e-08,0.38184173384649966,102288,W Taft St,1.0
119779893,383866687,119053494,override,7.047402060029223e-07,1.3611838421002176,105228,S Five Mile Rd,1.0
119779897,,119783074,fill,1.979060471057892e-09,0.00033874893847496423,107510,W Clark St,1.0
119783019,,119055854,fill,0.0,0.04951648116721685,103375,S Roosevelt St,1.108
119783029,,119054053,fill,0.0,0.07173580367214072,102275,N 26th St,1.035
119783055,,119084261,fill,4.004860336414538e-07,0.2991100633120709,106536,N 38th St,1.0
119783056,,119012728,fill,0.0,1.9910766856036162,103503,N Arthur St,1.0
119783060,,118993159,fill,9.313225746154785e-10,0.00042519876268443113,102558,N 31st St,1.0
119783062,,119504122,fill,0.0,0.24776764182490751,102276,N 16th St,1.0
119783063,,119070142,fill,4.046403840405806e-07,0.048397730613714884,105907,N Walnut St,1.0
119783074,,119107098,fill,0.0,0.10288463198997988,107510,W Clark St,1.0
119783081,,119210523,fill,1.1514758591897425e-06,19.361874936267384,103807,W Jefferson St,1.067
119783082,,119238241,fill,0.0,0.23012428928552708,102279,W Ada St,1.0
119783240,,119086026,fill,0.0,0.3127906992261842,44930,W Green Ln,1.0
119785059,,119600271,fill,0.03001218998567469,48.52828067537797,42240,W Gowen Rd,1.105
119785076,,119533488,fill,9.313225746154785e-10,0.17017171365483819,45459,S Mitchell St,1.0
119785105,,119324542,fill,0.0,0.09856024471912406,43859,Linden Rd,1.0
119785195,,119539978,fill,0.0,0.5542279185333427,108495,11th Ave N,1.0
119786691,,119613907,fill,0.0,0.8072915287924616,48655,S Allen St,1.186
119786793,,119140409,fill,0.0,0.008424517436651513,103358,W Targee St,1.0
119786797,,119598286,fill,0.0,7.724658005591863,103265,N 8th St,1.0
119786844,,119856664,fill,2.4750236917134955e-08,0.12894004489783129,55051,W Malad St,1.0
119788610,,119210771,fill,0.010022871375311727,4.583237640154607,42586,E Island Woods Dr,1.0
119788648,,117610950,fill,0.0,1.5764032589823955,40700,6th Ave S,1.0
119790760,,119070039,fill,0.0,0.2309823367930619,102839,S Linder Rd,1.181
119790878,,383818694,fill,4.0745362639427185e-09,0.00039505906812564717,103814,W Morris Hill Rd,1.0
119790880,,119865000,fill,0.0,0.17034668987236046,102303,N 32nd St,1.0
119794176,,384185198,fill,1.862645149230957e-09,0.010663970123118816,105854,N Linder Rd,1.031
119795381,,383821826,fill,1.2441178210753e-06,0.022219898770629243,49589,W Gowen Rd,1.029
119795973,,384135754,fill,0.0,6.800593784354987,44406,Lowell Rd,1.0
119798840,,119563112,fill,0.0,2.4877975647079325,47067,N Milwaukee St,1.142
119799466,,119081057,fill,0.0,0.8573172115295051,103503,N Arthur St,1.0
119799467,,119106959,fill,0.0,0.32923326855717505,104030,W Garfield St,1.0
119801703,,119170679,fill,1.365549764924015e-06,1.3972304705433487,109884,22nd Ave S,1.0
119801704,,119252513,fill,3.5581154281482123e-07,0.39444999973864014,103635,17th Ave S,1.0
119802851,,117647649,fill,0.0,1.5764032589823955,42499,6th Ave S,1.0
119803099,,119593289,fill,3.725290298461914e-09,0.063739030498283,106946,N Wildwood St,1.0
119804006,,119684595,fill,9.848736226558685e-08,0.17530123676070275,121312,E Pine Ave,2.152
119804535,,383849478,fill,0.0,6.609957031401251,103008,W McMillan Rd,1.151
119805894,,484352051,fill,0.00903635155176567,2.6139296450392067,42040,Lowell Rd,1.0
119805904,,119599472,fill,0.0,0.9588431792896017,106335,Friends Rd,1.0
119807257,,119824145,fill,0.0,0.0013225203303477429,102562,Wamstad Rd,1.0
119807412,,119063373,fill,0.0,0.533224489609097,102551,W Resseguie St,1.0
119809760,,119345565,fill,1.862645149230957e-09,0.12247861808043581,102323,S Montana Ave,1.0
119810536,,119485773,fill,9.313225746154785e-10,0.029545092341862755,109100,S Curtis Rd,1.0
119810537,,119535854,fill,0.0,3.837016407715055e-06,103272,S Phillippi St,1.0
119810612,,118987172,fill,6.159074698052816e-08,0.1274796920934591,102290,W Breneman St,1.0
119810629,,119228853,fill,9.545740146607733e-07,0.6201020866168108,105202,N Kimball Ave,1.025
119810927,,119330472,fill,0.6590986546324091,30.305339924841974,45876,S Century Way,1.04
119812033,,119058532,fill,1.8582627777791364e-07,0.06698207336091855,103513,S 18th Ave,1.0
119813555,,119103417,fill,0.36863653146630254,0.09054971477121398,53446,W Cassia St,1.111
119815303,,119804535,fill,0.0,0.12180886742694952,103008,W McMillan Rd,1.151
119816126,,117952777,fill,3.351805758802714e-07,1.0488921275338612,41462,W Roosevelt Ave,1.275
119818999,,119599406,fill,1.641456037759781e-08,0.08691327113439229,102278,W Brumback St,1.0
119819158,,119158411,fill,5.7101715356111526e-08,0.09442493251896167,40700,6th Ave S,1.0
119819272,,119553638,fill,6.111804395914078e-09,0.9426508325597638,42499,6th Ave S,1.0
119819615,,119225939,fill,1.862645149230957e-09,0.07489082182343054,106335,Friends Rd,1.0
119824041,,119636439,fill,1.862645149230957e-09,0.05218576041562528,105227,N Kimball St,1.0
119824045,,119212877,fill,2.0954757928848267e-09,0.09834186875548312,102723,W Northview St,1.059
119824047,,119196866,fill,7.601920515298843e-08,0.28061848237427967,105312,W Pomona Rd,1.0
119824048,,119205145,fill,0.549464669722056,2.569531568751586,49589,W Gowen Rd,1.0
119824058,,119098721,fill,1.1986559328516297e-06,1.6653948407394523,55488,N Middlefield Rd,1.0
119824145,,119935253,fill,0.0,12.63922270763345,102562,Wamstad Rd,1.0
119828939,,383827072,fill,0.0,3.4196103125403283,121312,E Pine Ave,1.542
119828950,,119208143,fill,1.862645149230957e-09,1.1816169712562328,103374,N Allumbaugh St,1.0
119828955,,119261191,fill,8.844208196561377e-06,0.14872315129392177,113135,S Pond St,1.0
119828992,,119089020,fill,0.0,0.5620825795743087,44614,E Barber Dr,1.0
119831356,,119248656,fill,1.3713065178777835,22.74042010343598,40288,Banks Grade,1.0
119843789,,119144239,fill,2.0489096641540527e-08,0.06486071055655884,55488,N Middlefield Rd,1.0
119843935,,119314445,fill,0.0,1.3362620651276416,114610,N Pauley Dr,1.0
119846378,,1058066030,fill,9.313225746154785e-10,0.021340906975865437,106153,N Linder Rd,1.0
119846408,,1030167296,fill,0.0,0.09753769132714751,106946,N Wildwood St,1.0
119848055,,119344483,fill,1.0936626364781249e-06,0.10189213395074148,105911,E Lewis St,1.0
119848199,,119528745,fill,5.023870268781903e-07,0.091224862219633,43955,W Riverside Dr,1.02
119848238,,119583920,fill,0.0,0.30325356625905897,47067,N Milwaukee St,1.175
119850624,,119119660,fill,0.0,0.04471022540502645,102608,Mill Rd,1.0
119852205,,119788610,fill,2.0954757928848267e-09,0.053838151654474586,42586,E Island Woods Dr,1.0
119853245,,1187570583,fill,0.0,0.5213935970944021,53469,Old Oregon Trail Rd,1.0
119856664,,119616621,fill,2.958347889927439e-07,0.23463759247181315,55051,W Malad St,1.0
119856807,,119874191,fill,2.286110310007714e-07,0.9764600441718869,106539,E Reserve St,1.0
119860262,,119504267,fill,0.0,0.6702525579775056,45068,W Columbia Rd,1.0
119861527,,448697691,fill,0.36030870426717226,37.43947018713558,102976,N 3rd St,1.0
119862293,,119563225,fill,0.0,0.5787362148390685,44931,E Park St,1.025
119864997,,119089182,fill,9.313225746154785e-10,2.9491600532662403,106731,S Annett St,1.0
119864999,,384173750,fill,6.7731310649723075e-09,0.06619036796746514,124719,W Edgemont St,1.0
119865000,,119048557,fill,0.0,0.2482257940139334,102303,N 32nd St,1.0
119865012,,119281642,fill,0.012151080205779652,0.2893056596857946,102551,W Resseguie St,1.0
119865070,,119583887,fill,8.592305761469925e-07,0.3963720164174447,107517,Greenhurst Rd,1.0
119865081,,119308039,fill,2.876966268489414e-08,0.8490778499161138,41462,W Roosevelt Ave,1.275
119869698,,119092281,fill,2.0954757928848267e-09,0.1392911724780106,102835,W Lemp St,1.0
119869746,,119535852,fill,1.979060471057892e-09,0.07405703762890425,105318,W Spaulding St,1.0
119869758,,1187546044,fill,1.4796680500458517e-07,0.07830763699524823,124790,W Commerce Ave,1.245
119873668,,119080622,fill,0.0,0.6745267298432509,104157,Boise Ave,1.0
119874191,,119084290,fill,2.7227831311315585e-06,0.6952747580750156,106539,E Reserve St,1.0
119874257,,119485868,fill,0.0,5.707575269298104e-06,108305,N Shamrock Ave,1.0
119874259,,119281626,fill,3.7631547644195725e-07,6.548550075934941,107345,N Houston Rd,1.054
119874263,,119864999,fill,9.329681693677934,77.87764917135343,124719,W Edgemont St,1.0
119875773,,119534344,fill,1.7683866746710836e-07,0.005677337977715524,111914,Iowa Ave,1.0
119878867,,1030193199,fill,6.776011784339102e-08,0.29520100405852645,103814,W Morris Hill Rd,1.0
119880094,,1030162229,fill,0.0,1.3788209979846897,45068,W Columbia Rd,1.0
119880104,,119062120,fill,0.010101508558910368,0.3910472381596435,105556,N Roosevelt St,1.0
119880136,,384130924,fill,1.872089048062961e-08,13.526397770812878,105133,Paddock Ave,1.0
119880165,,117968031,fill,0.0,0.8694120631959095,49218,E Braemere Rd,1.0
119880227,,119209542,fill,9.313225746154785e-10,0.11596655739754169,102303,N 32nd St,1.0
119880241,,117778239,fill,0.0,0.019942521502230193,45207,N Eagle Rd,1.0
119880255,,1030193139,fill,3.603463239547844e-08,0.26997287521263047,117886,S 11th St,1.118
119880259,,119824058,fill,3.5135030153288435e-06,28.255615201341868,55488,N Middlefield Rd,1.0
119880261,,119629670,fill,0.0,0.5330066733052945,103616,N Phillippi St,1.0
119880274,,119746352,fill,4.071291974082669e-07,12.908424093170709,108351,E Parkriver Dr,1.0
119883291,,119850624,fill,0.0,0.40921150178519383,102608,Mill Rd,1.0
119883346,,119624000,fill,2.2584572434425354e-08,0.5101146608370755,45354,W Victory Rd,1.0
119883535,,119576590,fill,1.3096558394729872e-06,1.786514864594949,112485,Wayne Dr,1.0
119888430,,119446820,fill,3.91155481338501e-08,0.06989118144525719,48197,W Spectrum St,1.382
119888657,,461313596,fill,0.0,5.076229616296757,125198,S Loggers Pond Pl,1.0
119889045,,770993225,fill,0.0,0.2638071323547422,125208,E Simplot Blvd,1.0
119894027,,119250355,fill,0.0,0.12629299061688926,102303,N 32nd St,1.0
119898839,,119559976,fill,0.0,0.1185074257336396,103375,S Roosevelt St,1.108
119902988,,384141732,fill,0.0,0.04166655173946765,105991,Norris Ave,1.0
119903704,,119053244,fill,0.0,0.005128980831443641,104217,S Kimball Ave,1.0
119904642,,119611996,fill,0.0,0.9618173468260238,108050,N Riverside Dr,1.0
119909670,,119580338,fill,8.015741145537092,4.951598949656699,47150,E Lake Forest Dr,1.029
119910225,,118108995,fill,0.0,0.013264674438346447,55265,N Locust Grove Rd,1.0
119912793,,119913601,fill,4.775862208604526e-07,8.28243226517111,125784,E 46th Pl,1.0
119912883,,119144871,fill,4.325130322498175e-06,4.351936029282683,49331,W Railroad Dr,1.0
119918439,,119054122,fill,2.364957251886679e-06,0.6601250744677714,104600,Albany St,1.0
119918461,,119616651,fill,9.313225746154785e-10,0.4371486869754335,104217,S Kimball Ave,1.0
119918490,,384150331,fill,0.0,0.28249853507026046,105604,W 7th St,1.0
119918604,,119665011,fill,5.385384061818974e-06,0.10506317755852024,46303,N 3rd St E,1.0
119920468,,119192684,fill,0.0,0.8690891318723857,103374,N Allumbaugh St,1.0
119921129,,119281786,fill,0.0,0.1912986399340184,53665,S Roosevelt St,1.0
119921275,,119592628,fill,1.0245956957797688e-05,0.02406106358046145,105082,W Lake Fork Rd,1.0
119922809,,119219335,fill,1.1378637464966775e-07,5.109027925822772,55993,Boise St,1.0
119926145,,119063476,fill,0.0,0.050917452100009086,102323,S Montana Ave,1.0
119930937,,119945749,fill,0.0,0.13067246910458152,46101,S Black Cat Rd,1.0
119930938,,119545518,fill,2.0558945834636688e-07,0.08707898933374736,45068,W Columbia Rd,1.0
119931003,,1030077511,fill,0.0,3.433459312418563e-06,104255,N Raymond St,1.0
119933067,,119018206,fill,0.03733684454900636,1.0798286497514482,102723,W Northview St,1.0295
119933069,,119772694,fill,2.0954757928848267e-09,0.2686472798609998,45354,W Victory Rd,1.0
119933090,,119048110,fill,4.7069955300608525e-08,2.3513318784039257,103804,S 10th St E,1.0
119937448,,117643732,fill,0.0,26.36887808737424,42414,E 11th St,1.0
119937557,,119217796,fill,7.333832652349037e-08,10.361346610435874,47197,W Shoup Ave,1.0
119937593,,119593217,fill,0.0,0.5522898968519598,46688,E Lewis Ln,1.0
119937597,,119118245,fill,3.899913281202316e-08,0.014365494532995626,105287,W Iowa Ave,1.058
119938964,,119015513,fill,0.0,0.027823342154988495,47450,E Karcher Rd,1.0
119941549,,119619269,fill,0.0,22.337735368774588,119992,S Allumbaugh Way,1.093
119941790,,474888249,fill,3.8030931081789235e-07,0.69364057407725,46107,Orchard Ave,1.0
119941905,,119004102,fill,0.0,0.1955523655030902,103018,E Bates Ave,1.0
119941923,,383849864,fill,8.219449365559896e-08,1.4660719842540288,103255,E Victory Rd,1.0
119941966,,119140399,fill,0.0,2.1075708495841354,103374,N Allumbaugh St,1.0
119941978,,119616522,fill,0.0,0.026898849425208482,41462,W Roosevelt Ave,1.028
119942023,,119966578,fill,0.0,0.5610646383927929,113482,Yellowpine Ave,1.0
119942073,,118987363,fill,4.843640883599392e-07,28.320070243587224,102299,E Crestline Dr,1.0
119942094,,119075474,fill,0.0,0.060195855213521554,102324,N 10th St E,1.0
119944038,,119630121,fill,2.468004822731018e-08,0.37194963762260613,42662,Roosevelt Ave,1.0
119944050,,119583875,fill,0.0,3.469794930787913,106931,S Beverly St,1.0
119945749,,474867581,fill,0.0,0.25671288904129597,46101,S Black Cat Rd,1.0
119948585,,119732394,fill,9.09314889790816e-06,0.07400080467084535,46303,N 3rd St E,1.0
119949880,,119670930,fill,0.0,3.180195064171187,107058,N Hammett Hill Rd,1.0
119950135,,119950137,fill,0.00017613284444761013,0.2101308064131331,104874,SW Old Grandview Hwy,1.0
119950137,,771003637,fill,3.628587889999996e-06,0.00041714251835855976,104874,SW Old Grandview Hwy,1.0
119950711,,119268401,fill,9.313225746154785e-10,0.0971994384124173,47067,N Milwaukee St,1.142
119950812,,463715549,fill,0.0,0.10370400056660856,102324,N 10th St E,1.0
119952605,,120011758,fill,0.0,0.024974815339447787,102839,S Linder Rd,1.181
119956633,,117898504,fill,1.2223608791828156e-08,0.06819306760627342,48548,E Main St,1.0
119956655,,119938964,fill,2.4697614100158436e-08,0.551550277276192,47450,E Karcher Rd,1.0
119956680,,119098685,fill,1.6377778160450025e-08,15.182718215745496,106164,S Old Quarry Way,1.0
119956686,,119941966,fill,9.313225746154785e-10,0.016870128307687082,103374,N Allumbaugh St,1.0
119956691,,119015364,fill,0.0,0.02999565915428093,103358,W Targee St,1.0
119957900,,119228393,fill,0.0,18.820083771404512,106386,S Granite Way,1.0
119958569,,119166726,fill,0.0,0.00022689936628239593,45940,Stewart Ln,1.0
119961962,,119839432,fill,0.0,0.0763955570747612,108495,11th Ave N,1.273
119962013,,119617624,fill,0.0,0.17918185926410501,119937,E Hubbard Rd,1.0
119962273,,117838158,fill,0.10907015469153125,40.87438557147266,46834,E Insignia Dr,1.04
119962450,,119126740,fill,0.009427077281656418,0.824042944304864,103272,S Phillippi St,1.0
119966578,,119272482,fill,2.4218864038485742e-08,2.624865357285273,113482,Yellowpine Ave,1.0
119966580,,119110946,fill,0.0,0.15372529379732214,106677,W Broad St,1.0
119966583,,1030191298,fill,0.0,0.0959154636723838,103807,W Jefferson St,1.593
119966675,,119252558,fill,0.0,0.0027505094403750263,107358,S Kerr St,1.0
119966680,,1058066342,fill,0.0,1.1067530871215467,52841,N 5th St,1.703
119966683,,119077903,fill,0.0,18.58574019237986,106251,N Lancaster Dr,1.0
119966714,,119046216,fill,9.313225746154785e-10,0.707385076756907,104217,S Kimball Ave,1.0
119967542,,119060806,fill,0.0,0.2777265932252817,105498,S Atlantic St,1.0
119971551,,119298022,fill,0.0,0.3916170875443754,104339,Gunfighter Ave,1.0
119976727,,119941905,fill,7.914478218414337e-06,0.804998787489069,103018,E Bates Ave,1.0
119976737,,383849641,fill,1.0232967512440454e-06,0.8986094283268358,42662,Roosevelt Ave,1.0
119981499,,119326399,fill,0.0,0.005985205289192663,102839,S Linder Rd,1.181
119981537,,119232939,fill,6.979472441269252e-07,14.129820326562907,112164,N 36th St,1.0
119981566,,119303346,fill,2.0954757928848267e-09,0.02721402200859302,43175,Locust Ln,1.0
119982907,,117945583,fill,0.22051165447441345,2.0868820092973124,44498,Orchard Ave,1.0
119983225,,383850974,fill,2.1404123097256073e-06,13.636751435504237,41363,Old Oregon Trail Rd,1.0
119985986,,384183807,fill,0.0,0.9372435070786196,108151,Riverside Rd,1.0
119986041,,383820467,fill,6.023648125107527,2.22854100936965,42489,Stibnite Rd,1.0
119988657,,384165767,fill,0.0,2.647145717531714,108366,Batt Corner Rd,1.0
119988694,,119504224,fill,0.0,0.31116864457681004,42982,W Floating Feather Rd,1.0
119991368,,118993250,fill,0.0,0.015981140057874654,102564,Lake Ave,1.0
120001694,,119242571,fill,0.0,0.5996108130626681,102288,W Taft St,1.0
120001787,,119089038,fill,3.725290298461914e-09,0.14867863959938177,106255,N Shamrock St,1.0
120001790,,119144251,fill,9.313225746154785e-10,0.02586404294447675,53665,S Roosevelt St,1.0
120001813,,119614024,fill,9.313225746154785e-10,0.023179793330598386,44141,S Cloverdale Rd,1.0
120001818,,119066087,fill,0.0,0.24797519860317152,102723,W Northview St,1.0
120001821,,119573016,fill,9.313225746154785e-10,0.05553598319676212,103378,S Pond St,1.0
120001949,,119636390,fill,0.0,0.3078436811265419,53446,W Cassia St,1.111
120006314,,484355039,fill,0.0,2.1086218543957784,43627,S Black Cat Rd,1.0
120011758,,119554336,fill,0.0,0.12794249468427665,102839,S Linder Rd,1.181
120011843,,474862768,fill,0.0,0.14214470203859264,49652,E Lewis Ln,1.0
120027653,,474858198,fill,0.0,0.8431851098628158,48071,W Hackamore Dr,1.181
120027716,,118130788,fill,6.111804395914078e-09,0.1819569490766071,56053,7th Ave N,1.0
120040215,,448738554,fill,9.313225746154785e-10,0.05938283178875281,112275,Plum Rd,1.0
120047024,,119121903,fill,1.7762555805103493e-06,1.9301977579971776,43955,W Riverside Dr,1.02
120053025,,117694741,fill,0.0,0.28783241095743506,42019,Gunfighter Ave,1.0
120067237,,119539999,fill,0.0,3.140712412681239,112758,N Meadowland Dr,1.0
120075912,,484427978,fill,5.618170142180125e-08,0.3130698814926518,105618,E Chicago St,1.0
120079194,,1187329123,fill,0.0,1.6811149979843663,42982,W Floating Feather Rd,1.0165
120081249,,118008346,fill,0.09021176885787081,1.956285434201277,51862,W Rickenbacker St,1.0
120084501,,119072823,fill,2.575139927501618e-06,0.15552860674426938,54564,Bowmont Rd,1.0
120084782,,119223495,fill,0.08989138467976499,0.1375832171181628,102564,Lake Ave,1.0
120089556,,118109173,fill,8.149072527885437e-09,0.20970176487281833,47998,W Wright St,1.0
120090414,,119265201,fill,0.0,0.004453297344298335,104874,SW Old Grandview Hwy,1.0
120090474,,119549999,fill,8.580314670554178e-08,0.020774593084212256,114362,E Idaho Blvd,1.0
120094540,,119089981,fill,6.004570740379421,20.707380534510776,104447,N Illinois Ave,1.385
120094573,,120094574,fill,0.0,0.060176920698381764,108151,Riverside Rd,1.0
120094574,,119985986,fill,0.0,0.19162571197222178,108151,Riverside Rd,1.0
120094636,,119257963,fill,5.332635059802616e-08,0.04172775381880456,46519,W Linden St,1.0
120101668,,120027716,fill,1.6705858282259484e-07,0.31928667068166305,56053,7th Ave N,1.0
383802862,,117942291,fill,2.899115514493893e-07,0.1301924388001794,43775,Locust Ln,1.0
383803155,,117978361,fill,0.3096559596906873,9.42742266414254,43332,N Bogus Basin Rd,1.0
383803168,,119718596,fill,9.313225746154785e-10,0.8122728799751826,119298,S Maple Grove Rd,1.0
383803182,,119785076,fill,9.313225746154785e-10,0.039170732258014596,45459,S Mitchell St,1.0
383803267,,383803268,fill,0.0,0.0682798455764555,49253,W Gabrielle Dr,1.0
383803268,,117998958,fill,0.0,0.10208829548594167,49253,W Gabrielle Dr,1.0
383803324,,484436122,fill,2.468004822731018e-08,0.3857736783925816,43688,Lone Star Rd,1.0
383803361,,383803421,fill,2.7939677238464355e-09,0.13789471422859378,2853826,S Piano Ave,1.0
383803421,,474868120,fill,0.0,0.665497164758591,2853826,S Piano Ave,1.0
383803646,,117811190,fill,2.7939677238464355e-09,1.7398893730147336,41237,N Shamrock St,1.0
383803887,,1030108277,fill,4.786618791060483e-07,21.189111242856427,118456,N Eyrie Way,1.0
383803905,,119761204,fill,0.0,0.5919521092439766,103367,W Mace Rd,1.0
383803914,,117809498,fill,0.0,0.03105183286186275,42312,N Pierce Park Ln,1.023
383804103,,383818442,fill,0.0,0.3664776377397061,118495,E Franklin Rd,1.556
383804118,,1030192459,fill,0.0,0.40326283555231157,44024,N 13th St,1.076
383804787,,117854255,fill,0.00017138080688985024,0.4131039103403964,44403,S Sub Station Rd,1.0245
383804836,,117944895,fill,0.0,0.003406400280766775,43072,Mill Rd,1.0135
383804893,,117980349,fill,0.0,0.005743701832756187,41977,Batt Corner Rd,1.0
383804910,,118085664,fill,1.3239611098307286e-07,0.03957468415450194,44773,Industrial Rd,1.0
383804931,,118102108,fill,0.0,0.664175291524657,44585,Greenhurst Rd,1.0
383805000,,118081153,fill,0.0,0.9379342333814691,45884,Riverside Rd,1.0
383805732,,117810692,fill,1.8840588931128298e-08,0.6165602848456615,46029,N Lakeharbor Ln,1.0
383807186,,384181530,fill,0.0,0.5881929424492682,54564,Bowmont Rd,1.0
383808219,,117873071,fill,9.313225746154785e-10,0.06771298818151195,42980,S Montana Ave,1.0
383809670,,117925228,fill,8.149072527885437e-09,0.040155823458007944,44644,W Victory Rd,1.0
383810764,,1058101593,fill,0.0,0.047276366237497314,46107,Orchard Ave,1.0
383810912,,383810914,fill,3.778167935400469e-07,14.347462578265777,118456,N Eyrie Way,1.0
383810914,,119554309,fill,2.944294470602637e-07,14.229020385382341,118456,N Eyrie Way,1.0
383813618,,1058087703,fill,1.979060471057892e-09,0.5836886976861706,43800,W Pine Ave,1.033
383813627,,118028163,fill,0.0,0.14488653929004158,46660,W Deer Flat Rd,1.043
383813780,,383813782,fill,0.0,25.169805998150622,41253,N Sunset Peak Rd,1.0
383813964,,383831292,fill,0.0,0.11515602712188411,43429,S Kimball Ave,1.019
383814582,,383814583,fill,1.4514003679548633,15.252963233558148,44990,W Edgemont St,1.0
383814583,,118126055,fill,6.879347703742868e-09,0.06605207382460776,44990,W Edgemont St,1.0
383815242,,117829781,fill,1.024520975011019e-08,0.14836332103573113,45225,N Roosevelt St,1.052
383818446,,117657823,fill,4.0745362639427185e-09,0.024895200700939313,42662,Roosevelt Ave,1.0
383818694,,119036699,fill,2.0489096641540527e-08,0.1497471103003818,103814,W Morris Hill Rd,1.0
383818695,,119580257,fill,4.0745362639427185e-09,0.2636045944520333,103814,W Morris Hill Rd,1.0
383820125,,119612317,fill,0.067221162166875,0.07087218544990037,43955,W Riverside Dr,1.207
383820467,,119307615,fill,3.646761916299806e-06,14.514073057198544,42489,Stibnite Rd,1.0
383821077,,474900046,fill,0.0009858817988389911,0.046640047744460844,41527,S Swan Falls Rd,1.0
383821078,,119578812,fill,4.104846508209008e-07,0.129501220220277,105506,W Bellomy Ln,1.0
383821805,,118102068,fill,1.7869994588708248e-07,0.09584758795921289,55051,W Malad St,1.0
383821810,,383821811,fill,1.026783138513565e-07,0.18552328352444647,44983,W Kootenai St,1.032
383821811,,117768726,fill,1.979060471057892e-09,0.41655977692772694,44983,W Kootenai St,1.032
383821826,,119554438,fill,3.1963399161595837e-07,0.20423348954966514,49589,W Gowen Rd,1.029
383821849,,119144178,fill,0.0,0.4822370796370876,108977,S Amy Ave,1.0
383822416,,117829754,fill,0.0,2.6534248213564524,41977,Batt Corner Rd,1.0
383822423,,117727748,fill,9.313225746154785e-10,0.0969480189901617,41977,Batt Corner Rd,1.0
383823043,,117888432,fill,1.5310086784922948e-05,1.7548509849386562,41314,E Frontage Rd,1.0
383823046,,117742170,fill,1.5256431173403095e-06,0.1614419864590957,41314,E Frontage Rd,1.0
383823307,,484428420,fill,0.31915927284529305,3.1878275992690988,43202,Hill Rd,1.0
383823934,,119442233,fill,0.46107183196451923,0.23775469039725294,46688,E Lewis Ln,1.0
383824794,,383834886,fill,0.0,0.20755354162119488,44548,Clear Creek Rd,1.0
383826461,,384134301,fill,0.26047460997109095,23.27031990165483,42656,Burnt Log Rd,1.0
383827250,,383849971,fill,1.862645149230957e-09,0.1651251560367939,42722,S Robinson Rd,1.0
383827831,,117646690,fill,0.0,6.987094140671644,42479,Highway 30 S,1.0
383827949,,383827950,fill,0.0,0.7801842373427803,106178,S Owyhee St,1.0
383827950,,383827951,fill,0.0,1.5086441956680403,106178,S Owyhee St,1.0
383827951,,383827952,fill,2.796391991308032e-09,0.748434330111877,106178,S Owyhee St,1.0
383827952,,383866703,fill,9.313225746154785e-10,0.6644840042440023,106178,S Owyhee St,1.0
383828039,,383828040,fill,0.0,12.209185868965108,53017,Skyway St,1.0
383828040,,119754216,fill,4.6546712427929746e-07,7.69747215904917,53017,Skyway St,1.0
383828087,,484430858,fill,0.0,0.04373961190279374,119298,S Maple Grove Rd,1.0
383828116,,117605172,fill,0.0,7.435628268112566,41592,W McMillan Rd,1.096
383831292,,117818545,fill,1.2375118458567477e-08,0.5323627067153325,43429,S Kimball Ave,1.019
383832612,,117977802,fill,0.010004776661749851,0.6042985997596872,44285,N Kimball Ave,1.019
383834120,,1187382742,fill,0.0,0.4650531152456381,47588,Conway Rd,1.0
383834886,,117752099,fill,0.0,0.09946706901163793,44548,Clear Creek Rd,1.0
383835905,,1187604228,fill,0.0,12.438313181588228,2854514,Lake Shore Dr,1.0
383841466,,117931442,fill,0.40038575935267057,2.9473278256482445,49425,Oasis Rd,1.0
383842325,,1058070438,fill,0.0,0.26525460145947477,111914,Iowa Ave,1.0
383842430,,117635623,fill,4.2542861654759095e-06,0.08647734096561521,42263,N 3rd St E,1.0
383842577,,117810725,fill,5.589147975741794e-09,0.41271167109977114,44495,S 10th St E,1.0
383842884,,117779506,fill,6.414484232664108e-08,0.05698141482088204,42933,SW Old Grandview Hwy,1.0
383843945,,383843946,fill,6.737179072135414e-07,0.029920222926364204,47612,Lucky Ln,1.0
383843946,,383843950,fill,3.17410461960171e-06,1.045472873189567,47612,Lucky Ln,1.0
383844228,,383850889,fill,9.385703304198744e-10,0.8251128412188962,42263,N 3rd St E,1.0
383844317,,1030192794,fill,1.8662795822463695e-09,2.048481408345964,53112,Smeed Pkwy,1.0
383844961,,428967490,fill,0.0,0.10891041908263333,49589,W Gowen Rd,1.0
383845153,,119968530,fill,0.0,0.024557455206661416,127283,W Waltman Ln,1.12
383846233,,119626477,fill,0.0,2.278861852792687,113135,S Pond St,1.0
383846235,,119084141,fill,1.6440959647410864e-08,7.127174405509891,103620,W Kootenai St,1.024
383846451,,117742744,fill,0.0,0.04172356805781874,42795,Norris Ave,1.0
383846452,,117663365,fill,9.546056389808655e-09,0.23477405617791192,42795,Norris Ave,1.0
383846530,,383846531,fill,1.6336195764203869e-06,40.868150530648194,44585,Greenhurst Rd,1.0
383846806,,118077641,fill,0.0,8.227628995882696e-07,43778,N 32nd St,1.019
383846982,,119266949,fill,0.0,0.031117600891349184,49235,S Centurion Pl,1.0
383848384,,118005351,fill,0.0,0.41811774637230315,40148,S Powerline Rd,1.0
383848611,,119036700,fill,8.265487849712372e-09,0.017059857025003566,104544,W Irving St,1.054
383849088,,119309856,fill,9.313225746154785e-10,0.399738006444494,103017,N Meridian Rd,1.106
383849226,,119629650,fill,3.67356881098122e-07,0.05882389191700099,45216,S Eisenman Rd,1.23
383849508,,118183256,fill,3.0066268850585187,41.891728013293175,43795,E Shaw Mountain Rd,1.0
383849631,,474900115,fill,0.0,0.25044311398667674,44686,Midland Blvd,1.0
383849641,,119158502,fill,6.985540163740208e-08,0.616644801167638,42662,Roosevelt Ave,1.0
383849762,,474862770,fill,2.6775524020195007e-08,0.06944435508779634,43792,Deer Flat Rd,1.0
383849763,,1187543102,fill,0.0,0.9513238284089311,44998,Deer Flat Rd,1.0
383849838,118104222,448697389,override,1.0302755981683731e-08,1.419721915450225,40269,Homedale Rd,1.0
383849854,,118104165,fill,0.33077009482348996,0.8536713276959631,43114,Birch Ln,1.0
383849905,,117866649,fill,0.0,0.903065576042394,43429,S Kimball Ave,1.0
383849912,,383849854,fill,6.170012056827545e-09,0.6434058927499677,43114,Birch Ln,1.0
383849915,,384138157,fill,2.2584572434425354e-08,0.03813178281325236,41290,Birch Ln,1.03
383849918,,384138158,fill,2.260376680519851e-08,0.03815855321062145,43114,Birch Ln,1.0
383849920,,1187512849,fill,2.468004822731018e-08,0.012335467456182414,40269,Homedale Rd,1.0
383849971,,117859217,fill,0.0,0.028591098567744666,42722,S Robinson Rd,1.0
383850065,,1187562163,fill,1.4821366761291594e-08,11.726811524201764,2854540,E Indian Creek Rd,1.0
383850078,,118044846,fill,0.0,0.07157202258949269,42312,N Pierce Park Ln,1.023
383850131,,117608036,fill,0.0,0.9173965121753156,41772,N Linder Rd,1.065
383850750,,119192273,fill,0.0,0.0741673354186787,43321,S Johns Ave,1.0
383850889,,383842430,fill,0.0,0.35502674875414186,42263,N 3rd St E,1.0
383850919,,117643689,fill,6.520297361975743e-09,0.2965570400189961,42019,Gunfighter Ave,1.0
383850938,,117898531,fill,1.1041672622206971e-08,0.0003178186179866316,42019,Gunfighter Ave,1.0
383851535,,117694602,fill,0.0,1.242584205508365,43379,E Idaho Blvd,1.0
383851707,,117750546,fill,3.725290298461914e-09,0.09387812789381655,44356,S Cloverdale Rd,1.0
383852318,,117896894,fill,0.0,6.800593775990819,42040,Lowell Rd,1.0
383853756,,384161695,fill,0.2596791062465125,23.27033551327358,43607,Burnt Log Rd,1.0
383854500,,118081130,fill,1.862645149230957e-09,30.476586361779482,44548,Clear Creek Rd,1.0
383859048,,484380573,fill,1.862645149230957e-09,0.05139548196763144,42312,N Pierce Park Ln,1.023
383859087,,383827249,fill,0.0,0.41892161047991294,42722,S Robinson Rd,1.0
383859143,,428957398,fill,0.17850102694683925,1.8502718414147807,42990,Big Willow Rd,1.0
383859207,,1187630956,fill,0.0,0.7932774231177575,47443,Stibnite Rd,1.0
383860223,,117797190,fill,2.794573987870897e-09,0.6099060894856052,42439,W 6th St,1.0
383860370,,117744209,fill,5.3087429087862415e-08,0.023960893814461315,44356,S Cloverdale Rd,1.0
383861201,1187319267,440855757,override,0.0,84.48149946890163,2855265,US-95,1.089
383861207,,1187512042,fill,0.0,0.015341714377910876,2855268,S Eagle Rd,1.0
383862115,,117678639,fill,0.0,0.044704482402892154,43072,Mill Rd,1.0
383862204,,1187510441,fill,0.03823155598379089,0.538382210768134,103544,Homedale Rd,1.0
383864053,,118158331,fill,6.165971891176673e-07,0.29499865334611286,54044,E 3rd St S,1.753
383864073,,118040060,fill,0.0,5.8092330939715,42040,Lowell Rd,1.0
383864108,,1030216475,fill,0.0,0.1887117664850848,42980,S Montana Ave,1.0
383864154,,117692782,fill,0.0,1.433308603420926,43354,S Johns Ave,1.0
383864275,,117747584,fill,2.0372681319713593e-09,0.12410139515270657,44425,E Commercial St,1.116
383865303,,383861983,fill,0.0,16.013001508253723,41830,Banks Grade,1.0
383865304,,383865303,fill,1.9977696869736267e-07,0.2475609902139695,41830,Banks Grade,1.0
383865742,,117837091,fill,0.0,0.45717924453339265,46784,Davis Ave,1.0
383866374,,474863221,fill,0.0,2.2788929371721736,50714,N 15th St,1.03
383866377,,119474822,fill,8.317791241172817e-09,0.9317357777218263,102723,W Northview St,1.0
383866385,,440883040,fill,0.059929212030256473,0.11595917338181039,2855627,N Main St,1.028
383866431,,117871804,fill,8.832419419285262e-07,0.038692290495987436,47764,E 48th St,1.0
383866453,,117637811,fill,0.0,0.09078860640445896,42312,N Pierce Park Ln,1.023
383866519,,118065058,fill,0.000889859766307039,59.1406018834723,53847,N Mountain Rd,1.0
383866530,,118014369,fill,9.313225746154785e-10,0.019971084552480534,45397,N 31st St,1.431
383866533,,117762987,fill,4.957143342923329e-07,0.05314702597502219,44814,N Lander St,1.0
383866582,,118059799,fill,1.862645149230957e-09,0.5576348949092846,53665,S Roosevelt St,1.108
383866592,,119485813,fill,0.0,0.4360966356173037,53665,S Roosevelt St,1.108
383866593,,119117883,fill,0.0,32.487212200890156,107973,W Country Club Dr,1.0
383866599,,119744233,fill,8.15066179300052,3.329832106682119,113069,S Auto Dr,1.0
383866624,,119933117,fill,5.756628781438925e-08,15.870762575334652,105520,E Windsong Dr,1.0
383866664,,1187546018,fill,0.0,0.6247154205091761,43176,W Elder St,1.0
383866665,,383866664,fill,0.0,11.162659466016919,43176,W Elder St,1.015
383866675,,119499367,fill,3.3285225252472403e-07,0.9352938120742351,103358,W Targee St,1.0
383866676,,383866699,fill,0.0,0.47652357206769125,106178,S Owyhee St,1.0
383866683,,117725693,fill,0.060643650880391295,0.8604370155347283,43980,Shoreline Dr,1.373
383866691,,119675591,fill,0.0,0.18728010747958024,104532,W Desert Ave,1.0
383866701,,383866676,fill,1.862645149230957e-09,0.08879633559061517,106178,S Owyhee St,1.0
383866702,,474897614,fill,7.745119322809014e-08,21.47054771404993,106178,S Owyhee St,1.0
383866703,,383866702,fill,1.862645149230957e-09,15.261428066392966,106178,S Owyhee St,1.0
383866704,,383827949,fill,2.7939677238464355e-09,0.18271550445822982,106178,S Owyhee St,1.0
383866705,,383866704,fill,0.0,0.1807767821807147,106178,S Owyhee St,1.0
383866706,,383866705,fill,9.313225746154785e-10,0.025544699022361783,106178,S Owyhee St,1.0145
383866707,,383866706,fill,0.0,0.08882567359782456,106178,S Owyhee St,1.029
383866708,,383866707,fill,0.14846801550591293,0.5485535304439395,106178,S Owyhee St,1.029
383866709,,383866708,fill,0.0,0.6199348542164387,106178,S Owyhee St,1.029
383866716,,119117790,fill,2.0489096641540527e-08,1.2465639270241695,103620,W Kootenai St,1.245
383866726,,1187613853,fill,0.0,0.08341709840547651,41528,N Milwaukee St,2.277
383866788,,383866385,fill,1.862645149230957e-09,0.1336899646410643,2855627,N Main St,1.028
383866790,,383866683,fill,2.8036522163991574e-09,7.460578143230009,43980,Shoreline Dr,1.373
383866791,,119242587,fill,7.601920515298843e-08,0.27762417492465374,104544,W Irving St,1.054
383866793,,383805146,fill,2.1872453191382735e-09,13.012799964873352,51331,W Grove St,1.1
383866794,,770992322,fill,0.0,0.12076285163794864,44988,W Jefferson St,1.597
383866803,,770992309,fill,0.020024618546928986,0.1525616553205964,44988,W Jefferson St,1.597
383866811,,383866803,fill,2.8036522163991574e-09,0.3339957317238884,44988,W Jefferson St,1.597
383866817,,383866811,fill,4.062836857255168e-07,0.06121669497565563,44988,W Jefferson St,1.597
383866819,,383866817,fill,8.119135388011254e-07,0.008129294414771948,44988,W Jefferson St,1.597
383866821,,383866819,fill,4.9885697339349027e-08,0.25560892101907484,44988,W Jefferson St,1.597
383866824,,1058066282,fill,5.2338289844908885e-06,0.0057963377592500365,44988,W Jefferson St,1.597
383866825,,383866824,fill,0.030036155039889805,0.050748424293828975,44988,W Jefferson St,1.3275
383866827,,1187512784,fill,0.0,26.431436515400975,44645,N 16th St,1.114
383866840,,117846519,fill,0.0,4.942120108798065,47099,N Fargo St,1.0
383866842,,118201915,fill,0.0,0.8109609353823828,43778,N 32nd St,1.019
383866852,,117969525,fill,0.0,0.0954886033792377,41798,W Pine Ave,1.05
383866854,,119950064,fill,11.402819221451809,3.656551955381474,126742,S Millspur Way,1.121
383866862,,117908567,fill,0.0,2.490035922419281,41288,W Executive Dr,1.542
384121111,,119048536,fill,0.0,1.005149359264692,102303,N 32nd St,1.0
384121114,,120040098,fill,1.3094607362686652e-07,4.137390491640247,102282,N Fargo St,1.0
384121118,384121462,119233011,override,7.001457312777417e-06,3.773217882984511,41707,N Bogus Basin Rd,1.0
384121129,,119516877,fill,0.0,1.2135833814495527,102276,N 16th St,1.0
384121132,474863218,119786797,override,0.33960693213745485,0.10573535582847171,103265,N 8th St,1.3
384121135,,1058066284,fill,0.011600955561224171,0.18479000845749738,105526,N 14th St,1.597
384121141,,1058066248,fill,8.99559052374549e-07,0.0519928396174123,105526,N 14th St,1.597
384121165,,1030200710,fill,2.4787446554108936e-07,0.016124358423098784,104832,W Grove St,1.182
384121166,,118008289,fill,0.0,0.2709056802358134,43503,W Irving St,1.045
384121167,,1187320249,fill,0.0,3.4928425995229304,106512,Shoreline Dr,1.584
384121170,,474889675,fill,0.0,0.0489396091855383,2865713,N Main St,1.149
384121238,,119694707,fill,0.0,0.41500426208580166,105556,N Roosevelt St,1.158
384121246,,117994568,fill,0.0,1.1161361425953373,44983,W Kootenai St,1.127
384121254,,117867762,fill,0.019978377222453596,3.1922029764887725,45954,S Owyhee St,1.034
384121255,,384121254,fill,9.385703304198744e-10,0.6190767801534776,45954,S Owyhee St,1.017
384121256,,384121255,fill,0.10987158170759019,0.5484435038872562,45954,S Owyhee St,1.0
384121257,,384121256,fill,0.0,0.08890842456315795,45954,S Owyhee St,1.0
384121258,,384121257,fill,0.0,0.025577816915244966,45954,S Owyhee St,1.0
384121259,,384121258,fill,0.0,0.18100908829245554,45954,S Owyhee St,1.0
384121260,,384160156,fill,9.385703304198744e-10,0.6649384986650944,45954,S Owyhee St,1.0
384121261,,384121260,fill,9.313225746154785e-10,15.248369622348832,45954,S Owyhee St,1.0
384121262,,1187324166,fill,0.0,8.326616219854145,45954,S Owyhee St,1.0
384121265,,384121286,fill,0.0,0.47633264057111546,45954,S Owyhee St,1.0
384121276,,384121167,fill,0.0,7.445153145044969,106512,Shoreline Dr,1.584
384121283,,119507838,fill,0.0,5.581118358907702,42230,W Cesar Chavez Ln,1.0
384121284,,428958512,fill,0.0,59.733322135717344,2865732,W Cesar Chavez Ln,1.0
384121285,,117844000,fill,0.0,0.09650287295696103,46379,S 3rd St,1.0
384121286,,384121262,fill,1.862645149230957e-09,0.08885923214432978,45954,S Owyhee St,1.0
384121287,,118109174,fill,2.0489096641540527e-08,0.27718016664044853,43188,W Targee St,1.0
384121300,,384121299,fill,0.0,11.197819852326063,44580,W Elder St,1.068
384121302,,117924948,fill,0.0,0.4268316673444019,44402,W Bannock St,1.0
384121328,,119707545,fill,0.0,0.15815730284697338,47760,N 4th St,1.0
384121351,,117931370,fill,2.632762810047914e-07,10.311242128797915,46574,E Windsong Dr,1.0
384121397,,118002129,fill,0.0,0.0028071080961922235,43737,S Roosevelt St,1.035
384121433,,117639138,fill,9.313225746154785e-10,0.04483584265204854,42325,S Vala Hala Ave,1.0
384121450,,119866354,fill,2.77293989992302e-07,0.08629764046986566,111108,N Lander St,1.0
384121453,,119281648,fill,0.0,0.0471978342593502,102558,N 31st St,1.0
384121456,,119783055,fill,0.0,1.82211875622383,106536,N 38th St,1.0
384121463,,117678816,fill,0.0,23.172989593283376,43077,W Braemere Rd,1.0
384121466,,119491013,fill,1.4689479278607684,1.7757831499048962,116947,W Spring Mountain Dr,1.0
384121532,,119636432,fill,0.0,0.19530078313300692,50760,N Pierce Park Ln,1.0
384121556,,117801272,fill,0.0,0.058907636998526414,45798,E 47th St,1.0
384121599,,384121170,fill,0.0,0.1309220783091405,2865713,N Main St,1.149
384121608,,119516881,fill,0.0,0.3803241441680143,117609,N 15th St,1.038
384122236,,1187535931,fill,1.862645149230957e-09,1.6470384011797705,47560,Davis Ave,1.0
384122675,,119831356,fill,4.6873712443760427e-07,21.125940948186383,40288,Banks Grade,1.0
384122676,,384122675,fill,0.0,0.24756099348431349,40288,Banks Grade,1.0
384123712,,119918490,fill,9.313225746154785e-10,0.6586917594887609,105604,W 7th St,1.0
384123736,,119777908,fill,1.8690479919314384e-07,0.4834568127916441,104331,E Commercial St,1.16
384123841,,119275609,fill,0.02405915553519771,5.056673057853175,43321,S Johns Ave,1.0
384123886,,119812033,fill,0.0,0.037883603477752104,103513,S 18th Ave,1.0
384123904,384123886,119063492,override,0.0,0.07686724718871574,102323,S Montana Ave,1.0
384123933,,119174706,fill,0.0,0.35817848762198423,107994,7th Ave S,1.0
384124251,,119490629,fill,1.0987309465906888e-06,1.877255082210354,49331,W Railroad Dr,1.0
384124945,,1187521681,fill,0.010004509594347722,0.23858207183911873,115340,12th Ave S,2.185
384124960,448690007,119441299,override,0.0,0.10438879343649887,115655,Carrie Rex Ave,1.0
384125054,,119046447,fill,0.0,0.20784880910503034,104939,N Midland Blvd,1.585
384125863,,119523418,fill,0.0,2.47636629308613,105141,S Sub Station Rd,1.044
384125876,,119157257,fill,0.030070271140941386,0.6727018780673575,109431,W South Slope Rd,1.0
384125881,,440887273,fill,0.0,0.20952709464046393,2866103,Morehouse Rd,1.0
384128431,,119555260,fill,0.04009342730038257,0.9431531629533652,118495,E Franklin Rd,1.376
384128778,,119986041,fill,2.9626281305704203,5.880395186658006,42489,Stibnite Rd,1.0
384128844,,1187524157,fill,5.5436638888104465e-06,28.138845847307152,2866204,Big Willow Rd,1.0
384128903,,119135882,fill,7.450580596923828e-09,0.2274695859613871,104099,S Robinson Rd,1.0
384128946,,384174621,fill,0.0,25.19613270231622,108212,N Sunset Peak Rd,1.0
384133553,,119625216,fill,0.0,41.30156126651531,118939,Clear Creek Rd,1.0
384135315,,117536720,fill,0.0,0.0724062122415603,40700,6th Ave S,1.0
384135754,,119046405,fill,0.0,22.198034542507543,44406,Lowell Rd,1.0
384136358,,119469059,fill,8.38271157229072e-09,0.07210028769486598,44141,S Cloverdale Rd,1.0
384136652,,119035481,fill,0.02000871149919323,0.13021777814873303,104217,S Kimball Ave,1.025
384137127,,119192432,fill,3.1962630760844594e-05,0.5251538281344494,104339,Gunfighter Ave,1.0
384137146,,119249385,fill,1.1641532182693481e-10,0.2755516194696952,104339,Gunfighter Ave,1.0
384137925,,119794176,fill,0.0,1.3897639257851893,105854,N Linder Rd,1.031
384137990,,119213686,fill,0.0,0.012350975168658351,50760,N Pierce Park Ln,1.0
384138093,,384160875,fill,0.0,0.16551324025931535,104099,S Robinson Rd,1.0
384138146,,119245491,fill,3.4924596548080444e-09,0.3175242821488382,42751,Aviation Way,1.0
384138156,,119625247,fill,0.0,1.5357344019201093,103544,Homedale Rd,1.0
384138157,,448738542,fill,0.0,0.45638715435973154,41290,Birch Ln,1.03
384138158,,383849912,fill,2.246815711259842e-08,0.38515989097334113,43114,Birch Ln,1.0
384138159,,383849915,fill,2.2584572434425354e-08,0.38490002318894767,41290,Birch Ln,1.03
384138201,,118197559,fill,8.009915590004817e-08,1.466619696855446,44719,E Victory Rd,1.0
384138300,,383849762,fill,1.029279996319022e-07,0.4443026914331085,43792,Deer Flat Rd,1.0
384138301,,383849763,fill,1.0279894798842117e-07,0.4446099070087257,44998,Deer Flat Rd,1.0
384138437,,119590241,fill,0.0,0.1250391307372638,117386,Midland Blvd,1.0
384138574,,119196214,fill,4.312586702527422e-08,35.9365191669101,105226,E Shaw Mountain Rd,1.0
384138866,,117958916,fill,2.894975439155391e-08,0.03353056665366694,44882,S Eisenman Rd,1.147
384139030,,117833615,fill,0.0,0.07918007027637941,42642,N Meridian Rd,1.0
384139517,,117963366,fill,1.1909287422895432e-07,0.09528480030576247,43503,W Irving St,1.045
384141170,,117728313,fill,0.0,1.7102610100771471,44041,W Colchester Dr,1.114
384141195,,119079810,fill,0.0,11.694363063420212,45738,S Centurion Pl,1.0
384141247,,384138159,fill,6.170012056827545e-09,0.6429369367262439,41290,Birch Ln,1.03
384141369,,119160855,fill,0.0,0.21258944720034378,102303,N 32nd St,1.0
384141645,,119303787,fill,1.0949957655887509e-06,10.343926701291196,107517,Greenhurst Rd,1.0
384141731,,119338470,fill,1.2107753146112464e-08,0.16933427525435718,105991,Norris Ave,1.0
384141732,,119071382,fill,1.862645149230957e-09,0.031416917560306956,105991,Norris Ave,1.0
384141961,,117897647,fill,9.243845721290128e-08,1.4967794767506462,44983,W Kootenai St,1.032
384143077,,117950573,fill,0.0,3.91294464224751,49897,W Waltman Ln,1.386
384143166,,1187469946,fill,0.0,3.9432258671145632,2866804,I-184 W,5.0
384143178,,119275816,fill,0.0,0.00908646282493919,44263,W Spectrum St,1.554
384143908,,1030192858,fill,0.03129997092490037,0.496984199903693,41427,Smeed Pkwy,1.0
384144272,,384144276,fill,3.171483058217969e-06,1.046232562045816,104096,Lucky Ln,1.0
384144277,,119027195,fill,0.0,0.10894358418755701,104096,Lucky Ln,1.0
384145369,,119132743,fill,1.2456439435482025e-08,0.4224435544223297,104874,SW Old Grandview Hwy,1.0
384145671,,119020285,fill,3.725290298461914e-09,1.181825109597412e-05,103804,S 10th St E,1.0
384145815,,384145816,fill,4.260805246221929e-06,0.08477121428632017,46303,N 3rd St E,1.0
384150331,,119555284,fill,0.0,0.5984970774607064,105604,W 7th St,1.0
384150546,,384165369,fill,1.2469868178900277e-05,42.61657144915387,114362,E Idaho Blvd,1.0
384152847,,383825347,fill,0.03371672881568595,3.1685005607016308,41678,W Lake Fork Rd,1.0
384155491,,119810629,fill,0.0,0.21401308135892805,105202,N Kimball Ave,1.025
384156805,,384174429,fill,0.0,0.11510061151210493,104217,S Kimball Ave,1.025
384159305,,119253266,fill,0.0,0.13228308480825035,102608,Mill Rd,1.0
384160021,,117888552,fill,0.0,0.051587647914914214,43160,S Maple Grove Rd,1.0
384160069,,384160070,fill,9.313225746154785e-10,12.20890043912658,47015,Skyway St,1.0
384160070,,119705442,fill,0.34076582502066405,4.313737343301284,47015,Skyway St,1.0
384160146,,383827965,fill,4.0745362639427185e-09,4.86535071870054,46389,W Devonwood Dr,1.0
384160156,,384160157,fill,2.7939677238464355e-09,0.7479209466265502,45954,S Owyhee St,1.0
384160157,,384160158,fill,0.0,1.5097214116291298,45954,S Owyhee St,1.0
384160158,,384160159,fill,9.313225746154785e-10,0.7807171715355139,45954,S Owyhee St,1.0
384160159,,384121259,fill,1.862645149230957e-09,0.1829134505698562,45954,S Owyhee St,1.0
384160690,,1187348143,fill,0.0,3.99906886012468,2854238,Warm Lake Rd,1.0
384160877,,384128903,fill,9.313225746154785e-10,0.4181211572177972,104099,S Robinson Rd,1.0
384163390,,119578377,fill,9.313225746154785e-10,0.0974205268694277,118939,Clear Creek Rd,1.0
384164252,,117941810,fill,3.901025149659779e-08,0.000876406018335274,49652,E Lewis Ln,1.0
384165145,,117926483,fill,2.6659108698368073e-08,2.244920638836021,49263,Lincoln St,1.0
384165369,,1058098361,fill,1.2945640275206395e-07,0.5788109588360726,114362,E Idaho Blvd,1.0
384165760,,119178690,fill,9.313225746154785e-10,0.6326444547503911,108366,Batt Corner Rd,1.0
384165767,,119236758,fill,0.0,0.07597919742954673,108366,Batt Corner Rd,1.0
384165962,,117847202,fill,7.870813994601658e-07,6.392713379117765,41250,N Willow Creek Rd,1.02
384166326,,118015652,fill,0.0,0.1290415119311774,42240,W Gowen Rd,1.0
384166351,,118040041,fill,1.2661636314889736e-06,0.021419311027273125,42240,W Gowen Rd,1.0
384166365,,384166366,fill,1.047779287739251e-07,0.1850614482518722,103620,W Kootenai St,1.024
384166366,,383821809,fill,3.0747752672469574e-08,0.09908447670522946,103620,W Kootenai St,1.024
384166367,,383821810,fill,3.4924596548080444e-08,0.09915287644849968,44983,W Kootenai St,1.032
384166371,,117812701,fill,2.876966268489414e-08,0.5705796327575854,41471,W Malad St,1.0
384167112,,118012992,fill,1.2107551665692782e-07,0.0002302928361928025,43680,W Bellomy Ln,1.0
384167113,,119930939,fill,8.873712302185398e-06,14.97231343083331,44204,S Swan Falls Rd,1.0
384169470,,384121335,fill,2.1627801913495108e-07,3.23153499334515,2865742,,1.0
384169542,,384169543,fill,2.0489096641540527e-08,0.14974711030035337,43173,W Morris Hill Rd,1.0
384173074,,119740831,fill,0.0,0.3473582880490653,105556,N Roosevelt St,1.158
384173750,,384173751,fill,1.421330853615859,15.289177778931275,124719,W Edgemont St,1.0
384174621,,119689626,fill,3.725290298461914e-09,2.862096263394392,108212,N Sunset Peak Rd,1.0
384174781,,117652447,fill,0.0,0.46194898845573107,42576,W Deer Flat Rd,1.0
384174793,,117609803,fill,4.109460860490799e-08,0.07303502605441281,41798,W Pine Ave,1.0
384176230,,119050750,fill,9.313225746154785e-10,0.4037096613336928,104330,Sunnyridge Rd,1.0
384176590,,1187542612,fill,0.0,1.7773180372507795,2867365,W Linden St,1.151
384177699,,384177701,fill,3.751107793150547e-07,14.338400187654429,42645,N Eyrie Way,1.0
384177856,,448698538,fill,0.010022175795411896,0.2003082193648993,44498,Orchard Ave,1.0
384178946,,474899522,fill,4.936009645462036e-08,0.009418111067361679,111431,W Victory Rd,1.0
384179040,,119107127,fill,8.02155633639391e-08,1.506593456755013,107517,Greenhurst Rd,1.0
384180448,,119294116,fill,0.0,0.1168105412608611,102323,S Montana Ave,1.0
384181491,,771005056,fill,1.2223608791828156e-08,0.016904732297632563,42982,W Floating Feather Rd,1.0
384181530,,120084501,fill,0.0,2.481260748194586,54564,Bowmont Rd,1.0
384181531,,1187621763,fill,0.000576602503680549,0.6293387834297164,45578,Bowmont Rd,1.0
384183612,,384121165,fill,0.0,13.017276446631058,104832,W Grove St,1.591
384183807,,1187554293,fill,2.7939677238464355e-09,0.8437628955675223,108151,Riverside Rd,1.0
384183922,,119154144,fill,0.0,0.2826204147839917,108366,Batt Corner Rd,1.0
384184011,,1058117179,fill,0.2801899991229097,1.3494744469377338,47185,6th St N,1.021
384184740,,117741544,fill,0.0,0.5861157503912295,44288,E Franklin Rd,1.585
384184962,,119089147,fill,0.0,0.012790015644554842,50760,N Pierce Park Ln,1.0
384184980,,119298068,fill,0.0,0.0857082797282942,50760,N Pierce Park Ln,1.0
384184987,,117688843,fill,2.693847780071819e-07,1.1022934000272926,42844,W Mace Rd,1.0
384185004,,484369622,fill,1.7603528009460617e-06,13.4780970373547,42645,N Eyrie Way,1.0
384185198,,119553514,fill,0.0,0.01761431458237439,105854,N Linder Rd,1.031
384185201,,474899708,fill,9.313225746154785e-10,0.026318108389034478,42751,Aviation Way,1.23
384185236,,119196303,fill,0.0,0.09577081903512408,106255,N Shamrock St,1.0
384185557,,117687930,fill,0.0,0.8220645526544672,40290,Lone Star Rd,1.138
384185609,,384185610,fill,0.0,0.0682798455764555,106253,W Gabrielle Dr,1.0
384185696,,1058105084,fill,9.313225746154785e-10,0.10394664501450279,42046,S Mitchell St,1.0
384185710,,117684033,fill,0.0,1.990995100528039,43160,S Maple Grove Rd,1.0
384185724,,119062110,fill,0.1228942765685765,11.363600737862498,41707,N Bogus Basin Rd,1.0
428957399,,1187653033,fill,2.0954757928848267e-09,0.5083908027658026,2867597,E Simplot Blvd,2.414
428957400,,1187608958,fill,0.04171804732377139,2.3394845373482553,2853900,E Simplot Blvd,2.0
428957410,,484346947,fill,0.0,6.062980890939997,3749364,,1.0
428957416,,1187606010,fill,0.1899860776898013,23.20463142364588,3749370,,1.0
428957424,,117755392,fill,0.0022260436585646646,4.7585914526786155,41428,W Karcher Rd,1.626
428957425,,118193257,fill,0.0,0.10906631758030016,58355,W Karcher Rd,1.074
428957440,,428957442,fill,0.0,0.11506339298807688,45216,S Eisenman Rd,1.223
428957441,,474903762,fill,0.013423064999496996,10.60625776673595,44882,S Eisenman Rd,1.497
428957442,,1187387671,fill,0.0,0.030079437706717727,45216,S Eisenman Rd,2.366
428957443,,428957441,fill,4.0745362639427185e-09,0.115577394016384,44882,S Eisenman Rd,1.497
428957448,,1187651374,fill,1.3958430109935415e-07,7.789105795579019,2866123,ID-52,1.0
428957451,,428957453,fill,0.054977495491943536,61.242961420541405,112420,,1.0
428957465,,1187336876,fill,0.0,6.072911671076781,3749402,I-84-BL,1.0
428957468,,117985246,fill,0.0,0.4732426901121869,51030,I-84-BL,1.0
428958454,,474860399,fill,0.0,1.9741491255243488,3750146,S Edgewood Ln,1.0
428958456,,1187396470,fill,0.0,3.955949114772295,2866706,ID-55,2.0
428958463,,428958462,fill,9.35665339420578e-05,0.07270103900788172,3750150,52,1.514
428958469,1187615222,1187558526,override,1.9884577246711276e-06,2.225199690285706,3750153,I-184 E,4.0
428958475,,1187332847,fill,15.64747733175346,7.276801960399666,3750157,,2.0
428958498,,1187630030,fill,0.0,5.900865518816829,3750175,,1.0
428958509,,1187629965,fill,0.0,18.295461189972116,3750180,,1.326
428958517,474863221,117925193,override,0.0,11.458702681242215,47870,W Hill Rd,1.0
428958531,440882744,484348329,override,4.0745362639427185e-09,62.54188143047401,3750198,,1.0
428958564,428958562,450155489,override,0.0998789321355757,0.22727602157070237,45021,S Middleton Rd,1.242
428958565,,384139035,fill,0.0,2.9986659910719027e-06,116462,S Middleton Rd,1.451
428958568,,119137282,fill,0.0,3.6483999669394507,108726,Franklin Rd,1.607
428967490,,117938312,fill,1.8181463500734666e-06,0.021335976295517867,49589,W Gowen Rd,1.0
428967491,,384166326,fill,0.0,0.10891041908257648,42240,W Gowen Rd,1.0
428976775,,118041568,fill,2.0954757928848267e-09,1.1403086003996918,53017,Skyway St,1.0
428976776,,474899897,fill,2.0954757928848267e-09,0.06851035028603292,47015,Skyway St,1.0
428981182,,119455935,fill,3.294389058968515e-07,19.764674736049358,116041,,1.0
428981188,,117807624,fill,0.0,0.04258312823318988,45934,,1.0
428981915,,1187514957,fill,0.0,10.630187473122987,3756555,W Boise Ave,1.0
429004418,,117849913,fill,0.0,0.04083120960734732,47172,Hill Rd S,1.0
429004419,,1187546210,fill,0.0,0.19024319616744378,104448,Hill Rd S,1.0
429004784,,117708001,fill,0.0,0.19892318557185718,42750,S Apple St,1.04
429004785,,119591290,fill,3.1988629924173e-06,30.431912142168414,111098,S Apple St,1.031
440855199,,119200984,fill,4.293184940373938e-09,0.384389155959866,102835,W Lemp St,1.0
440855201,,119211326,fill,0.0,2.312006281075071,111350,E Pennsylvania St,1.077
440866132,1187490204,440866136,override,3.0972446026222844,89.06445488425878,2854510,ID-52,1.0
440866137,,440866133,fill,3.0972446026222844,89.06445480598825,2866123,ID-52,1.0
440866141,,1187428234,fill,5.9280437680305985e-09,2.7897124457014115,3926778,Van Deusen Rd,1.0
440866345,1187536459,1187426326,override,5.463467245321396,87.43235088627114,3749405,Old Highway 30,1.0
440867129,,1187510121,fill,3.479245771301382e-08,0.6301777603443384,42416,State St,1.0
440867275,,119166675,fill,0.0,0.4350827795127543,45993,Melba Rd,1.0
440867872,,428967844,fill,0.0,0.38263054829539556,3754472,Highway 20/26,1.0
440867873,,1187384766,fill,4.500415937996895e-08,0.42321091537684197,3754473,Highway 20/26,1.107
440868445,,1187654503,fill,2.77573190030615e-07,0.051393657829180484,108403,US-30,1.0
440868447,,384122081,fill,0.0,20.460510867936478,2865862,Plymouth Ave,1.0
440881986,,119236831,fill,2.2584572434425354e-08,0.11736223552560432,52347,W Camas St,1.0
440881989,,119462748,fill,0.0,0.009457316178156816,48197,W Spectrum St,2.0
440882432,,118109108,fill,9.313225746154785e-10,1.3514186907897,55270,N Glenwood St,1.0
440882437,,119065057,fill,2.4932840806782457e-06,0.021572210246972645,103016,N Mountain View Dr,1.0
440882488,,440882490,fill,0.0,13.423953391526055,3933540,W River St,1.715
440882496,,119123226,fill,0.4406601361412614,1.389668492990154,104029,W University Dr,2.242
440882504,,440888984,fill,1.803235381350862e-08,25.799133279881374,51331,W Grove St,1.1
440882505,,384121138,fill,0.14437206769475525,0.9783649164999417,104832,W Grove St,1.182
440882519,,119010063,fill,7.86268083901475e-08,0.9954263417878337,103345,W Idaho St,2.597
440882523,383809323,484382638,override,0.018965653904950305,0.3938862901475204,103266,W Bannock St,1.0
440882716,440882727,119154116,override,9.988873496628301,5.173734368146256,109343,N Capitol Blvd,1.643
440882730,,440882727,fill,0.0,0.15118831816118927,103266,W Bannock St,1.0
440882742,,448697686,fill,0.0,30.306107113280234,3933610,W Fort St,1.0
440882744,1187626646,440882741,override,0.0,2.836326065710068,3933609,E Fort St,2.0
440883039,,384121599,fill,0.0,0.11911534373859922,2865713,N Main St,1.149
440883079,,119076644,fill,8.201124903191876e-06,0.5487865148512014,106207,E 47th St,1.0
440883822,,119485760,fill,0.0,0.39655614377511483,49171,W Holbrook Ave,1.0
440884926,,119015412,fill,0.0,0.27637548653461863,102278,W Brumback St,1.0
440884932,,119485794,fill,8.149072527885437e-09,0.270763342950886,102326,W Bella St,1.0
440886136,,119073272,fill,3.725290298461914e-09,4.96543002265463,106066,N Kings Rd,1.047
440886206,,117842399,fill,0.0,0.43926566072761375,46980,SW 3rd St,1.0
440886407,119612233,117659366,override,0.0,0.1034857952425341,42699,E Greenhurst Rd,1.0
440886789,,117932993,fill,2.0372681319713593e-09,0.5966349415866716,42499,6th Ave S,1.0
440886790,,1187629755,fill,0.0,5.732803819226632,3749354,S Main St,2.0
440887012,,119452573,fill,0.28455222280018133,0.6694381620038712,115963,14th St S,1.031
440887205,,448690245,fill,0.08990165090803513,89.2312580665444,3749408,N Bannock St,1.0
440887659,,117830669,fill,0.09127739862113823,0.2176126361665638,46616,Lake Lowell Ave,1.0
440888438,384184023,484350119,override,9.997096711359422,61.0651513138755,3749378,11th Ave N,2.0
440888810,,119801703,fill,2.196669581373274e-06,0.5368185172418976,109884,22nd Ave S,1.0
440888984,,1187511571,fill,0.11393337061842981,0.6167719300545116,51331,W Grove St,1.1
440888985,,440882505,fill,0.0,25.747766938910672,104832,W Grove St,1.182
440890651,,117832793,fill,2.7939677238464355e-09,0.9356065511255451,43354,S Johns Ave,1.03
440891706,1187543585,119035505,override,0.0,1.1254254001110553,104447,N Illinois Ave,1.385
440895048,1058091278,474866763,override,3.1852457452717445e-07,0.30477246265763824,3937096,S Light Horizon Way,1.0
440895640,1187479971,484349602,override,7.368921124094757,3.1150417086838615,45489,E Idaho Ave,1.071
440895972,440895975,448738530,override,0.004659431993930585,8.67905800301952,126831,N Happy Valley Rd,1.2
440895974,440895973,771001612,override,0.471097148648549,0.3332042436619531,126998,Flamingo Ave,1.855
440898202,1187352396,448718503,override,0.3296153192122147,0.9261160891705345,3938034,W State St,1.076
448690006,383863021,119294112,override,1.2375118458567477e-08,0.4866386885320253,54557,4th St,1.0
448690009,,119641123,fill,9.465023868727236e-08,0.017943596247874893,45578,Bowmont Rd,1.0
448690038,,119131720,fill,0.0,0.08090438422590296,44794,Center Ave,1.0
448691419,,1187380681,fill,1.0759723513133988e-07,18.228359788600642,2867346,E Blacks Creek Rd,1.0
448695125,,484355367,fill,0.0,0.8994942396454064,105889,S Latah St,1.135
448695131,,448716343,fill,0.0,0.09386777235800992,106560,N Liberty St,1.038
448695146,,771009755,fill,0.0,0.31582722032510446,102305,N Esquire Dr,1.0
448695147,,117958769,fill,9.313225746154785e-10,0.22183292002083022,50144,N Esquire Dr,1.0
448695331,,770991360,fill,0.0,0.3295798396767111,110459,N Can Ada Rd,1.0
448695711,,448716802,fill,0.0,4.423286997572234,4354877,W Barrister Dr,1.152
448695712,,484371698,fill,4.71482053399086e-08,4.5373900727620935,4354878,W Barrister Dr,1.138
448695713,,448733183,fill,0.0,0.08862418830065621,103507,N Eldorado St,1.0
448695722,,1187619901,fill,0.0,3.0082286053400082,53447,W Ustick Rd,2.286
448695723,,118172659,fill,1.7048231928955588e-07,35.279513489147405,43678,N Mountain View Dr,1.0
448695724,,119574626,fill,1.1182191430193452e-06,0.7637555087165424,103016,N Mountain View Dr,1.0
448695775,,117810365,fill,0.0034110453404516796,21.053426174914478,46019,N Cloverdale Rd,1.4555
448695859,,448719231,fill,5.190400329639306e-08,1.933846297211403,45822,W Airport Way,1.21
448695860,,119529323,fill,0.0,32.260435085676704,108491,W Airport Way,1.182
448695939,,448718484,fill,0.0,0.1411151861440203,44014,W Davis St,1.0
448695940,,1030193165,fill,2.028473068646603e-06,0.0709083003636124,102297,W Davis St,1.0
448695947,,119111301,fill,0.0,0.6782965038016187,107707,N 28th St,1.0
448695953,,771006502,fill,1.694268535134576e-07,0.27384801382694945,106866,N 17th St,1.065
448695954,,1030192979,fill,7.463202423386676e-07,0.027762673007799776,45958,N 17th St,1.072
448696123,,448736525,fill,0.0,2.102090744351358,104706,N Garrett St,1.107
448697069,,119529251,fill,0.030070687308688213,1.4867124258245212,106158,W Emerald St,1.189
448697389,,474888801,fill,0.0,0.011469284153292847,40269,Homedale Rd,1.0
448697537,,448719292,fill,2.033581082160415e-08,1.965459330593319,56052,Park St,1.025
448697539,,118130777,fill,4.674075171351433e-08,0.22536040141795866,56052,Park St,1.025
448697540,,448719293,fill,1.2165401130914688e-08,0.07325148287839056,111154,Park St,1.033
448697690,,117583629,fill,0.37031727897024436,13.286837086557426,41411,N 3rd St,1.0
448697755,,118015633,fill,9.313225746154785e-10,1.4310388654752728,52147,S Holcomb Rd,1.074
448697828,383804121,119217127,override,0.020046459847521344,0.2532746847846852,49650,W Warren Spur Rd,1.0
448697908,,448697485,fill,2.6478208599589563e-06,3.0461400631554625,2867346,E Blacks Creek Rd,1.0
448697914,,384176596,fill,0.0,10.096239174002903,106146,E Deer Flat Rd,1.368
448697915,,463716980,fill,0.0,0.06194812073192679,45617,E Deer Flat Rd,1.1265
448697921,,117739364,fill,9.313225746154785e-10,5.9331471271810585,44245,N Canyon St,1.0
448697936,,117766266,fill,0.0,0.054278777752017504,41428,W Karcher Rd,1.348
448697954,,119758571,fill,0.0,0.04563463627624742,105136,3rd St N,1.0346
448698144,,448719211,fill,0.0,0.39181040219946794,41382,W Smith Ave,1.0
448698145,,119299402,fill,3.9618870692428036e-07,0.6653557783720316,105906,W Smith Ave,1.0
448698254,,448718486,fill,1.3776335575516537e-07,0.004373826964894079,44014,W Davis St,1.0
448698255,,118987361,fill,2.871134162461352e-06,0.062105976772556915,102297,W Davis St,1.0
448698532,,428957397,fill,0.0,0.3524454134628172,3749358,Black Bridge Rd,1.0
448698537,384138424,383810764,override,0.00790852565845429,0.20030822846712226,46107,Orchard Ave,1.0
448698543,,119865070,fill,1.2961131368266237e-06,0.4336813077662214,107517,Greenhurst Rd,1.0
448698544,,118149410,fill,2.1180896832984154e-07,0.36618318566337393,44585,Greenhurst Rd,1.0
448698546,,461318840,fill,0.0,0.44434606461527437,46107,Orchard Ave,1.0
448698547,,117750457,fill,0.05011623579314991,0.045487953611598186,44498,Orchard Ave,1.0
448698548,,463717000,fill,0.0,0.032011032932274475,102320,Homedale Rd,1.0
448698556,,119135769,fill,0.0,0.3052865543743337,43688,Lone Star Rd,1.262
448700492,,117629455,fill,0.41227515307922624,0.0483151278589844,42147,Kuna Rd,1.0
448706966,,117902314,fill,0.0,0.2000712927847701,44686,Midland Blvd,1.0
448706967,,448733604,fill,0.0,0.08815072357322151,117386,Midland Blvd,1.0
448706968,,1187543038,fill,0.02843414385990297,0.23862484320699195,43792,Deer Flat Rd,1.0
448710823,,119558061,fill,7.313780678692597,33.512826913912875,42586,E Island Woods Dr,1.0
448715993,,474888328,fill,0.0,12.239027029733109,105994,W Hackamore Dr,1.077
448715996,,448715997,fill,0.13148019572306027,29.647289493245182,4358612,,1.0
448715997,,448718742,fill,0.047329074494311126,63.25789634006759,4358612,,1.0
448715998,,448715995,fill,0.15981363564672005,29.714657018622688,4358611,,1.0
448716138,,474899847,fill,0.0,0.11019231062226709,105854,N Linder Rd,1.0154999999999998
448716198,,119325544,fill,0.0,5.4130722435722305,112032,,1.0
448716283,,448718790,fill,9.313225746154785e-10,0.04329539332582044,103273,N Hartman St,1.0
448716284,,448695134,fill,0.0,0.046426137627634034,43317,N Hartman St,1.0
448716287,,119662999,fill,0.0,0.23893078203479945,103273,N Hartman St,1.0
448716288,,448718791,fill,0.0,0.1541057032459605,43317,N Hartman St,1.0
448716343,,448718794,fill,9.313225746154785e-10,0.07800049098034378,106560,N Liberty St,1.038
448716344,,448695132,fill,1.862645149230957e-09,0.09380197618327202,46795,N Liberty St,1.029
448716381,,448716198,fill,0.0,28.83717218375864,112032,,1.0
448716803,,448695712,fill,0.0,4.418411399418005,4354878,W Barrister Dr,1.138
448716864,,771009643,fill,0.0,0.8329042608989425,45616,S Linder Rd,1.0
448716865,,448716866,fill,0.0,0.4991762198699803,46391,S Linder Rd,1.0
448716866,,119254959,fill,0.0,0.7321309019587829,46391,S Linder Rd,1.0
448716867,,448716864,fill,0.0,0.502591422271081,45616,S Linder Rd,1.0
448717912,,448727499,fill,5.3442748203154e-08,0.18979752910541947,44498,Orchard Ave,1.0
448718077,,1058065986,fill,0.0,35.492684982409656,41831,N Wildwood St,1.0
448718078,,448718079,fill,0.0,0.10232611225939081,106946,N Wildwood St,1.0
448718079,,119098703,fill,1.862645149230957e-09,0.045713445554895316,106946,N Wildwood St,1.0
448718080,,448718077,fill,0.0,0.10239917022519762,41831,N Wildwood St,1.0
448718417,,118014272,fill,12.77366542696329,15.183928599256774,43173,W Morris Hill Rd,1.0
448718425,,117823550,fill,1.350172347592809e-05,0.4612403026870595,46374,Stockton St,1.0
448718485,,448695940,fill,0.0,0.1411151861440203,102297,W Davis St,1.0
448718486,,1058066266,fill,3.3560789048919834e-06,0.19631147635172397,44014,W Davis St,1.0
448718487,,448698255,fill,1.3776335575516537e-07,0.004373826964865657,102297,W Davis St,1.0
448718498,,448718500,fill,0.0,0.19241171837046522,4358721,,1.055
448718715,,448718717,fill,0.0,0.030221634479232762,43114,Birch Ln,1.0
448718716,,448718714,fill,0.0,0.031107097382999882,41290,Birch Ln,1.03
448718717,,448738543,fill,0.0,0.41477540665761126,43114,Birch Ln,1.0
448718743,,448715998,fill,0.02735164401053307,63.258477960496634,4358611,,1.0
448718744,,119201460,fill,0.0,0.34605783513029564,103507,N Eldorado St,1.0
448718745,,448733181,fill,3.725290298461914e-09,0.1296699527290457,46028,N Eldorado St,1.0
448718790,,448716287,fill,0.0,0.1541057032459321,103273,N Hartman St,1.0
448718794,,484431096,fill,0.0,0.0040985832591786675,106560,N Liberty St,1.038
448718795,,448716344,fill,0.0,0.07780660088076274,46795,N Liberty St,1.029
448719212,,448698145,fill,0.0,0.3923839572944985,105906,W Smith Ave,1.0
448719231,,117802654,fill,0.0,0.7179229611194557,45822,W Airport Way,1.21
448719232,,448695860,fill,5.201889401569855e-08,1.9339888499894755,108491,W Airport Way,1.182
448719293,,448697538,fill,2.2293534129858017e-08,1.9670897928679096,111154,Park St,1.033
448727498,,448717911,fill,5.541369318962097e-08,0.18999780987434178,46107,Orchard Ave,1.0
448727499,,119153904,fill,8.265487849712372e-09,0.9134923579491669,44498,Orchard Ave,1.0
448728938,,484436188,fill,0.0,0.24891481887419786,42333,Lake Ave,1.051
448729379,,440866936,fill,2.403693771758085e-06,0.11425217913580354,41147,Airbase Rd,2.0
448733180,,448718744,fill,1.862645149230957e-09,0.13015878277838056,103507,N Eldorado St,1.0
448733181,,448733182,fill,9.313225746154785e-10,1.3939657928390545,46028,N Eldorado St,1.0
448733182,,448695714,fill,0.0,0.08853347918542909,46028,N Eldorado St,1.0
448733183,,448733180,fill,0.0,1.395457870181417,103507,N Eldorado St,1.0
448733603,,448706966,fill,0.0,0.08817640532055293,44686,Midland Blvd,1.0
448733604,,119657672,fill,1.862645149230957e-09,0.6885819307348697,117386,Midland Blvd,1.0
448733653,,119314444,fill,9.385703304198744e-10,0.01905310146952388,103374,N Allumbaugh St,1.0
448733654,,118024441,fill,1.862645149230957e-09,0.1666786277621668,42910,N Allumbaugh St,1.0
448733683,,119441853,fill,1.2741283365175025e-07,0.13609680518430878,102320,Homedale Rd,1.015
448733684,,118120691,fill,3.1001092004203127e-07,0.05926778350010409,41224,Homedale Rd,1.0
448736525,,119252532,fill,3.854256737654924e-07,1.2139308385665402,104706,N Garrett St,1.107
448736526,,448696124,fill,0.0,2.1041702753151696,45182,N Garrett St,1.648
448738524,,117936110,fill,0.0,0.3348153003746859,41527,S Swan Falls Rd,1.0
448738531,,440895973,fill,0.0,12.011828125334063,44908,N Happy Valley Rd,1.167
448738542,,448718716,fill,1.979060471057892e-09,0.41321525515462554,41290,Birch Ln,1.03
448738543,,383849918,fill,0.0,0.45909886298102265,43114,Birch Ln,1.0
450127408,,770988902,fill,0.0,15.542237453378561,2854115,ID-16 S,2.0
450147269,,450154456,fill,0.0,0.07140733306459879,47059,W McMillan Rd,1.0
450147270,,484380589,fill,0.0025544836308892096,0.4021308018803893,49916,W McMillan Rd,1.0
450147447,463715898,1187610403,override,0.0,88.81587808022323,3749401,N Main St,1.78075
450148797,,117958643,fill,9.313225746154785e-10,1.0334869364780843,42046,S Mitchell St,1.0
450148868,,119252599,fill,0.010023677175649138,0.9253431671538124,106383,W Neff St,1.0
450149130,,450155488,fill,0.0,0.31001831763614973,116462,S Middleton Rd,1.451
450149382,,450151295,fill,1.2532835820363984e-06,0.11249605187691714,122552,E Parkcenter Blvd,1.0
450150839,,119748529,fill,0.0,1.262953233931512,122549,E Parkcenter Blvd,1.0
450151294,,117862506,fill,4.081974898870557e-07,0.09721628790791215,47536,E Parkcenter Blvd,1.125
450151295,,450151298,fill,3.980345235143962e-07,0.43228424586936853,122552,E Parkcenter Blvd,1.0
450151299,,450151294,fill,4.497300324923181e-07,0.022058765774261246,47536,E Parkcenter Blvd,1.125
450151326,,450151299,fill,0.0,0.21619736460274908,47536,E Parkcenter Blvd,1.125
450151794,,450152379,fill,0.0,0.09616320285192614,45616,S Linder Rd,1.0
450152378,,450151793,fill,0.009180016299541106,0.09616320196261086,46391,S Linder Rd,1.107
450152379,,119599571,fill,9.313225746154785e-10,0.41084574870984625,45616,S Linder Rd,1.0
450154136,,1187543122,fill,8.265487849712372e-09,0.31303582115674544,43792,Deer Flat Rd,1.0
450154137,,474894692,fill,3.3528130083595336e-07,0.2543850709282083,44998,Deer Flat Rd,1.0
450154457,,450147270,fill,0.0,0.0697765599764466,49916,W McMillan Rd,1.0
450155488,,428958565,fill,0.20844712784543254,0.22727603290991283,116462,S Middleton Rd,1.451
450155489,,450149131,fill,0.0,0.30928324345214264,45021,S Middleton Rd,1.242
450155506,,119081157,fill,0.0,10.234409674046333,102275,N 26th St,1.035
450155507,,450155508,fill,9.313225746154785e-10,0.6096767578032996,46376,N 26th St,1.0
450155508,,117977627,fill,0.0,1.1740011653503757,46376,N 26th St,1.0
450155509,,450155506,fill,9.313225746154785e-10,0.6096767578032996,102275,N 26th St,1.035
461313597,,117761566,fill,0.0,5.084972164303508,44314,S Loggers Pond Pl,1.0
461314295,,119107088,fill,0.017843457404878277,3.915107602585124,44396,E Parkriver Dr,1.0
461314297,,119544028,fill,2.2584572434425354e-08,1.2572961241498888,46107,Orchard Ave,1.0
461314298,,461318841,fill,1.6802545992373744e-06,0.3095524415373916,44498,Orchard Ave,1.0
461316210,,1187511977,fill,0.0,0.021245443283305576,2866124,S Eagle Rd,1.0
461316211,,461316212,fill,0.0,0.004873221800949068,2855268,S Eagle Rd,1.0
461316213,,461316210,fill,0.0,0.004873221800949068,2866124,S Eagle Rd,1.0
461317583,,461321839,fill,2.0161372646523146e-08,0.3776349492737836,102291,Deinhard Ln,1.0
461317843,,484364030,fill,2.15116489313109e-08,0.9409675494467251,102564,Lake Ave,1.051
461317844,,118070186,fill,0.0,2.003320094450771,42333,Lake Ave,1.0
461318840,,461314297,fill,1.6657964361832278e-06,0.3112100724279685,46107,Orchard Ave,1.0
461318841,,448698547,fill,1.0244548320770264e-08,0.4434404113656001,44498,Orchard Ave,1.0
461319790,,461345354,fill,0.028070087996313043,12.225755446772382,107807,N Lakeharbor Ln,1.0
461320607,,119264642,fill,2.8656335957368e-06,1.6485351914105308,108972,Wooley Ave,1.0
461320608,,117947476,fill,6.522212638870486e-07,2.7887797042761235,43402,Wooley Ave,1.0
461321533,,383823307,fill,0.3096171858838979,0.0230170161632941,43202,Hill Rd,1.0
461321838,,461317582,fill,3.015156835317612e-08,0.3785728405532609,45920,Deinhard Ln,1.0
461321839,,118987210,fill,7.252521040670379e-07,0.2210431844966365,102291,Deinhard Ln,1.0
461324635,,1058109970,fill,2.773586919095202e-07,0.5473502266321191,42230,W Cesar Chavez Ln,1.0
461334878,,117554811,fill,3.463355824351311e-08,0.15433848617385593,40700,6th Ave S,1.033
461334943,,461321533,fill,1.862645149230957e-09,0.3489304008893157,43202,Hill Rd,1.0
461345353,,461319789,fill,0.04644274253599872,8.647983851516074,46029,N Lakeharbor Ln,1.0
461345354,,119114131,fill,0.0,19.122476260349913,107807,N Lakeharbor Ln,1.0
463706236,,428958470,fill,1.1717691619627364e-06,0.0004831626181669435,42006,W Chinden Blvd,2.482
463706237,,1187539882,fill,1.6816605759741443e-05,4.292392276560122,2854858,W Chinden Blvd,2.0
463709901,,463709902,fill,0.0,0.004607480036128209,4352175,ID-55 S,2.0
463709917,,474858689,fill,0.004838270993137656,3.1270610857286556,3926960,ID-55 N,2.0
463709931,,448691419,fill,0.46277912557157674,7.151526599333607,2867346,E Blacks Creek Rd,1.0
463709932,,1187332264,fill,0.0,0.07031251841209496,2854127,E Blacks Creek Rd,1.0
463714377,,463721542,fill,0.0,1.6711330815511474,41528,N Milwaukee St,1.094
463714378,,484371702,fill,0.0,2.225211779651943,47067,N Milwaukee St,1.1585
463714712,,463721076,fill,0.0,4.881625386587984e-06,45947,N 20th St,1.0
463714713,,119694724,fill,0.0,6.293980732152704e-06,104825,N 20th St,1.0
463715088,,119147661,fill,0.06991806590826008,0.22475851243510192,109100,S Curtis Rd,1.288
463715465,,484369637,fill,0.024430303563071413,0.016842159372401966,43160,S Maple Grove Rd,1.0
463715548,,117644109,fill,9.385703304198744e-10,0.10353783199570898,41904,N 10th St E,1.0
463715890,1187535931,119219316,override,0.0,1.1200039366729584,108972,Wooley Ave,1.0
463715937,,463720759,fill,1.0244548320770264e-08,0.13277647823690586,41471,W Malad St,1.0
463715938,,119213699,fill,1.4319084584712982e-08,0.03164479871520598,55051,W Malad St,1.0
463716222,,117873914,fill,0.0,0.49326303883236733,47829,S Maverick Ln,1.0
463716981,,448697914,fill,0.0,0.062033379775130015,106146,E Deer Flat Rd,1.368
463717000,,463720409,fill,0.0,0.05461152382261503,102320,Homedale Rd,1.0
463717001,,448698549,fill,0.0,0.032310018232124094,41224,Homedale Rd,1.0
463717233,,119349312,fill,0.0,0.5732642969875883,115565,E Flamingo Ave,1.855
463717234,,463720621,fill,0.0,6.707999966391213,49963,E Flamingo Ave,1.765
463719521,,119279427,fill,0.0,2.0233250239455174,113652,W Gratz Dr,1.0
463719522,,474858920,fill,0.0,0.18437075581567797,110353,S Auto Dr,1.0
463720066,,463720491,fill,5.589147975741794e-09,3.3749555929092594,54901,N Black Cat Rd,1.041
463720067,,484378037,fill,0.0,8.638705281955765,120149,N Black Cat Rd,1.032
463720409,,119069263,fill,6.368599107793e-08,0.09157106822661376,102320,Homedale Rd,1.0
463720410,,463717001,fill,1.979060471057892e-09,0.054555938170153695,41224,Homedale Rd,1.0
463720490,,463720067,fill,5.9280437680305985e-09,3.367604822877155,120149,N Black Cat Rd,1.032
463720620,,463717233,fill,0.0,6.707999966391185,115565,E Flamingo Ave,1.855
463720759,,463720885,fill,2.0954757928848267e-09,0.056905753000421555,41471,W Malad St,1.0
463720760,,463715938,fill,1.234002411365509e-08,0.13267964041295954,55051,W Malad St,1.0
463720886,,463720760,fill,0.0,0.05670876522583512,55051,W Malad St,1.0
463721076,,117889392,fill,0.0,0.0995667637537565,45947,N 20th St,1.0
463721077,,463714713,fill,0.0,4.752658981033164e-06,104825,N 20th St,1.0
463721104,,119576627,fill,4.482594604461284e-08,7.6069202269289065,41707,N Bogus Basin Rd,1.0
463721105,,484381043,fill,3.252224069577103e-07,4.464261173348007,43332,N Bogus Basin Rd,1.0
463721110,,119205144,fill,0.0,0.05722743843710987,111096,N Bradley St,1.0
463721111,,463723484,fill,5.036896945159868e-09,0.19908474099321438,48077,N Bradley St,1.0
463721436,,463720490,fill,3.472710222553536e-08,0.5105638779971571,120149,N Black Cat Rd,1.032
463721437,,463721439,fill,1.2585872646555227,1.8138440092857309,54901,N Black Cat Rd,1.041
463721542,,117780082,fill,0.0,0.05581099158555958,41528,N Milwaukee St,1.094
463721543,,463714378,fill,0.0,1.6695164705349725,47067,N Milwaukee St,1.142
463721977,117652447,117926053,override,0.0011957594863445194,1.09115669445805,42793,N Ten Mile Rd,1.0
463722230,,119036608,fill,3.4238773327909275e-09,33.855500960877436,47246,E Plaza Dr,1.038
463722231,,463722982,fill,7.484810380824797e-07,0.35308549028519565,52964,E Plaza Dr,1.057
463722982,,119069240,fill,0.02875114487540597,1.0650397426567224,52964,E Plaza Dr,1.057
463722983,,463722230,fill,7.44406758713774e-07,0.3533535611626917,47246,E Plaza Dr,1.038
463723483,,463721110,fill,4.179618105063271e-09,0.1988842559374575,111096,N Bradley St,1.0
474856632,484348316,484348319,override,0.0,83.2311930756155,114772,W State St,2.469
474856672,,474856673,fill,0.059496088659693594,22.437945017112327,5187146,,1.0
474857839,,484355067,fill,0.0,0.8119380178624169,54901,N Black Cat Rd,1.063
474858198,,474888327,fill,3.6412935206265193e-06,0.11762266067074734,48071,W Hackamore Dr,1.181
474858199,,119071446,fill,1.0900851255952963e-08,1.98303421699012,105994,W Hackamore Dr,1.077
474858544,,474889737,fill,0.0,0.04919057935248361,111782,E 36th St,1.76
474858545,,117838162,fill,1.4556594372018945e-07,0.8121518893160555,46835,E 36th St,1.184
474858557,,119869758,fill,1.0360963642597198e-08,0.3840180034810601,124790,W Commerce Ave,1.245
474858558,,474888471,fill,0.0,0.39891739813003824,46221,W Commerce Ave,1.295
474858682,,463709901,fill,4.939097529528589e-08,2.833082422435581,4352175,ID-55 S,2.0
474858684,,463709913,fill,2.1515192438704218e-07,2.282869100981145,5105692,,2.0
474858689,,474858686,fill,4.6566128730773926e-09,4.199308975216809e-05,3926960,ID-55 N,2.0
474858921,,463719523,fill,0.0,0.18425062578035067,113069,S Auto Dr,1.0
474858932,,474897589,fill,0.0,0.06860775030469313,42650,N Allumbaugh St,1.06
474858933,,117920206,fill,0.0,0.04688644799770714,44255,N Allumbaugh St,1.0
474858967,,474888441,fill,8.458460420514924e-08,10.756097360979652,103367,W Mace Rd,1.0
474858976,,474900077,fill,0.09020580483377995,0.2894923545869119,112065,ID-44,4.5145
474859043,,484373394,fill,1.2123659518458725e-07,0.1325695059035752,45018,E Chicago St,1.02
474859044,,119063470,fill,0.0,0.022626544411025407,105618,E Chicago St,1.07
474859170,,474894173,fill,0.0,0.34857100439469946,47172,Hill Rd S,1.0
474859314,,474897605,fill,0.0,1.1334430790440706,43015,W Castle Dr,1.0
474859317,,117921647,fill,8.240464114626505,0.6231063942280173,42312,N Pierce Park Ln,1.0114999999999998
474859351,,119320672,fill,0.0,0.14967128401053742,104544,W Irving St,1.054
474859352,,474888169,fill,0.0,0.051182710526774144,5188032,W Gage St,1.0
474859360,,474888808,fill,1.4146468785476488e-07,0.03532861128223885,106207,E 47th St,1.0
474859361,,117941803,fill,5.577179112077092e-07,0.12075614384554001,45798,E 47th St,1.0
474859442,,119275550,fill,9.313225746154785e-10,0.7193137616534386,108366,Batt Corner Rd,1.0
474859443,,117967743,fill,0.0,0.0697457412730671,41977,Batt Corner Rd,1.0
474859460,,474888067,fill,0.0,1.191096171329832,108543,Rodeo Ln,1.0
474859461,,117823794,fill,0.49708843370850725,1.1774825752974607,41903,Rodeo Ln,1.0
474859462,,484374808,fill,9.313225746154785e-10,0.2994579836503988,41291,Fargo Rd,1.0
474859463,,119480202,fill,0.0,0.4583982687861976,43185,Fargo Rd,1.0
474859466,,474888068,fill,9.313225746154785e-10,0.8092070750961966,41903,Rodeo Ln,1.0
474859467,,119314904,fill,1.862645149230957e-09,0.010484187822157764,108543,Rodeo Ln,1.0
474859702,,117984791,fill,0.0,0.06490993307085091,41435,S Cole Rd,1.0
474859806,,474870082,fill,3.436872312131441e-07,2.1147635502625235,43156,Shannon Dr,1.026
474859810,,474870214,fill,3.4861546528655245e-06,0.0019184060966210836,44196,6th St N,1.044
474859811,,119636451,fill,2.893124994033529e-07,0.023352310469988424,47185,6th St N,1.021
474859839,,474870060,fill,0.0,0.10451522299683802,46337,Star Rd,1.0
474859912,,474866016,fill,0.0,0.026053997179360522,46391,S Linder Rd,1.0
474859913,,117836182,fill,0.0,0.0127357725481545,45616,S Linder Rd,1.0
474859914,,474897335,fill,2.0954757928848267e-09,0.20059481731834694,106947,W Victory Rd,1.039
474859915,,118102210,fill,0.0,1.1344615563060643,44618,W Victory Rd,1.0
474859955,,474889673,fill,0.0,0.04693062150613514,2855627,N Main St,1.028
474860022,,474889013,fill,9.313225746154785e-10,0.2618155888022784,45884,Riverside Rd,1.0
474860023,,120094573,fill,1.862645149230957e-09,0.19334544857940728,108151,Riverside Rd,1.0
474860024,,119543656,fill,2.0372681319713593e-09,0.12025725147441335,44406,Lowell Rd,1.0
474860025,,117623708,fill,3.7187252378859175e-07,0.24785188005068903,42040,Lowell Rd,1.0
474860030,,474894677,fill,4.9310684444296954e-08,0.0954666725617983,103544,Homedale Rd,1.0
474860031,,484415121,fill,1.1499407730477739e-07,0.05099838044378657,40269,Homedale Rd,1.0
474860038,,474868095,fill,0.0,0.000975972983212614,111914,Iowa Ave,1.0
474860039,,1058096214,fill,0.024361330231132784,0.8057308490871264,42627,Iowa Ave,1.0
474860044,,474867991,fill,8.223669303421805e-08,1.001627859836617,43177,Lake Lowell Ave,1.0
474860045,,484427674,fill,3.497423181426786e-08,0.9840718303396443,46616,Lake Lowell Ave,1.0
474860048,,474868079,fill,0.0,0.261841401793248,43177,Lake Lowell Ave,1.09
474860049,,474868052,fill,8.009915590004817e-08,0.7407817060298498,46616,Lake Lowell Ave,1.0
474860077,,118073835,fill,0.0,6.743376054340274,51360,Main St,1.0
474860400,,428958455,fill,0.03867679737657406,1.9771289817617514,3750147,S Edgewood Ln,2.42
474860404,,117687834,fill,0.020047198370655838,0.23975089302933839,43254,E Floating Feather Rd,1.233
474862768,,474894569,fill,3.4924596548080444e-08,0.022664195966513034,49652,E Lewis Ln,1.0
474862769,,118065025,fill,0.0,0.14204379133548173,46688,E Lewis Ln,1.0
474862770,,474894691,fill,2.0954757928848267e-09,0.10163526367165332,43792,Deer Flat Rd,1.0
474862771,,384138301,fill,2.468004822731018e-08,0.06931740241100215,44998,Deer Flat Rd,1.0
474863222,428958518,384121608,override,0.0,2.2761873633256187,117609,N 15th St,1.038
474863229,,474888165,fill,1.376312726310317e-07,0.04667181092463579,104704,E Jefferson St,1.0
474863230,,118035971,fill,4.2600716300116845,24.855041401492883,46215,E Jefferson St,1.047
474863315,,474888796,fill,0.0,0.018626421891212885,103544,Homedale Rd,1.0
474863316,,1187510613,fill,1.437729224562645e-08,0.6967144319055478,40269,Homedale Rd,1.0
474863317,,474888800,fill,2.6893390714660854e-07,0.227746496480961,103544,Homedale Rd,1.0
474863318,,474888797,fill,3.6566022935316434e-07,1.3945296090839179,40269,Homedale Rd,1.0
474863338,,120040215,fill,0.0,0.03077301981892333,112275,Plum Rd,1.0
474863409,,119765319,fill,0.0,6.85476112506305,122920,Black Canyon Rd,1.0
474863421,,474873803,fill,7.488633088578068e-07,1.00813435022377,116500,N Morrow Reservoir Rd,1.0
474863422,,1187449911,fill,0.0,45.28725854233522,44942,N Morrow Reservoir Rd,1.0
474864696,,484370101,fill,2.2584572434425354e-08,1.70865101616198,47059,W McMillan Rd,1.0
474864697,,118111653,fill,4.190951585769653e-09,0.21025516091742702,49916,W McMillan Rd,1.0
474864959,,474870392,fill,1.7579920303340027e-06,1.8857054780663702,118600,Ridgecrest Dr,1.0
474864960,,117682654,fill,0.0,2.7645568656309933,43135,Ridgecrest Dr,1.0
474865098,,118044793,fill,0.01804610607481577,3.3659409724202476,42752,Aviation Way,1.0
474865099,,474899895,fill,9.31977180746637e-09,0.13047485465671116,42751,Aviation Way,1.0
474866016,,117894034,fill,0.0,0.06844632212607848,46391,S Linder Rd,1.0
474866017,,474859913,fill,0.0,0.02598902103176215,45616,S Linder Rd,1.0
474866628,,771026651,fill,4.0745362639427185e-09,0.5675349148351643,110749,Skyway Dr,1.0
474866630,,474889699,fill,0.0,0.27580611639729113,110749,Skyway Dr,1.0
474866762,,440895047,fill,3.1852457452717445e-07,0.3047724626575814,3937095,S Light Horizon Way,1.0
474867464,,474873949,fill,7.404600182494121e-08,0.044650559860258454,45617,E Deer Flat Rd,1.0
474867580,,117709292,fill,0.0,0.2572382543201286,43627,S Black Cat Rd,1.0
474867581,,119664779,fill,9.313225746154785e-10,0.5191736865739358,46101,S Black Cat Rd,1.0
474867784,,474867786,fill,1.641456037759781e-08,0.16394074182289842,110749,Skyway Dr,1.0
474867786,,474866630,fill,2.260376680519851e-08,0.18161607301473737,110749,Skyway Dr,1.0
474867842,,484367338,fill,2.0969708730394838e-07,0.943012109771928,41676,E Locust Ln,1.0
474867961,,474868051,fill,2.266125237046177e-08,0.8336065190239879,43177,Lake Lowell Ave,1.09
474867962,,474871691,fill,1.4393755352244078e-07,0.037354708421787564,46616,Lake Lowell Ave,1.0
474867991,,474871690,fill,8.149072527885437e-09,0.0318419352535102,43177,Lake Lowell Ave,1.09
474867992,,474860045,fill,8.436697969210073e-08,1.0024251924367036,46616,Lake Lowell Ave,1.0
474868037,,474894621,fill,9.313225746154785e-10,0.040693671901522066,42751,Aviation Way,1.23
474868038,,474899709,fill,0.0,0.4926351967665994,42752,Aviation Way,1.137
474868051,,474860048,fill,8.218921720981598e-08,0.74187377712434,43177,Lake Lowell Ave,1.09
474868052,,474867962,fill,2.260376680519851e-08,0.8321173252892891,46616,Lake Lowell Ave,1.0
474868071,,474868073,fill,2.011269009576549e-07,0.2754959737165734,45483,Marble Front Rd,1.0
474868073,,1058070487,fill,1.5392641464631355e-07,0.31899266442883345,45483,Marble Front Rd,1.0
474868074,,474868072,fill,1.968935542179342e-07,0.2753944247746176,43765,Marble Front Rd,1.0
474868079,,119313025,fill,0.0,0.04023700809443653,43177,Lake Lowell Ave,1.09
474868080,,474860049,fill,1.979060471057892e-09,0.2618263164885093,46616,Lake Lowell Ave,1.0
474868095,,119225947,fill,1.726841095305275e-07,0.13851975708865893,111914,Iowa Ave,1.0
474868096,,474860039,fill,4.0745362639427185e-09,0.0012673523042963097,42627,Iowa Ave,1.0
474868104,,484426896,fill,1.641456037759781e-08,0.20590337214144938,42662,Roosevelt Ave,1.0
474870060,,117821559,fill,0.0,2.4209008866125714,46337,Star Rd,1.0
474870061,,474859840,fill,0.0,0.10487106959197945,106870,Star Rd,1.0
474870082,,117683852,fill,0.0,2.0449909203602488,43156,Shannon Dr,1.026
474870083,,474859807,fill,3.437440096600472e-07,2.1149918102125866,5188186,Shannon Dr,1.0
474870214,,117857155,fill,7.567350171237858e-07,0.1252647605943764,44196,6th St N,1.044
474870215,,474859811,fill,3.519260404624884e-06,0.0019215086431927375,47185,6th St N,1.021
474870258,,119559071,fill,5.034962669014931e-07,0.1689768415301387,105287,W Iowa Ave,1.058
474870259,,474900145,fill,2.3015309125185013e-07,0.02856689874136009,41749,W Iowa Ave,1.0
474870388,,384176230,fill,9.313225746154785e-10,0.7115037489875249,104330,Sunnyridge Rd,1.0
474870389,,117920939,fill,9.313225746154785e-10,0.1426204029864664,43704,Sunnyridge Rd,1.143
474870392,,384169824,fill,0.0,0.5281470682619442,118600,Ridgecrest Dr,1.585
474870393,,474864960,fill,1.640964757633994e-06,1.8757719332666056,43135,Ridgecrest Dr,1.556
474871608,,474888748,fill,1.3749911190868703e-07,0.2849736891797079,43741,Ustick Rd,1.0
474871609,,119225954,fill,0.0,0.45158086585519186,42260,Ustick Rd,1.0
474871690,,474867961,fill,1.3971080327480417e-07,0.03740451847698978,43177,Lake Lowell Ave,1.09
474871691,,474867992,fill,1.2375118458567477e-08,0.031796429299504325,46616,Lake Lowell Ave,1.0
474873581,,383818571,fill,9.313225746154785e-10,0.7700097592581301,2854220,,1.0
474873599,,117707855,fill,2.360568016939029e-05,1.6720303476017762,43603,E 49th St,1.0
474873605,,474873599,fill,4.550765114713506e-06,0.0002455277631838726,43603,E 49th St,1.0
474873606,,474859357,fill,2.7177430526187532e-09,8.075452393894864,111397,E 49th St,1.0
474873803,,119474825,fill,1.4284489360217023,0.0704007975319314,116500,N Morrow Reservoir Rd,1.0
474873804,,474863422,fill,7.498300757366238e-07,1.0093296547387638,44942,N Morrow Reservoir Rd,1.0
474873949,,484352255,fill,1.3993121683597565e-07,0.3235160093299214,45617,E Deer Flat Rd,1.0
474873950,,474867465,fill,7.601920515298843e-08,0.044310944744211156,106146,E Deer Flat Rd,1.0
474876462,,117794627,fill,0.03212151465096264,9.078411756941279,43953,W Curling Dr,1.0
474876463,,119242223,fill,0.0,3.694650409050439,55760,W Curling Dr,1.0
474876955,,119809760,fill,0.0,0.0004139689966109472,102323,S Montana Ave,1.0
474876956,,117952801,fill,0.0,0.0016786670047395091,42980,S Montana Ave,1.0
474888067,,474859467,fill,0.0,0.8080966375196681,108543,Rodeo Ln,1.0
474888068,,474859461,fill,0.0,1.1926853516145854,41903,Rodeo Ln,1.0
474888159,,474897623,fill,0.0,0.10173339794641834,43503,W Irving St,1.045
474888166,,474863230,fill,1.376312726310317e-07,0.046671810924692636,46215,E Jefferson St,1.047
474888170,,474859353,fill,2.0954757928848267e-09,0.051998066551220745,5188033,W Gage St,1.0
474888249,,484352156,fill,3.965265305511565e-07,0.9101958993879578,46107,Orchard Ave,1.0
474888250,,118044775,fill,3.8647405928357853e-07,0.6938856886084181,44498,Orchard Ave,1.0
474888327,,448715994,fill,2.4844513465213075e-08,12.955706779889681,48071,W Hackamore Dr,1.181
474888328,,474858199,fill,4.110516048051103e-08,1.9275508900567502,105994,W Hackamore Dr,1.077
474888441,,474888491,fill,5.286107374244802e-07,0.11896805629135088,103367,W Mace Rd,1.0
474888442,,474858968,fill,8.698468401765765e-08,10.744634968406615,42844,W Mace Rd,1.0
474888465,1058066174,118059794,override,4.116425171668882e-06,0.48578412189897335,44588,W Amity Rd,1.0
474888471,,484355393,fill,0.0,26.33191761438769,46221,W Commerce Ave,1.295
474888472,,474858557,fill,0.0,0.39891739813003824,124790,W Commerce Ave,1.245
474888491,,119757573,fill,4.729514831969554e-08,1.7923194079564837,103367,W Mace Rd,1.0
474888492,,474888442,fill,5.305851379688075e-07,0.11898460328353622,42844,W Mace Rd,1.0
474888748,,117713412,fill,0.016529348911911993,0.2911373121986003,43741,Ustick Rd,1.0
474888749,,474871609,fill,1.3751488131968693e-07,0.28531655433312153,42260,Ustick Rd,1.0
474888792,,383862204,fill,1.437729224562645e-08,0.35983577382035037,103544,Homedale Rd,1.0
474888793,,1187510420,fill,6.170012056827545e-09,0.36501476198804994,40269,Homedale Rd,1.0
474888796,,474863317,fill,3.6566022935316434e-07,1.3945296090839179,103544,Homedale Rd,1.0
474888797,,474863316,fill,0.0,0.01862642189126973,40269,Homedale Rd,1.0
474888800,,448697388,fill,0.0,0.011484533370207828,103544,Homedale Rd,1.0
474888801,,474863318,fill,2.68992111666872e-07,0.22783148067685488,40269,Homedale Rd,1.0
474888808,,119126562,fill,1.5690103153025904e-06,0.7715217500362144,106207,E 47th St,1.0
474888809,,474859361,fill,1.374068245934003e-07,0.03536616158277184,45798,E 47th St,1.0
474888946,,474863338,fill,0.0,1.2769243894440478,112275,Plum Rd,1.0
474889013,,117893982,fill,0.0,0.9387675656131762,45884,Riverside Rd,1.0
474889014,,474860023,fill,0.0,0.26268412745434944,108151,Riverside Rd,1.0
474889166,,119252437,fill,8.824772843896609e-08,0.17659421781888796,111431,W Victory Rd,1.0
474889167,,474899523,fill,8.149072527885437e-09,0.04527787100710157,44644,W Victory Rd,1.0
474889672,,474859954,fill,0.0,0.04693062150619198,2865713,N Main St,1.149
474889673,,474889674,fill,0.0014520699739342913,0.3873311168723319,2855627,N Main St,1.028
474889674,,383866788,fill,0.0,0.04913665867147188,2855627,N Main St,1.028
474889675,,474889672,fill,0.0,0.38733111487130145,2865713,N Main St,1.149
474889699,,119201653,fill,0.0,0.38532456583678254,110749,Skyway Dr,1.0
474889737,,484374890,fill,2.059618610380453e-06,0.08690962021177029,111782,E 36th St,1.76
474889738,,474858545,fill,0.0,0.049199125747094286,46835,E 36th St,1.184
474894172,,474859171,fill,0.0,0.342007674614365,104448,Hill Rd S,1.0
474894173,,1187546233,fill,0.0,0.6243753546933988,47172,Hill Rd S,1.0
474894569,,117940910,fill,1.979060471057892e-09,0.036429048640229666,49652,E Lewis Ln,1.0
474894570,,474862769,fill,3.504101186990738e-08,0.02268748303868051,46688,E Lewis Ln,1.0
474894622,,474868038,fill,0.0,0.040762082317087334,42752,Aviation Way,1.137
474894677,,1187512868,fill,6.170012056827545e-09,0.6542236157200136,103544,Homedale Rd,1.0
474894678,,474860031,fill,4.721559901284925e-08,0.09540482068848632,40269,Homedale Rd,1.0
474894691,,450154136,fill,3.373921695378313e-07,0.2545524994413313,43792,Deer Flat Rd,1.0
474894692,,474862771,fill,0.0,0.10150011997353658,44998,Deer Flat Rd,1.0
474897335,,119729376,fill,4.71482053399086e-08,0.0035697718300866654,106947,W Victory Rd,1.039
474897336,,474859915,fill,2.0954757928848267e-09,0.2008189603958499,44618,W Victory Rd,1.0
474897589,,119002888,fill,0.04172998922456012,0.04951196260526558,42650,N Allumbaugh St,1.06
474897590,,474858933,fill,0.0,0.06861238206059284,44255,N Allumbaugh St,1.0
474897605,,484360210,fill,0.0,0.41415416465176236,43015,W Castle Dr,1.0
474897606,,474859315,fill,0.0,1.1334430790441274,103624,W Castle Dr,1.0
474897613,,384121261,fill,7.904728939355517e-08,21.493063322602666,45954,S Owyhee St,1.0
474897614,,1187324107,fill,4.2233194030280887e-07,27.713117224931665,106178,S Owyhee St,1.0
474897623,,118036614,fill,8.149072527885437e-09,0.006027778597228917,43503,W Irving St,1.045
474897624,,474888160,fill,0.0,0.10190957769538045,104544,W Irving St,1.054
474899326,,1187604083,fill,1.4674583168752327e-06,1.025612109619999,2854514,Lake Shore Dr,1.0
474899327,,1187604013,fill,6.132847658019022e-08,0.27816378351963067,2866996,Lake Shore Dr,1.0
474899522,,474889166,fill,8.265487849712372e-09,0.045294099895926365,111431,W Victory Rd,1.0
474899523,,383809670,fill,4.936009645462036e-08,0.0094211313089545,44644,W Victory Rd,1.0
474899708,,474868037,fill,0.0,0.49153180259173723,42751,Aviation Way,1.23
474899709,,117811779,fill,0.0,0.026832069770875933,42752,Aviation Way,1.137
474899846,,448698677,fill,0.0,0.11019231039989563,41772,N Linder Rd,1.065
474899847,,474900019,fill,0.0,0.08845607613432094,105854,N Linder Rd,1.031
474899894,,474865098,fill,1.1025090297262019e-08,0.13042562292662296,42752,Aviation Way,1.0
474899895,,474899899,fill,0.0,0.005715564709305454,42751,Aviation Way,1.115
474899896,,428976775,fill,2.0954757928848267e-09,0.06846352259253763,53017,Skyway St,1.0
474899898,,474899894,fill,0.0,0.00571337008270234,42752,Aviation Way,1.137
474900018,,474899846,fill,0.0,0.08836192678990074,41772,N Linder Rd,1.065
474900019,,119196886,fill,0.0,0.060671843041347984,105854,N Linder Rd,1.031
474900043,,474903761,fill,1.6518643700840015e-06,0.020903291010597513,45216,S Eisenman Rd,1.223
474900044,,119132432,fill,0.0,0.7889387779955541,44882,S Eisenman Rd,1.497
474900045,,384167113,fill,0.000986116470876202,0.04659505565200561,44204,S Swan Falls Rd,1.0
474900078,,1187352396,fill,0.0,0.8280873175564807,112065,ID-44,2.2045
474900116,,384138437,fill,0.0,0.2506100351640157,117386,Midland Blvd,1.0
474900144,,474870258,fill,2.2410142972423326e-07,0.028681274339476204,105287,W Iowa Ave,1.058
474900145,,118019266,fill,1.0070355998219512e-07,0.06183504792738859,41749,W Iowa Ave,1.0
474903761,,428957440,fill,0.0,10.606257712878516,45216,S Eisenman Rd,1.223
474903762,,474900044,fill,1.5320325750306935e-06,0.02095788029311052,44882,S Eisenman Rd,1.497
484346947,,1187606119,fill,0.0,12.283760769864386,3749364,,1.0
484348010,,119687335,fill,1.6530975699424744e-08,0.0005178004385584245,121379,W Overland Rd,2.0
484348318,440882032,474856633,override,6.074813107958507,72.1868997234672,112065,N Glenwood St,2.705
484348329,,428958529,fill,3.245927006860354,87.142927207767,3750198,,1.0
484350117,,484428339,fill,0.0,0.2556268990958017,4352072,Lake Shore Dr,1.0
484352022,,117990625,fill,8.45716410485684e-07,21.49064365653362,43202,Hill Rd,1.0
484352034,,484427843,fill,9.313225746154785e-10,1.9452685904752798e-05,41977,Batt Corner Rd,1.0
484352035,,119188314,fill,1.0811695010809189e-07,0.6807889408888173,108366,Batt Corner Rd,1.0
484352050,,118115828,fill,0.04009243121770003,2.613929776820271,44406,Lowell Rd,1.0
484352154,,484415120,fill,5.9575562271625576e-08,0.0010588442002585907,103544,Homedale Rd,1.0
484352155,,1187510228,fill,1.7454632582790614e-07,0.26183714921211276,40269,Homedale Rd,1.0
484352156,,484431639,fill,1.7660204321146011e-07,0.8779165318630362,46107,Orchard Ave,1.0
484352157,,474888250,fill,3.9245336847714074e-07,0.9105129068700535,44498,Orchard Ave,1.0
484352158,,484428413,fill,0.0,1.0324250272173288,104217,S Kimball Ave,1.0
484352161,,484437043,fill,0.11794889551263878,0.03999695615232213,40290,Lone Star Rd,1.0
484352163,,484427673,fill,2.8359384096568677e-07,0.07236231193985532,43177,Lake Lowell Ave,1.0
484352164,,119580366,fill,2.8870999813079834e-08,0.21242040249461525,46616,Lake Lowell Ave,1.0
484352167,,484415048,fill,2.0331448526644618e-07,0.07836993028837469,102320,Homedale Rd,1.015
484352168,,117676157,fill,9.034309024198185e-08,0.2830368967873369,41224,Homedale Rd,1.066
484352225,,484432489,fill,0.0,0.02473357744420923,44383,N Black Cat Rd,1.0
484352226,,119084859,fill,0.0,0.013780169250139807,106572,N Black Cat Rd,1.0
484352255,,484396832,fill,0.0,0.03621858243926113,45617,E Deer Flat Rd,1.0
484352256,,474873950,fill,1.419133332957025e-07,0.32305988683845044,106146,E Deer Flat Rd,1.0
484355035,,484378956,fill,0.0,0.19553308983114448,103865,W El Gato Ln,1.0
484355039,,484380814,fill,9.313225746154785e-10,0.20472708382675364,43627,S Black Cat Rd,1.0
484355040,,117932044,fill,0.0,2.112868386533819,46101,S Black Cat Rd,1.0
484355067,,484378036,fill,6.118825196553297e-07,0.6016303296952401,54901,N Black Cat Rd,1.041
484355068,,474857840,fill,0.0,0.8123506582684001,120149,N Black Cat Rd,1.032
484355317,,484371701,fill,0.0,1.585266494834002,41528,N Milwaukee St,1.094
484355318,,119753629,fill,0.22130655198422375,0.5543615656568477,47067,N Milwaukee St,1.175
484355323,,384181491,fill,0.0,1.1187848568576442,42982,W Floating Feather Rd,1.0
484355338,,119065956,fill,1.83936208486557e-08,0.3157646756533836,105716,W Joplin Rd,1.123
484355361,,484380572,fill,9.313225746154785e-10,0.009106376617467049,50760,N Pierce Park Ln,1.0
484355362,,117923773,fill,0.0,0.127213025342229,42312,N Pierce Park Ln,1.023
484355363,,119081147,fill,0.0,0.13524308244615213,50760,N Pierce Park Ln,1.0
484355364,,118117397,fill,0.0,0.039363594264841595,42312,N Pierce Park Ln,1.023
484355367,,484380858,fill,0.0,0.3604873059354361,105889,S Latah St,1.0
484355368,,448695126,fill,0.0,0.8986813583364892,44981,S Latah St,1.088
484355371,,484433299,fill,0.0,0.04911810149701523,5188032,W Gage St,1.0
484355377,,484380746,fill,4.5183064556350153e-07,0.0297843616247917,42345,Adams St,1.061
484355378,,119340372,fill,4.716113056990856e-06,0.03586160428437779,106940,Adams St,1.0
484355379,,484378184,fill,5.220461382312946e-06,0.06051395342763044,42345,Adams St,1.061
484355380,,119578810,fill,7.668756069786289e-06,0.0400859123377586,106940,Adams St,1.116
484355397,,119161986,fill,3.4269853036703943,2.488089002677924,102557,S 13th St,1.153
484355398,,484364755,fill,0.0,0.6465355855877704,45661,S 13th St,1.471
484355403,,484382637,fill,0.0,0.12763608971783924,44402,W Bannock St,1.0
484355404,,119196844,fill,3.759690124438146e-06,0.001345870710622421,103266,W Bannock St,1.0
484355406,,383809323,fill,7.244184529328179e-07,0.1355400105552178,44024,N 13th St,1.076
484355408,,119652748,fill,0.039953533982358465,0.22149030536633063,120675,S 28th St,1.0
484355409,,484382863,fill,2.0393309649604235e-07,0.3571801789957476,102273,N 13th St,1.019
484355410,,1058107600,fill,3.756489922194732e-07,0.08699095962370507,44024,N 13th St,1.076
484355411,,484378958,fill,0.0,0.0004373672999236078,45687,W Broad St,1.0
484355412,,119966580,fill,6.26808319744148e-05,0.044209427153816705,106677,W Broad St,1.0
484355413,,484378926,fill,2.7284773842659264e-07,0.20232621053577304,102302,N 4th St,1.0
484355414,,117857132,fill,2.116452437805564e-06,0.06622137251989102,46133,N 4th St,1.0
484355415,,484369706,fill,4.070849219266963e-06,12.914688835968661,112032,,1.3515
484355419,,428958746,fill,0.0,6.566396067072901,3750321,E Parkcenter Blvd,2.049
484355421,,484355424,fill,1.5638130152163969e-06,25.83840578537618,46841,S Ridge Point Way,1.0
484355422,,119344429,fill,5.0892672580419446e-08,12.191760011659397,43784,S Ridge Point Way,1.0
484355423,,484355422,fill,1.5613718268851438e-06,25.885875901213012,43784,S Ridge Point Way,1.0
484355424,,117998841,fill,4.318528317560846e-07,4.160323801368463,46841,S Ridge Point Way,1.0
484355437,,484378648,fill,8.107247347502157e-07,0.3021582806297829,122604,Bradley St,1.0
484355438,,117921024,fill,0.0,17.020059402759074,49111,Bradley St,1.0
484355445,,484378190,fill,0.0,0.3884053562489953,107805,N Collister Dr,1.0
484355446,,1187315950,fill,0.06450624647646289,0.7958981571972856,46000,N Collister Dr,1.0
484355447,,117981468,fill,7.26158279272901e-07,21.551741842267518,46000,N Collister Dr,1.0
484355448,,484378108,fill,5.351162567790241e-07,9.470510158615468,107805,N Collister Dr,1.0
484355449,,484381042,fill,1.5172575749091066e-06,3.172455692945846,41707,N Bogus Basin Rd,1.0
484355450,,117755032,fill,0.024217547033794386,8.594114459133095,43332,N Bogus Basin Rd,1.0
484357186,,484381743,fill,0.0,0.15019468859159701,57528,W Dickman Rd,1.0
484357204,,1030104987,fill,1.0244548320770264e-08,0.2848572655235273,5313991,W Deer Flat Rd,1.0
484357205,,1187543271,fill,0.13135560800222296,0.4415562959645172,5313992,W Deer Flat Rd,1.0
484357547,,484390340,fill,0.0,0.26156802809441615,106947,W Victory Rd,1.039
484357548,,117789501,fill,0.0,0.32990338773106487,44618,W Victory Rd,1.0
484357558,,484381048,fill,0.0,0.07818739989090773,5314041,Hubbard Rd,1.0
484357564,,484359153,fill,0.0,0.0939446317975694,106255,N Shamrock St,1.0
484357570,,484378612,fill,0.0,0.025435064050668643,107079,S Vinnell St,1.181
484357571,,117792142,fill,8.395880644520998,5.962914195439566,45567,S Vinnell St,1.077
484357577,,484386375,fill,1.581907320699037e-07,0.21326635888806322,50456,W Westpark St,1.0
484357578,,484386409,fill,0.09021019716614752,5.430344887723095,5314051,W Westpark St,1.0
484357583,,484378504,fill,0.0,0.023696081824027715,107507,W Cory Ln,1.0
484357584,,117958754,fill,0.0,0.043112398524726814,49418,W Cory Ln,1.0
484357587,,484371697,fill,2.978617448199826e-07,8.101669534369705,4354877,W Barrister Dr,1.152
484357589,,119010116,fill,0.0,0.005314876037346039,42650,N Allumbaugh St,1.06
484357590,,117855070,fill,9.313225746154785e-10,0.0031908823955006937,44255,N Allumbaugh St,1.0
484359152,,484357565,fill,0.0,0.09371941941287787,41237,N Shamrock St,1.0
484359153,,120001787,fill,4.65806783729758e-09,0.4469700048580876,106255,N Shamrock St,1.0
484359638,,117963341,fill,6.315191610585767e-07,24.66312171864189,44247,S Capitola Way,1.0
484359641,440896174,119581938,override,0.0,60.395685311130904,119101,E Park Blvd,4.0
484360210,,484378742,fill,2.0954757928848267e-09,0.0034500532626111635,43015,W Castle Dr,1.0
484360211,,474897606,fill,0.0,0.41445062760715246,103624,W Castle Dr,1.0
484361945,,484386208,fill,0.0,2.2123634698905335,41435,S Cole Rd,1.0
484361946,,119093944,fill,0.0,0.31084427605503606,106937,S Cole Rd,1.0
484362614,,484432553,fill,0.0,0.08435478635760774,46391,S Linder Rd,1.0
484362615,,117794449,fill,0.0,0.056702931396671374,45616,S Linder Rd,1.0
484362626,,484378930,fill,1.572759332222e-05,4.887108792491773,42752,Aviation Way,1.0
484362633,,484427829,fill,0.0,0.0772049534024859,41290,Birch Ln,1.0
484362634,,119209431,fill,0.0,0.0004277931342357988,43114,Birch Ln,1.039
484362635,,484426571,fill,0.0299643597011828,1.414221830612746,46337,Star Rd,1.0
484362636,,119092401,fill,0.0,0.20836296478395866,106870,Star Rd,1.0
484362638,,117857161,fill,0.0,0.15907760814116045,41462,W Roosevelt Ave,1.053
484363074,,484369621,fill,6.996095939876552e-08,0.08151574491412816,118456,N Eyrie Way,1.0
484363075,,117656782,fill,2.0964652964544366e-06,11.340151752461566,42645,N Eyrie Way,1.0
484363163,,484436241,fill,0.0,0.029261196474124063,53017,Skyway St,1.0
484363164,,117843681,fill,2.1801702511905927e-08,17.00248073170434,47015,Skyway St,1.0
484364030,,484436187,fill,1.210719347000122e-08,0.5097271585960925,102564,Lake Ave,1.051
484364755,,118073714,fill,0.0,0.3528239792167085,45661,S 13th St,1.471
484364756,,484355397,fill,0.0,0.6550455792320804,102557,S 13th St,1.153
484366646,,1058065935,fill,0.050073047479311066,5.260409513241541,5315372,W Broken Arrow Ln,1.0
484366647,,484369644,fill,0.0,24.71060628301572,5315373,W Broken Arrow Ln,1.0
484366818,,484371306,fill,5.7392753660678864e-08,0.26676735307449917,121312,E Pine Ave,2.152
484367338,,484428285,fill,0.0,0.3198163342377711,41676,E Locust Ln,1.0
484367346,,484427781,fill,0.0,16.522452459933277,53017,Skyway St,1.0
484369621,,383803887,fill,1.7672110623346952e-06,13.511723375652451,118456,N Eyrie Way,1.0
484369622,,484363075,fill,7.33619764197915e-08,0.0812958765243934,42645,N Eyrie Way,1.0
484369637,,484430857,fill,1.862645149230957e-09,0.01926885433044845,43160,S Maple Grove Rd,1.0
484369638,,463715466,fill,0.05439474751747856,0.016842158483058256,119298,S Maple Grove Rd,1.0
484369643,,484366646,fill,8.960199265225724e-09,24.81550425645213,5315372,W Broken Arrow Ln,1.0
484369706,,448716381,fill,0.0297237361379987,4.860381464246075,112032,,1.0
484370101,,484380588,fill,1.0874786355010159e-07,0.039158342717001915,47059,W McMillan Rd,1.0
484370102,,474864697,fill,2.260376680519851e-08,1.7259759588370116,49916,W McMillan Rd,1.0
484371306,,119804006,fill,8.824281394481659e-08,0.23754994690028752,121312,E Pine Ave,2.152
484371307,,484366819,fill,5.948822945356369e-08,0.2669596229957847,42977,E Pine Ave,1.8195
484371319,,484386362,fill,0.0,0.5358172799382999,5314050,N Steelhead Way,1.0
484371697,,448695711,fill,4.71482053399086e-08,4.5373900727620935,4354877,W Barrister Dr,1.152
484371698,,484357588,fill,2.978617448199826e-07,8.101669534369762,4354878,W Barrister Dr,1.138
484371701,,463714377,fill,0.0,2.2252117796519144,41528,N Milwaukee St,1.094
484371702,,484355318,fill,0.0,1.5860338841902717,47067,N Milwaukee St,1.175
484373394,,484428459,fill,3.712118082006738e-07,0.10108147062948092,45018,E Chicago St,1.02
484373395,,474859044,fill,9.228086228232886e-08,0.13247683976754843,105618,E Chicago St,1.07
484373872,,117913988,fill,9.385703304198744e-10,0.03519363045413115,42312,N Pierce Park Ln,1.023
484373873,,484373874,fill,0.0,0.10159348993357753,50760,N Pierce Park Ln,1.0
484373874,,119025691,fill,0.0,0.025557338897158388,50760,N Pierce Park Ln,1.0
484373875,,484373872,fill,0.0,0.10159348993360595,42312,N Pierce Park Ln,1.023
484374780,,484403777,fill,1.8662795822463695e-09,0.12319464717467099,2865713,N Main St,1.149
484374808,,484415074,fill,3.725290298461914e-09,1.055500970173,41291,Fargo Rd,1.0
484374809,,474859463,fill,0.0,0.30022734409482155,43185,Fargo Rd,1.0
484374890,,484380526,fill,1.4436556055299862e-07,7.987965705073634,111782,E 36th St,1.76
484374891,,474889738,fill,2.0459125424030997e-06,0.0870631397561965,46835,E 36th St,1.184
484375380,,484428065,fill,4.3752446462556497e-07,0.05689834349419698,40290,Lone Star Rd,1.0
484375381,,484437044,fill,3.0864114781942476e-08,1.0730376513503757,43688,Lone Star Rd,1.0
484378036,,463720066,fill,0.0,8.632207473212333,54901,N Black Cat Rd,1.041
484378037,,484355068,fill,6.062910072512626e-07,0.6039387771995166,120149,N Black Cat Rd,1.032
484378108,,119619457,fill,3.1909531027094755e-07,21.02641815122695,107805,N Collister Dr,1.0
484378109,,484355447,fill,5.401707563328734e-07,9.514176886950253,46000,N Collister Dr,1.0
484378184,,117764553,fill,0.0,0.16042168109822796,42345,Adams St,1.061
484378185,,484355380,fill,5.210764250232789e-06,0.060536842719955075,106940,Adams St,1.116
484378190,,119504277,fill,1.6205614935338732e-07,0.11283207270008688,107805,N Collister Dr,1.0
484378191,,484355446,fill,0.0,0.38742753333542623,46000,N Collister Dr,1.0
484378504,,119563113,fill,9.231735020875931e-08,0.04789760041128943,107507,W Cory Ln,1.0
484378505,,484357584,fill,2.0954757928848267e-09,0.023678522315378814,49418,W Cory Ln,1.0
484378613,,484357571,fill,0.0,0.025435064050668643,45567,S Vinnell St,1.077
484378649,,484355438,fill,8.129075113718048e-07,0.3019188583297989,49111,Bradley St,1.0
484378742,,118008373,fill,0.0,0.15303481794740037,43015,W Castle Dr,1.0
484378743,,484360211,fill,0.0,0.003452371085302275,103624,W Castle Dr,1.0
484378860,,474888159,fill,8.149072527885437e-09,0.168844197876183,43503,W Irving St,1.045
484378861,,474859351,fill,2.2584572434425354e-08,0.13327636256991582,104544,W Irving St,1.054
484378926,,118987869,fill,2.95474677547341e-07,0.14341808793787436,102302,N 4th St,1.0
484378927,,484355414,fill,2.72510141615117e-07,0.20225224120937924,46133,N 4th St,1.0
484378930,,117878304,fill,1.5203413158156818e-07,0.06330172113675303,42752,Aviation Way,1.0
484378931,,484362627,fill,1.6070660134693084e-05,4.882139732264079,42751,Aviation Way,1.0
484378933,,484352045,fill,0.0,0.8198735903328043,125013,Buntrock Rd,1.0
484378956,,119540248,fill,0.0,5.147575823386234,103865,W El Gato Ln,1.0
484378957,,484355036,fill,0.0,0.1952496578231262,47903,W El Gato Ln,1.0
484378959,,484355412,fill,0.0,0.0004373672999236078,106677,W Broad St,1.0
484380527,,484374891,fill,1.4232186135576762e-07,7.991933425301539,46835,E 36th St,1.184
484380572,,384184962,fill,1.862645149230957e-09,0.05139548196763144,50760,N Pierce Park Ln,1.0
484380573,,484355362,fill,9.313225746154785e-10,0.00910637661749547,42312,N Pierce Park Ln,1.023
484380588,,450147269,fill,0.06269482032546977,0.3993173868228723,47059,W McMillan Rd,1.0
484380589,,484370102,fill,1.0663643479347229e-07,0.03906789184588888,49916,W McMillan Rd,1.0
484380746,,117980657,fill,6.415859518525453e-07,0.5739136304767385,42345,Adams St,1.061
484380747,,484355378,fill,4.6166132129204917e-07,0.029839172962454086,106940,Adams St,1.116
484380814,,119102218,fill,5.05971578231564e-09,1.2062774245742105,43627,S Black Cat Rd,1.0
484380815,,484355040,fill,0.0,0.20510117769589442,46101,S Black Cat Rd,1.0
484380858,,119070078,fill,0.0,0.4205149861169559,105889,S Latah St,1.0
484380859,,484355368,fill,9.313225746154785e-10,0.36109754169348207,44981,S Latah St,1.088
484381042,,463721104,fill,3.2245993449143773e-07,4.465428091729564,41707,N Bogus Basin Rd,1.0
484381043,,484355450,fill,1.528333137390797e-06,3.17249424429005,43332,N Bogus Basin Rd,1.0
484381744,,484357187,fill,2.0954757928848267e-09,0.15019862142435159,110814,W Dickman Rd,1.0
484382637,,440882522,fill,0.0,0.39432387969338833,44402,W Bannock St,1.0
484382638,,484355404,fill,0.0,0.1275897713568952,103266,W Bannock St,1.0
484382863,,119043149,fill,2.744695332511793e-07,0.5341809052213478,102273,N 13th St,1.019
484382864,,484355410,fill,2.1313709321898698e-07,0.3563721287099213,44024,N 13th St,1.076
484384519,,484384522,fill,0.0,0.04108322843615042,44941,E Airport Rd,1.0
484384521,,484384523,fill,0.0,12.679805900143549,44528,E Airport Rd,1.0
484384522,,1058092143,fill,0.0,1.1906846178979436,44941,E Airport Rd,1.0
484386208,,117585824,fill,0.0,0.07253086620966087,41435,S Cole Rd,1.0
484386209,,484361946,fill,0.0,2.2071419002600408,106937,S Cole Rd,1.0
484386361,,484371318,fill,0.0,0.5364383724900676,5315824,N Steelhead Way,1.0
484386362,,484386366,fill,9.313225746154785e-10,0.0009450858841262288,5314050,N Steelhead Way,1.0
484386365,,484386361,fill,9.313225746154785e-10,0.0009464890695767281,5315824,N Steelhead Way,1.0
484386366,,484386425,fill,0.0,0.03425135579774974,5314050,N Steelhead Way,1.0
484386375,,484386377,fill,0.0,0.029468304433578396,50456,W Westpark St,1.0
484386376,,484357578,fill,1.5618238098515556e-07,0.2132860936006864,5314051,W Westpark St,1.0
484386377,,117968895,fill,0.0,13.26938136600046,50456,W Westpark St,1.0
484386378,,484386376,fill,0.0,0.029478563226575716,5314051,W Westpark St,1.0
484386408,,484357577,fill,0.12028026284948844,5.430252046427853,50456,W Westpark St,1.0
484386409,,484357576,fill,4.179618105063271e-09,0.07384197135866089,5314051,W Westpark St,1.0
484386422,,484357575,fill,0.0,53.44210312012078,5314050,N Steelhead Way,1.0
484386423,,484386424,fill,0.0,0.048444016636892684,5315824,N Steelhead Way,1.0
484386424,,484386365,fill,0.0,0.03426363931043852,5315824,N Steelhead Way,1.0
484386425,,484386422,fill,0.0,0.048349336044822167,5314050,N Steelhead Way,1.0
484390340,,119127493,fill,1.265236937365823e-08,3.597106410881935,106947,W Victory Rd,1.039
484390341,,484357548,fill,0.0,0.2611155271458756,44618,W Victory Rd,1.0
484391313,,771017261,fill,0.0,20.66976666187952,42540,W Joplin Rd,1.0
484396832,,1030212802,fill,0.0,0.06860109042230533,45617,E Deer Flat Rd,1.0
484396833,,484352256,fill,0.0,0.03616451893361727,106146,E Deer Flat Rd,1.0
484396840,,484432554,fill,0.0,0.36792542681592977,45616,S Linder Rd,1.0
484396841,,770992243,fill,0.46403082754043656,0.22654477813318863,46391,S Linder Rd,1.0
484396960,,117963372,fill,0.0,0.5864320632442741,43871,W Garfield St,1.0
484403774,,484374780,fill,0.0,0.20695772364774712,2865713,N Main St,1.149
484403775,,474859955,fill,9.313225746154785e-10,0.38930675641390167,2855627,N Main St,1.028
484403776,,484374781,fill,1.8662795822463695e-09,0.12319464717467099,2855627,N Main St,1.028
484403777,,484403780,fill,9.313225746154785e-10,0.15267882675760802,2865713,N Main St,1.149
484403781,,484403776,fill,9.313225746154785e-10,0.15267882675760802,2855627,N Main St,1.028
484415048,,119597513,fill,2.566621777335254e-07,0.09216464377726652,102320,Homedale Rd,1.015
484415049,,484352168,fill,2.0525922886387623e-07,0.07845334233013546,41224,Homedale Rd,1.066
484415074,,770993178,fill,3.725290298461914e-09,0.35544104887674166,41291,Fargo Rd,1.0
484415075,,484374809,fill,2.7939677238464355e-09,1.0599817303498185,43185,Fargo Rd,1.0
484415120,,474860030,fill,1.1293822314919379e-07,0.051109307258172976,103544,Homedale Rd,1.0
484415121,,484352155,fill,6.161186735389055e-08,0.0010594223787734336,40269,Homedale Rd,1.0
484426571,,484428045,fill,0.0,0.959537770463271,46337,Star Rd,1.0
484426572,,484362636,fill,0.0,1.4142218286118293,106870,Star Rd,1.0
484426896,,484363427,fill,3.702007234096527e-08,0.04608823975092946,42662,Roosevelt Ave,1.0
484426952,,484427977,fill,7.809104471258179e-07,0.007723398289982697,45018,E Chicago St,1.02
484426953,,484428460,fill,1.2336062336537896e-06,0.040755592526750206,105618,E Chicago St,1.0
484427278,,119217983,fill,9.220093488693237e-08,0.8589335439625074,45483,Marble Front Rd,1.0
484427279,,484436214,fill,2.0954757928848267e-09,0.6502535884112035,43765,Marble Front Rd,1.0
484427673,,474860044,fill,3.702007234096527e-08,0.9822825935677315,43177,Lake Lowell Ave,1.0
484427674,,484352164,fill,2.7544022594787477e-07,0.0724743249304538,46616,Lake Lowell Ave,1.0
484427781,,474866626,fill,0.02934477209703077,4.2146853364428125,53017,Skyway St,1.0
484427829,,117773461,fill,0.0,0.0052804006904807466,41290,Birch Ln,1.0
484427830,,484362634,fill,0.0,0.07733938842341104,43114,Birch Ln,1.039
484427843,,118113109,fill,0.0,0.17342854601071167,41977,Batt Corner Rd,1.0
484427844,,484352035,fill,0.0,1.9451907746770303e-05,108366,Batt Corner Rd,1.0
484427977,,118179318,fill,6.597288231709912e-08,0.3127518551586661,45018,E Chicago St,1.02
484427978,,484426953,fill,7.371110770506001e-07,0.007716042631273012,105618,E Chicago St,1.0
484428046,,484426572,fill,0.0,0.9605182755141755,106870,Star Rd,1.0
484428065,,119457011,fill,2.7883588790553785e-06,0.38318293435128226,40290,Lone Star Rd,1.0
484428066,,484375381,fill,4.233025027619218e-07,0.06150229124943962,43688,Lone Star Rd,1.0
484428151,,1058070584,fill,0.0730358799159234,0.6585886368875151,44686,Midland Blvd,1.0
484428152,,484428153,fill,0.0,0.026620633478273703,117386,Midland Blvd,1.0
484428153,,119507896,fill,0.0,1.0430649116539712,117386,Midland Blvd,1.0
484428154,,484428151,fill,0.0,0.026554736502390597,44686,Midland Blvd,1.0
484428413,,119918461,fill,6.520297361975743e-09,0.029529636234713053,104217,S Kimball Ave,1.0
484428414,,484352159,fill,0.0,1.0294936036906108,43429,S Kimball Ave,1.0
484428420,,484352022,fill,3.632232665440068e-08,1.3354751445149304e-05,43202,Hill Rd,1.0
484428453,,484436213,fill,4.727379536313692e-08,0.0838346429464707,45483,Marble Front Rd,1.0
484428454,,1030208323,fill,0.0,0.7259072849998347,43765,Marble Front Rd,1.0
484428459,,484426952,fill,1.1669267690013606e-06,0.04060223361003068,45018,E Chicago St,1.02
484428460,,484373395,fill,3.205523314911012e-07,0.10118331408227732,105618,E Chicago St,1.07
484430558,,119303036,fill,0.5007002187627988,1.0775081605536911,43800,W Pine Ave,1.033
484430559,,1030216060,fill,1.3969838619232178e-07,0.0266113198906055,41798,W Pine Ave,1.0
484430857,,384160021,fill,0.0,0.043327176891239105,43160,S Maple Grove Rd,1.0
484430858,,484369638,fill,0.0,0.01930780199268156,119298,S Maple Grove Rd,1.0
484431095,,448718795,fill,0.0,0.00410406264487051,46795,N Liberty St,1.029
484431096,,484431097,fill,1.862645149230957e-09,0.0982384772735827,106560,N Liberty St,1.038
484431097,,119098724,fill,0.28162205002459295,1.0480818149922584,106560,N Liberty St,1.038
484431098,,484431095,fill,0.0,0.09806702064011574,46795,N Liberty St,1.029
484431639,,119170122,fill,1.0244548320770264e-08,0.1264723004827033,46107,Orchard Ave,1.0
484431640,,484352157,fill,1.76611865720892e-07,0.8780965559392371,44498,Orchard Ave,1.0
484432489,,117871872,fill,0.0,0.016083505679858945,44383,N Black Cat Rd,1.0
484432490,,484352226,fill,0.0,0.024733577444237653,106572,N Black Cat Rd,1.0
484432553,,484396841,fill,0.0,0.3671214230883493,46391,S Linder Rd,1.0
484432554,,484362615,fill,0.0,0.08462169798889363,45616,S Linder Rd,1.0
484433300,,484355372,fill,0.0,0.04911810149695839,5188033,W Gage St,1.0
484436121,,384185557,fill,2.266125237046177e-08,0.38167066632158253,40290,Lone Star Rd,1.138
484436122,,119170792,fill,2.2584572434425354e-08,0.42848190230540695,43688,Lone Star Rd,1.0
484436187,,448728939,fill,0.08606217047741904,0.24891481398276483,102564,Lake Ave,1.051
484436188,,484364031,fill,1.3039035745517502e-08,0.5138287098329215,42333,Lake Ave,1.0
484436213,,484427278,fill,2.0954757928848267e-09,0.6502535884112035,45483,Marble Front Rd,1.0
484436214,,484428454,fill,4.727379536313692e-08,0.08383464294644227,43765,Marble Front Rd,1.0
484436241,,484436247,fill,6.170012056827545e-09,0.15171713593841218,53017,Skyway St,1.0
484436242,,484363164,fill,0.0,0.029231717974994353,47015,Skyway St,1.0
484436247,,484367346,fill,0.0,1.9335560969231835,53017,Skyway St,1.0
484437024,,484362638,fill,5.567759658748337e-07,0.18698144530867467,41462,W Roosevelt Ave,1.053
484437043,,484375380,fill,3.0850060284137726e-08,1.0744443083742965,40290,Lone Star Rd,1.0
484437044,,484352162,fill,0.057809530177568264,0.03999727104280737,43688,Lone Star Rd,1.0
770988897,,1187401132,fill,1.862645149230957e-09,0.09186904468077728,4966139,ID-16 N,2.0
770989414,440866320,770989409,override,0.0,47.245383263292354,5478516,,1.0
770990018,,770990017,fill,0.0,17.057447225598423,5478883,,2.0
770990023,,1187607280,fill,9.463225744079724,26.553440338017253,330327,Norris Ave,1.0
770990121,,118174326,fill,0.0,1.9962901464115248,43690,N Star Rd,1.124
770990122,,119196802,fill,0.0,2.7316872462925232,102353,N Star Rd,1.125
770991360,,771055374,fill,3.07345268839134e-08,0.09482069037258611,110459,N Can Ada Rd,1.0
770991361,,448695332,fill,0.0,0.3297204870484052,48028,N Can Ada Rd,1.0
770992225,,119117938,fill,0.0,0.6079545418778594,43627,S Black Cat Rd,1.0
770992226,,770992228,fill,0.0,0.4211402815685119,46101,S Black Cat Rd,1.036
770992227,,770992225,fill,0.0,0.422194279246753,43627,S Black Cat Rd,1.392
770992243,,771009644,fill,0.0,0.5121346326459388,46391,S Linder Rd,1.0
770992244,,484396840,fill,0.34417501773814996,0.22654477502052828,45616,S Linder Rd,1.0
770992266,,771042970,fill,1.862645149230957e-09,0.20620187768344067,106338,N Eagle Rd,1.0
770992267,,117842493,fill,0.0,1.1437947632693977,46987,N Eagle Rd,1.02
770992277,,770992279,fill,0.0,0.565537407536624,43678,N Mountain View Dr,1.0
770992278,,119012745,fill,0.0,1.1845860080467219,103016,N Mountain View Dr,2.0
770992279,,118201819,fill,0.0,0.02337720253825637,43678,N Mountain View Dr,1.0
770992280,,770992278,fill,0.0,0.5657108870876755,103016,N Mountain View Dr,1.5
770992287,,771011383,fill,0.0,0.19657491239598812,103616,N Phillippi St,1.0
770992288,,118055308,fill,0.0,0.2520479124972894,45454,N Phillippi St,1.0
770992309,,771006151,fill,0.0,0.2503063550822162,44988,W Jefferson St,1.597
770992310,,119758582,fill,0.0,0.15305210995609286,103807,W Jefferson St,1.593
770992316,,1058066351,fill,4.6376043450208525e-06,0.059088669680022576,44988,W Jefferson St,1.597
770992317,,770992323,fill,0.11013678016097668,0.5448338532750654,103807,W Jefferson St,1.593
770992318,,771013129,fill,6.711270101615407e-08,0.10960388338145322,102976,N 3rd St,1.0
770992319,,1030191075,fill,5.385623932941369e-07,0.9947427275350265,41411,N 3rd St,1.0
770992320,,383866794,fill,0.03305024572195465,0.04331475028675413,44988,W Jefferson St,1.597
770992321,,771006152,fill,0.0,0.2949249332272643,103807,W Jefferson St,1.593
770992322,,770992316,fill,0.09011151225913767,0.545431555473499,44988,W Jefferson St,1.597
770992323,,119080603,fill,0.0,0.12078002972663171,103807,W Jefferson St,1.593
770992330,,119127423,fill,0.0,0.36008521358627377,108342,S Gekeler Ln,1.0
770992332,,118028101,fill,0.0,0.05608608113325886,52590,N Avenue H,1.0
770992338,,117893128,fill,0.0045379644921083595,0.5453529588287438,48383,N Lancaster Pl,1.0
770993178,,771030075,fill,0.0,0.548593840567662,41291,Fargo Rd,1.0
770993179,,484415075,fill,4.6566128730773926e-09,0.3563394499874448,43185,Fargo Rd,1.0
770993224,,119468124,fill,0.0,0.2638071323547706,116362,E Simplot Blvd,1.328
770993225,,771027542,fill,1.6214644307509336e-07,0.7989032384273003,125208,E Simplot Blvd,1.0
770993226,,117866658,fill,7.713889088741511e-07,0.9726923403248691,43167,Main St,1.0
770993227,,119106199,fill,1.1654028481344999e-07,0.2160810789171137,51360,Main St,1.0
770993230,,771017253,fill,8.824281394481659e-08,0.05723364660536845,43859,Linden Rd,1.0
770993231,,118128605,fill,0.0,0.011650526251287374,42044,Linden Rd,1.0
770993241,,117720670,fill,0.0,2.4042777897586802,43704,Sunnyridge Rd,1.202
770998046,,771025928,fill,0.0,0.7005501905421738,41427,Smeed Pkwy,1.0
770998047,,119189946,fill,0.0,2.3150999433504467,53112,Smeed Pkwy,1.0
771001549,,771038729,fill,3.282912075519562e-08,0.09846957035469472,5315372,W Broken Arrow Ln,1.0
771001550,,1058065938,fill,5.122274160385132e-08,0.2492417805498235,5315373,W Broken Arrow Ln,1.0
771001553,,117693641,fill,0.03327079019745349,58.563628228978104,43366,W Joplin Rd,1.0
771001554,,771061518,fill,5.10714016854763e-07,0.9671048664436057,55499,W Joplin Rd,1.0
771002266,,119294109,fill,0.0,2.0375335733779707,42751,Aviation Way,1.23
771002267,,474899898,fill,0.6092488469392836,5.59344039598605,42752,Aviation Way,1.137
771003252,,383803585,fill,0.054101397725204926,0.047664554269971404,2853832,N Steelwood Ave,1.0
771003636,,118073763,fill,3.6140361306937094e-06,0.00041713896200690215,42933,SW Old Grandview Hwy,1.0
771003637,,119700827,fill,0.0,0.5948002599930646,104874,SW Old Grandview Hwy,1.0
771004004,,119509705,fill,3.947072473963294e-07,0.4788010264630884,43175,Locust Ln,1.0
771004005,,118006739,fill,0.0,0.00028766903426458157,43775,Locust Ln,1.0
771004013,,771017414,fill,1.0069925338029861e-07,0.5638985218912467,111914,Iowa Ave,1.0
771005056,,771033978,fill,2.0510252141901515e-08,0.3200009031235993,42982,W Floating Feather Rd,1.0
771006151,,770992320,fill,1.2241335415903478e-08,0.29337535109596047,44988,W Jefferson St,1.597
771006152,,770992310,fill,0.0,0.2503266965027251,103807,W Jefferson St,1.593
771006503,,448695954,fill,1.5601599050611148e-07,0.27395782349339015,45958,N 17th St,1.072
771008482,,474867464,fill,0.0,0.11494628485860403,45617,E Deer Flat Rd,1.0
771008483,,463716981,fill,2.2584572434425354e-08,0.022583473785971364,106146,E Deer Flat Rd,1.368
771009643,,770992244,fill,0.0,0.5162375611006951,45616,S Linder Rd,1.0
771009644,,448716865,fill,0.0,0.8325514560622196,46391,S Linder Rd,1.0
771009716,,119153516,fill,3.9589597283531456e-07,0.06767488697232693,106866,N 17th St,1.065
771009717,,771006503,fill,1.1157664473740552e-06,0.20358997071053864,45958,N 17th St,1.072
771009756,,448695147,fill,0.0,0.3154994403766693,50144,N Esquire Dr,1.0
771010319,,771012918,fill,9.313225746154785e-10,0.06018355468415848,5481543,N Steelwood Ave,1.0
771011383,,119015370,fill,0.0,0.9219574248108984,103616,N Phillippi St,1.0
771011384,,770992288,fill,1.862645149230957e-09,0.19658517790364272,45454,N Phillippi St,1.0
771012915,,770992261,fill,0.0,0.04985963081588807,41831,N Wildwood St,1.0
771012916,,119803099,fill,1.862645149230957e-09,0.8839064802727137,106946,N Wildwood St,1.0
771012917,,771012915,fill,3.097282090385586e-08,0.07448511382364131,41831,N Wildwood St,1.0
771012919,,771010320,fill,0.0,0.060313069854316836,2853832,N Steelwood Ave,1.0
771013129,,119861527,fill,0.0,2.1509472138739056,102976,N 3rd St,1.0
771013130,,770992319,fill,5.9023831040852024e-08,0.1092210257209274,41411,N 3rd St,1.0
771017253,,771041524,fill,6.170012056827545e-09,0.004751133266722718,43859,Linden Rd,1.0
771017254,,770993231,fill,9.022668111402421e-08,0.057292068735137036,42044,Linden Rd,1.0
771017262,,484391314,fill,0.0,20.693123379019994,105716,W Joplin Rd,1.0
771017415,,771004014,fill,9.860817570691668e-08,0.5643230403754842,42627,Iowa Ave,1.12
771017422,,771006493,fill,0.019976305026761752,1.3675320123379038,5481941,N McDermott Rd,1.0
771025928,,119025658,fill,0.0,0.3394698389215023,41427,Smeed Pkwy,1.0
771027541,,770993224,fill,1.6625253320281127e-07,0.8006513098679875,116362,E Simplot Blvd,1.328
771030076,,770993179,fill,0.0,0.547361343530099,43185,Fargo Rd,1.0
771031825,,771010319,fill,0.0,0.5445627170064427,5481543,N Steelwood Ave,1.0
771031826,,771003252,fill,0.0,0.2884442769579323,2853832,N Steelwood Ave,1.0
771033978,,119988694,fill,0.0,1.2158545403936785,42982,W Floating Feather Rd,1.0
771033979,,771005057,fill,2.0489096641540527e-08,0.31977477470854865,43777,W Floating Feather Rd,1.0
771038729,,1058105763,fill,0.0,0.3814427386370767,5315372,W Broken Arrow Ln,1.0
771038730,,771001550,fill,3.271270543336868e-08,0.09854890062825916,5315373,W Broken Arrow Ln,1.0
771041524,,119015518,fill,4.109460860490799e-08,0.011898490808277984,43859,Linden Rd,1.0
771041525,,771017254,fill,4.0745362639427185e-09,0.0047464800085776915,42044,Linden Rd,1.0
771042428,,770992290,fill,0.0,0.13148601375092994,102305,N Esquire Dr,1.0
771042429,,771009756,fill,0.0,0.05565635456244422,50144,N Esquire Dr,1.0
771042970,,1187390080,fill,0.0,0.7549781147008616,106338,N Eagle Rd,1.012
771042971,,770992267,fill,2.7939677238464355e-09,0.2055221642904712,46987,N Eagle Rd,1.02
771052803,,771052804,fill,2.2352954417480137e-08,0.34178981953155585,41669,S Happy Valley Rd,1.0
771052804,,117601758,fill,0.0,1.4179393474080655,41669,S Happy Valley Rd,1.0
771052805,,771052802,fill,2.2352044953616133e-08,0.34156088274812646,122270,S Happy Valley Rd,1.0
771055374,,119968558,fill,0.0,12.378035092343936,110459,N Can Ada Rd,1.0
771055375,,770991361,fill,3.166582352037001e-08,0.09478904131515264,48028,N Can Ada Rd,1.0
771061518,,1030216003,fill,6.170012056827545e-09,0.08077009853616346,55499,W Joplin Rd,1.0
771062661,,771001553,fill,5.066403365851106e-07,0.9661053615222386,43366,W Joplin Rd,1.0
1030077511,,1030201464,fill,0.0,0.1750402229458814,104255,N Raymond St,1.0
1030077512,,117704345,fill,0.0,3.4303467657537112e-06,42582,N Raymond St,1.0
1030104652,,117701027,fill,0.0,0.7365365380977948,43354,S Johns Ave,1.03
1030104988,,484357205,fill,1.234002411365509e-08,0.2846531255557352,5313992,W Deer Flat Rd,1.0
1030105095,,484355406,fill,8.030010683561581e-07,0.08290116925417124,44024,N 13th St,1.076
1030114635,,119012245,fill,17.499075904250315,7.733448720657293,42046,S Mitchell St,1.0
1030114636,,1058105085,fill,0.0,0.06125981301380534,45459,S Mitchell St,1.0
1030121321,,1058090338,fill,0.0,0.42820570028919747,42904,E 12th St,1.266
1030151911,,119507957,fill,0.0,0.18098128396721336,107266,S Locust Grove Rd,1.034
1030151912,,1030151913,fill,4.6566128730773926e-09,0.0029002142962326616,44756,S Locust Grove Rd,1.051
1030151913,,117962389,fill,1.862645149230957e-09,1.401769149187885,44756,S Locust Grove Rd,1.0
1030151914,,1030151911,fill,3.727108843992958e-09,0.0028972070194015487,107266,S Locust Grove Rd,1.034
1030152705,,1058105764,fill,5.949551920319572e-08,0.23099660090571206,5315373,W Broken Arrow Ln,1.0
1030153691,,119347107,fill,0.0,5.306912839841971e-06,102324,N 10th St E,1.0
1030155641,,117760299,fill,2.1319002196058331e-07,12.69510881242249,44769,W Silver Crest Dr,1.0
1030155642,,1058104856,fill,3.725290298461914e-09,21.886496843216037,56038,W Silver Crest Dr,1.0
1030162229,,1058065952,fill,2.5706021475258775e-07,0.04895748207690076,45068,W Columbia Rd,1.0
1030162230,,117640666,fill,0.0,1.3759563286602656,41305,W Columbia Rd,1.051
1030166605,,1058088330,fill,1.862645149230957e-09,0.00792830562971858,105490,N Pollard Ln,1.0
1030166606,,117794585,fill,0.0,0.11321002651718004,44489,N Pollard Ln,1.0
1030166612,,1058088331,fill,9.313225746154785e-10,0.3795867879434809,44489,N Pollard Ln,1.0
1030167226,,1058066031,fill,9.313225746154785e-10,0.01617480429177931,43252,N Linder Rd,1.0
1030167295,,118012929,fill,0.0,0.09760983934785372,41831,N Wildwood St,1.0
1030167296,,1058065987,fill,3.3305723691926974e-06,2.0784485825612933,106946,N Wildwood St,1.0
1030190583,,117868156,fill,0.06429714080578156,0.8629294749781309,42984,W University Dr,2.171
1030190619,,1030190616,fill,1.862645149230957e-09,3.579235284251979,5780702,,1.0
1030190626,,119238244,fill,3.5883547667836386e-07,0.20889347505789146,102287,S 6th St,2.13
1030190658,,117633928,fill,0.04990285778110315,2.7945458337367484,42230,W Cesar Chavez Ln,1.0
1030190685,,1030190686,fill,1.88889497382169e-06,3.997132490152069,42230,W Cesar Chavez Ln,1.0
1030190686,,461324635,fill,4.4161934065369934e-08,3.0683172136849066,42230,W Cesar Chavez Ln,1.0
1030190701,,119002864,fill,5.373767698245704e-07,0.07236351724253609,102976,N 3rd St,1.0
1030190702,,1058066340,fill,1.117162578053157e-08,0.10321524012670125,41411,N 3rd St,1.0
1030190703,,119328569,fill,4.493631422519684e-07,0.2966988023929673,52841,N 5th St,1.703
1030190710,,1058066312,fill,2.756341165282606e-07,0.10496506154092344,103351,N 6th St,2.13
1030190711,,117830333,fill,1.3342496093854258e-07,0.16095758081138456,40147,W Northview St,1.029
1030190712,,1058066143,fill,3.2842328347685766e-08,0.6400748592201353,102723,W Northview St,1.0
1030190730,,1058066235,fill,4.949621491283363e-07,0.049438974533075,109580,W Fulton St,1.0
1030190743,,1030190747,fill,4.217614002578287e-07,0.02968903964239189,58672,W Fulton St,1.0
1030190747,,118201921,fill,3.303885702685591e-07,0.19044657881966032,58672,W Fulton St,1.0
1030190818,,1058066239,fill,0.0,0.8323270082988188,109580,W Fulton St,1.0
1030190829,,117804161,fill,2.796391991308032e-09,6.886162126967008,43854,S Grant Ave,1.0
1030190830,,1058066177,fill,2.3284228489502857e-08,0.48996169020529123,105894,S Grant Ave,1.0
1030190985,,1058066338,fill,0.0,0.2771476214996369,111328,S 3rd St,1.0
1030191024,,1030191030,fill,3.2114076713334348e-06,0.05185637326198389,44016,S 11th St,1.113
1030191025,,1058066217,fill,1.273008607858532e-06,2.0110624616474695,117886,S 11th St,1.118
1030191030,,117727792,fill,1.1920951692423985e-07,0.035939323808378276,44016,S 11th St,1.113
1030191031,,1030191025,fill,3.220627942644912e-06,0.05190919446772568,117886,S 11th St,1.118
1030191037,,1058066221,fill,0.0,0.11310979107804542,5780749,W Lee St,1.0
1030191074,,770992318,fill,5.619368911050188e-07,0.9943677850095582,102976,N 3rd St,1.0
1030191075,,1058066348,fill,1.45260247118768e-07,0.14316480507133633,41411,N 3rd St,1.0
1030191082,,119506376,fill,6.590709788002238e-07,0.27833064173435673,112794,N 1st St,1.0
1030191083,,1058066346,fill,0.0,0.15119906756888213,40778,N 1st St,1.0
1030191101,,117772024,fill,0.0,4.264261856052826,44624,W Island Woods Dr,1.0
1030191102,,1058082522,fill,4.2743522690808953e-07,11.489719516340813,107455,W Island Woods Dr,1.0
1030191190,,1030191191,fill,0.0,0.2568511350485778,105490,N Pollard Ln,1.0
1030191191,,1058065934,fill,0.0,1.4788434908076624,105490,N Pollard Ln,1.0
1030191297,,117955844,fill,1.979060471057892e-09,0.09611462953989758,44988,W Jefferson St,1.597
1030191298,,1058066352,fill,3.1979100318414636e-07,0.11145211321036186,103807,W Jefferson St,1.593
1030191353,,1030191356,fill,0.0,0.046345109776666504,40147,W Northview St,1.043
1030191356,,118035335,fill,0.0,0.4884043284754398,40147,W Northview St,1.043
1030191357,,1030191354,fill,0.0,0.046268686024745875,102723,W Northview St,1.059
1030192379,,119118280,fill,2.2117370122202342e-07,0.05575267603697398,103351,N 6th St,2.13
1030192424,,1058066244,fill,2.2248467886753616e-06,0.013147698551705389,51331,W Grove St,1.1
1030192425,,1058066229,fill,8.352313871026356e-07,0.017328562728664565,104832,W Grove St,1.182
1030192448,,384121135,fill,2.7939677238464355e-09,0.06140251547213893,105526,N 14th St,1.597
1030192449,,1058066249,fill,2.8710435318555965e-07,0.23900132569141874,46031,N 14th St,1.597
1030192452,,1030192458,fill,1.5314257488881748e-08,1.026409309896792,102273,N 13th St,1.019
1030192458,,119575742,fill,0.08331645238353466,0.4151066069738363,102273,N 13th St,1.019
1030192460,,383866821,fill,0.0,0.1472645689473211,44988,W Jefferson St,1.597
1030192461,,1058066283,fill,5.398109557415538e-07,0.2141069779943905,103807,W Jefferson St,1.593
1030192476,,1058107599,fill,0.0,0.47093554442386676,102273,N 13th St,1.019
1030192477,,1058066287,fill,0.0,1.2350939811203148,44024,N 13th St,1.076
1030192482,,1058066228,fill,1.7932437212355517e-06,0.11229607171642897,51331,W Grove St,1.1
1030192483,,1058066223,fill,3.652601544819285e-07,0.03659760991405392,104832,W Grove St,1.182
1030192498,,1058066314,fill,9.525031059631537e-07,0.13279513470263282,107077,N 11th St,1.113
1030192499,,1058066255,fill,6.930455883939878e-07,0.03376088747597805,46134,N 11th St,1.118
1030192506,,119097537,fill,1.7255012868487685e-08,0.07765659577739825,107077,N 11th St,1.113
1030192510,,119061234,fill,5.887380650189343e-07,0.16434958675776556,105526,N 14th St,1.597
1030192511,,1058066289,fill,4.507144386018537e-07,0.2260386144285178,46031,N 14th St,1.597
1030192562,,119015256,fill,2.395999281351042e-07,0.06679949947258024,103351,N 6th St,2.13
1030192793,,384143908,fill,0.0,2.051817759112282,41427,Smeed Pkwy,1.0
1030192794,,118044877,fill,1.862645149230957e-09,0.11787929680076559,53112,Smeed Pkwy,1.0
1030192855,,1030192857,fill,0.0,0.0586334569846656,53112,Smeed Pkwy,1.0
1030192857,,383844317,fill,0.031299971856214324,0.4957701152457332,53112,Smeed Pkwy,1.0
1030192858,,1030192856,fill,0.0,0.0586922998242585,41427,Smeed Pkwy,1.0
1030192879,,117958746,fill,0.0,0.03715389512672118,42252,W Clark St,1.0
1030192880,,1058066133,fill,0.0,0.06545248763700329,107510,W Clark St,1.0
1030192933,,118987366,fill,0.0,0.04481902520205949,102301,N 9th St,1.0
1030192934,,1058066402,fill,9.313225746154785e-10,0.03198140119928894,44985,N 9th St,1.146
1030192976,,117916910,fill,4.2219489482704844e-07,0.540321273947626,44402,W Bannock St,1.0
1030192977,,1058066271,fill,7.441901235807071e-07,0.15614230764367676,103266,W Bannock St,1.0
1030192978,,448695953,fill,8.11827745314195e-07,0.026403304325754107,106866,N 17th St,1.065
1030192979,,1058066275,fill,2.743883451858534e-07,0.16994359956183303,45958,N 17th St,1.072
1030192988,,119063377,fill,4.6335627797489906e-07,0.49864615979265636,103343,N 19th St,1.0
1030192989,,1058066269,fill,8.375282992876836e-07,0.2837931387421406,44648,N 19th St,1.0
1030193138,,118079399,fill,3.8377525209592836e-08,0.26997287200615006,44016,S 11th St,1.113
1030193139,,1058066237,fill,1.5601599050611148e-07,2.2543214405242225,117886,S 11th St,1.118
1030193164,,448695939,fill,2.028473068646603e-06,0.07090830036364082,44014,W Davis St,1.0
1030193165,,1058066267,fill,3.271064427866174e-07,0.09244198721637531,102297,W Davis St,1.0
1030193199,,1058066145,fill,2.0489096641540527e-08,0.11430561101127523,103814,W Morris Hill Rd,1.0
1030196721,,119344482,fill,7.910521770923813e-08,4.896685160892531,105911,E Lewis St,1.0
1030196722,,1058066382,fill,5.036896945159868e-09,0.14907210315595876,41559,E Lewis St,1.0
1030197011,,1058084531,fill,1.3551063498997777e-07,0.4670951768412692,49705,E Karcher Rd,1.0
1030197012,,119126647,fill,0.0,0.06558779109690249,43100,E Karcher Rd,1.0
1030197025,,117956147,fill,2.468004822731018e-08,0.1027333260954606,49705,E Karcher Rd,1.0
1030197026,,1058084532,fill,8.42846930027008e-08,0.10322505482707811,43100,E Karcher Rd,1.0
1030197028,,117993054,fill,1.862645149230957e-09,0.13882071849650401,49988,N 20th St,1.0
1030197874,,1030197876,fill,0.0,0.5451119670314029,50268,S Gekeler Ln,1.0
1030197876,,117963134,fill,2.7939677238464355e-09,0.44225165079018325,50268,S Gekeler Ln,1.0
1030197877,,1030197875,fill,0.0,0.5445573417060245,108342,S Gekeler Ln,1.0
1030198477,,474900116,fill,0.0,0.4050909241947238,117386,Midland Blvd,1.0
1030198478,,474894470,fill,0.0,0.03866323078392497,44686,Midland Blvd,1.0
1030199762,,1058066306,fill,6.881406078030017e-07,11.254003206805464,42984,W University Dr,2.171
1030199763,,1058066305,fill,0.0,0.12792659407659812,104029,W University Dr,2.242
1030199771,,1058066307,fill,0.0,14.841102858436727,104029,W University Dr,2.242
1030200709,,383866793,fill,2.5168639884394674e-07,0.016486679480408384,51331,W Grove St,1.1
1030200710,,1058066245,fill,3.874704865559295e-07,0.1398173879245519,104832,W Grove St,1.182
1030201464,,119492441,fill,0.0,0.2665439207441125,104255,N Raymond St,1.0
1030201465,,1030077512,fill,0.0,0.17515739552098353,42582,N Raymond St,1.0
1030202519,,118113676,fill,0.0,0.10968398821415803,44265,W Brumback St,1.0
1030202520,,1058066400,fill,0.0,0.15783543792150567,102278,W Brumback St,1.0
1030202641,,118020033,fill,2.830952791906793e-07,0.34535623991916964,45692,W Highland View Dr,1.038
1030202642,,1058066510,fill,8.698879658244873e-06,0.7239892226060078,105137,W Highland View Dr,1.03
1030207954,,117767260,fill,6.870588196428569e-07,14.708732554689135,44941,E Airport Rd,1.0
1030207955,,1058092144,fill,2.6775524020195007e-08,0.2628165559195281,44528,E Airport Rd,1.0
1030208318,,119124408,fill,0.35190719950342597,0.18435776256035297,42576,W Deer Flat Rd,1.0
1030208319,,1058088002,fill,4.190951585769653e-09,0.16630234710720515,46660,W Deer Flat Rd,1.043
1030208322,,484428453,fill,0.0,0.7268295215485523,45483,Marble Front Rd,1.0
1030208323,,1058070488,fill,0.0,0.31921550375273,43765,Marble Front Rd,1.0
1030210851,,1058098310,fill,2.8785168417955436e-06,1.0134091964160348,113176,S 3rd St E,1.0
1030211215,,384124251,fill,5.1326430734619836e-05,6.490111973612528,49331,W Railroad Dr,1.0
1030211382,,1058070611,fill,4.3924389535786025e-07,0.0011966957677032042,105206,W Black Canyon Hwy,1.0
1030211407,,117894035,fill,0.0,0.40759957645195755,46101,S Black Cat Rd,1.0
1030211408,,1058065914,fill,9.313225746154785e-10,0.1541236213860202,43627,S Black Cat Rd,1.0
1030211521,,117508517,fill,1.979060471057892e-09,0.0154190083549679,40290,Lone Star Rd,1.0
1030211522,,117711141,fill,4.727379536313692e-08,0.01774981128426134,43688,Lone Star Rd,1.0
1030212370,,1058066512,fill,4.9252487178275815e-08,2.0066832919192166,43332,N Bogus Basin Rd,1.0
1030212802,,118053788,fill,0.0,0.5472954496971454,45617,E Deer Flat Rd,1.0
1030212803,,484396833,fill,0.0,0.06860109042236218,106146,E Deer Flat Rd,1.0
1030216003,,118115890,fill,0.030070234093344472,5.756614439958469,55499,W Joplin Rd,1.0
1030216004,,771062661,fill,0.0,0.08086916335571459,43366,W Joplin Rd,1.0
1030216035,,1030216059,fill,1.0885231010296584e-07,0.5384968823135523,43800,W Pine Ave,1.033
1030216036,,1058087704,fill,2.0510252141901515e-08,0.39501703857393977,41798,W Pine Ave,1.0
1030216056,,1058065944,fill,0.0,0.33445474072249226,5781662,W Broken Arrow Ln,1.0
1030216059,,484430558,fill,1.3749911190868703e-07,0.026245308764885067,43800,W Pine Ave,1.033
1030216060,,1030216036,fill,1.068733234105168e-07,0.5391278658408964,41798,W Pine Ave,1.0
1030216474,,384123904,fill,0.0,0.1887117664850848,102323,S Montana Ave,1.0
1030216475,,1058070468,fill,9.313225746154785e-10,0.09703660097031275,42980,S Montana Ave,1.0
1030216830,,1058066452,fill,0.0,2.990536740397488,105080,N Avenue H,1.0
1030231266,,119539983,fill,0.02123475602464124,0.07163035926055272,107713,S Powerline Rd,1.0
1030235132,,119941790,fill,5.814146211425942e-07,0.3821628765376772,46107,Orchard Ave,1.0
1030235133,,1058101594,fill,8.185399701235803e-07,0.03873729160170569,44498,Orchard Ave,1.0
1030236503,,119824007,fill,0.0,0.0632279242059326,103007,S Can Ada Rd,1.0
1030236504,,117921560,fill,0.0,0.022596368148668944,45239,S Can Ada Rd,1.0
1030243319,,119095121,fill,0.0,0.22977537482870503,46101,S Black Cat Rd,1.0
1030243320,,1058088299,fill,0.0,0.13087212079159372,43627,S Black Cat Rd,1.0
1030243327,,118002175,fill,0.3875968750990757,0.9553105379931139,44022,S Curtis Rd,1.044
1030243328,,1058066113,fill,0.0,0.07096481744591188,109100,S Curtis Rd,1.0
1058065913,,1030211407,fill,0.0,0.15372354888586415,46101,S Black Cat Rd,1.0
1058065914,,119018236,fill,1.862645149230957e-09,0.4025598861796311,43627,S Black Cat Rd,1.0
1058065927,,1058065942,fill,0.0,0.07107860440368086,2867362,ID-16,1.029
1058065929,,119267001,fill,0.045381401151218644,3.0358915752327675,105490,N Pollard Ln,1.0
1058065934,,119060775,fill,13.220991022477888,1.1212857572915027,105490,N Pollard Ln,1.0
1058065935,,1058065937,fill,0.0,0.2247043988490134,5315372,W Broken Arrow Ln,1.0
1058065936,,484366647,fill,0.02004690003998453,5.310561090274234,5315373,W Broken Arrow Ln,1.0
1058065937,,771001549,fill,5.122274160385132e-08,0.2491888419535826,5315372,W Broken Arrow Ln,1.0
1058065938,,1058065936,fill,0.0,0.2246277591975172,5315373,W Broken Arrow Ln,1.0
1058065943,,1030216055,fill,0.0,0.3342184807655997,5781661,W Broken Arrow Ln,1.0
1058065951,,1030162230,fill,2.590257653472934e-07,0.04899074441004814,41305,W Columbia Rd,1.0
1058065952,,119103378,fill,0.0,0.5365354380230656,45068,W Columbia Rd,1.0
1058065986,,1030167295,fill,3.3094056683591926e-06,2.0798504127453725,41831,N Wildwood St,1.0
1058065987,,448718078,fill,0.017537764111017977,35.492685064330885,106946,N Wildwood St,1.0
1058065999,,119464545,fill,0.6792057094422242,2.283321841080806,47067,N Milwaukee St,1.598
1058066002,,1030191353,fill,0.03408501050383304,0.09740669896604004,40147,W Northview St,1.043
1058066003,,119114140,fill,0.0,0.330898705386403,102723,W Northview St,1.059
1058066030,,1030167225,fill,0.0,0.01618626245624455,106153,N Linder Rd,1.0
1058066031,,117687756,fill,0.0,0.021347150551889627,43252,N Linder Rd,1.0
1058066112,,1030243327,fill,0.0,0.07101375032789292,44022,S Curtis Rd,1.044
1058066132,,1030192879,fill,0.0,0.0655694957403341,42252,W Clark St,1.0
1058066133,,119213697,fill,0.0,0.0983715624671504,107510,W Clark St,1.0
1058066142,,1030190711,fill,2.6659108698368073e-08,0.6409956954831273,40147,W Northview St,1.029
1058066144,,1030193198,fill,2.0489096641540527e-08,0.11430556654391921,43173,W Morris Hill Rd,1.0
1058066145,,119164420,fill,1.4319084584712982e-08,0.1858967389158579,103814,W Morris Hill Rd,1.0
1058066176,,1030190829,fill,2.421550629222493e-08,0.49030642957620785,43854,S Grant Ave,1.0
1058066177,,119573433,fill,0.32534722483272,0.22529531841442463,105894,S Grant Ave,1.0
1058066210,,1030190610,fill,0.0,18.916715634772288,42984,W University Dr,2.171
1058066211,,119625111,fill,0.0,10.719906857741876,104029,W University Dr,2.242
1058066212,,1030190583,fill,8.962062502541709e-07,11.678527145655494,42984,W University Dr,2.171
1058066213,,1030190611,fill,0.0,14.020738279298826,104029,W University Dr,2.242
1058066216,,1030191024,fill,1.2757294097837689e-06,2.012738518760841,44016,S 11th St,1.113
1058066220,,1030191036,fill,1.052706105972482e-08,0.11298262659502711,5780748,W Lee St,1.0
1058066222,,1030192482,fill,3.668967896367048e-07,0.036521452716471,51331,W Grove St,1.1
1058066223,,119043151,fill,2.0764602924531854e-06,0.08751937872597182,104832,W Grove St,1.182
1058066224,,1058107680,fill,1.2571875968170826e-06,0.01946298343153785,51653,S 14th St,1.597
1058066225,,119988803,fill,8.800387282452879e-07,0.6212205765221199,127820,S 14th St,1.597
1058066228,,1030192424,fill,8.320234895313922e-07,0.017370549051634043,51331,W Grove St,1.1
1058066229,,1030192483,fill,1.7882074934326903e-06,0.11255783081077197,104832,W Grove St,1.182
1058066230,,1058107056,fill,0.0,0.12358404834958492,105526,N 14th St,1.597
1058066231,,1058116920,fill,0.0,1.588621909685287,46031,N 14th St,1.597
1058066234,,1030190729,fill,4.928021593622422e-07,0.049367929256163734,58672,W Fulton St,1.0
1058066236,,1030193138,fill,1.5601599050611148e-07,2.2543214405242225,44016,S 11th St,1.113
1058066237,,119528090,fill,0.0031671986107945963,2.461411513330887,117886,S 11th St,1.118
1058066238,,1030190817,fill,5.036896945159868e-09,0.8319491207313661,58672,W Fulton St,1.0
1058066239,,119160847,fill,1.4632390734220752e-06,0.010193996198381683,109580,W Fulton St,1.0
1058066244,,1030200709,fill,3.852142716315696e-07,0.139869672753548,51331,W Grove St,1.1
1058066245,,1030192425,fill,2.2154963285761226e-06,0.012819543824832635,104832,W Grove St,1.182
1058066248,,1030192448,fill,2.8710435318555965e-07,0.23927144435759828,105526,N 14th St,1.597
1058066249,,119507834,fill,9.030473909263397e-07,0.051992839433779636,46031,N 14th St,1.597
1058066254,,1030192498,fill,6.86068748007391e-07,0.03367960653679347,107077,N 11th St,1.113
1058066255,,117813985,fill,0.0,0.003003039070080149,46134,N 11th St,1.118
1058066266,,1030193164,fill,3.271064427866174e-07,0.09244198721637531,44014,W Davis St,1.0
1058066267,,448718487,fill,3.3563732285101544e-06,0.19675387000921774,102297,W Davis St,1.0
1058066268,,1030192988,fill,9.000258187086245e-07,0.28447028194653967,103343,N 19th St,1.0
1058066269,,117917676,fill,0.0,0.21677999621707045,44648,N 19th St,1.0
1058066270,,1030192976,fill,7.468777373522938e-07,0.15603541714315838,44402,W Bannock St,1.0
1058066271,,119485824,fill,0.022221514897556634,0.46506140964379483,103266,W Bannock St,1.0
1058066274,,1030192978,fill,2.882116343194174e-07,0.16947683060828922,106866,N 17th St,1.065
1058066275,,117808032,fill,4.415751473545569e-07,0.028258922274858378,45958,N 17th St,1.072
1058066276,,1058121664,fill,7.204470897725984e-07,0.02068451587112463,44988,W Jefferson St,1.058
1058066277,,119783081,fill,5.384304913510972e-06,0.4457492504398033,103807,W Jefferson St,1.067
1058066278,,1058118314,fill,2.1271917807105603e-07,0.04823082393406253,103343,N 19th St,1.0
1058066279,,117755646,fill,1.3764924220078124e-07,0.24568528827990121,44648,N 19th St,1.0
1058066283,,119160931,fill,5.329780452341349e-06,0.006757479008342671,103807,W Jefferson St,1.593
1058066284,,1058107597,fill,4.799017575825408e-07,0.10573970270053223,105526,N 14th St,1.597
1058066285,,119242565,fill,0.0016009970247396496,0.18486944788247683,46031,N 14th St,1.597
1058066287,,383804118,fill,0.0,0.6779902230424568,44024,N 13th St,1.076
1058066288,,1030192510,fill,4.488279766028309e-07,0.2261174353108686,105526,N 14th St,1.597
1058066289,,1058107598,fill,1.0318205405228326e-06,0.174549427298075,46031,N 14th St,1.597
1058066294,,117816145,fill,18.81609390672159,83.82589094116305,45958,N 17th St,1.0
1058066296,,118073734,fill,0.0,0.09312479830043685,41738,W Resseguie St,1.0
1058066297,,119807412,fill,0.0,0.21463273523022508,102551,W Resseguie St,1.0
1058066298,,1058116884,fill,1.6548613049710243e-07,1.7501879714820348,117609,N 15th St,1.038
1058066299,,117977230,fill,0.0,3.5848071966271107,50714,N 15th St,1.03
1058066304,,1030199762,fill,0.0,0.12792659407654128,42984,W University Dr,2.171
1058066305,,119611846,fill,0.010016007431316774,0.6150337254346709,104029,W University Dr,2.242
1058066306,,1030199770,fill,0.0,14.84479669556302,42984,W University Dr,2.171
1058066307,,1030199763,fill,6.881406078030017e-07,11.254003206805407,104029,W University Dr,2.242
1058066308,,1058107639,fill,4.840935997256681e-07,0.01149034447294639,103502,S 5th St,1.703
1058066309,,1030190626,fill,4.905958934267046e-07,0.09186171848804747,102287,S 6th St,2.13
1058066311,,1058107646,fill,0.0,0.09556923619706481,52841,N 5th St,1.703
1058066312,,1030104500,fill,2.2577418359910081e-07,0.1609488058024624,103351,N 6th St,2.13
1058066314,,1058107535,fill,3.2546359589335605e-08,0.06114057577627818,107077,N 11th St,1.113
1058066315,,1030192499,fill,9.038188095917327e-07,0.1332126248974248,46134,N 11th St,1.118
1058066318,,1058116900,fill,0.0,0.0639138186165269,107077,N 11th St,1.113
1058066319,,1058107536,fill,0.04999865267974195,0.25883416800542136,46134,N 11th St,1.118
1058066333,,1058107635,fill,0.0,0.09837854919149436,5787504,S 4th St,1.0
1058066335,,1058107644,fill,6.915697241331984e-09,0.04990047092888972,102302,N 4th St,1.0
1058066337,,1030190984,fill,1.6172933379944653e-08,0.27682499711747255,46379,S 3rd St,1.0
1058066338,,119241431,fill,1.7328753824583154e-06,0.035497999550244685,111328,S 3rd St,1.0
1058066339,,1030190701,fill,1.99311734726957e-08,0.10332071170526547,102976,N 3rd St,1.0
1058066341,,1030190710,fill,3.9253844815874983e-07,0.46811745078906597,103351,N 6th St,2.13
1058066342,,1030190703,fill,2.081271873384302e-07,1.2780399848965942,52841,N 5th St,1.703
1058066345,,1030191082,fill,0.0,0.15119906756891055,112794,N 1st St,1.0
1058066347,,1030191074,fill,1.3988006997610498e-07,0.14301816420311297,102976,N 3rd St,1.0
1058066348,,117921249,fill,1.1914429980768118e-07,0.03469657235075374,41411,N 3rd St,1.0
1058066351,,1030191297,fill,3.2482770439611185e-07,0.11140857221482747,44988,W Jefferson St,1.597
1058066352,,770992317,fill,4.628153761405894e-06,0.05900572749249022,103807,W Jefferson St,1.593
1058066359,,1030192562,fill,3.2270715679129597e-07,0.02084339723580797,103351,N 6th St,2.13
1058066362,,1030192379,fill,0.0,0.09115141794322312,103351,N 6th St,2.13
1058066367,,117955845,fill,5.413084277349844e-06,0.2728692197167675,50038,S Walnut St,1.0
1058066369,,1058121706,fill,4.716218029353725e-07,0.07807120242199517,50038,S Walnut St,1.0
1058066370,,119084193,fill,1.1194428582208866e-06,0.03287632677384522,106527,S Walnut St,1.0
1058066381,,1030196721,fill,0.0,0.14898914774937566,105911,E Lewis St,1.0
1058066399,,1030202519,fill,0.0,0.15794610870329961,44265,W Brumback St,1.0
1058066400,,118987106,fill,3.4924596548080444e-08,0.16771659794852667,102278,W Brumback St,1.0
1058066401,,1030192933,fill,0.0,0.03369990008445711,102301,N 9th St,1.0
1058066402,,119961968,fill,0.0,2.258224358115143,44985,N 9th St,1.146
1058066451,,1030216829,fill,0.0,2.9885351291401037,52590,N Avenue H,1.0
1058066452,,119050016,fill,0.0,0.02575922574789047,105080,N Avenue H,1.0
1058066491,,117921634,fill,4.0745362639427185e-09,0.11639409281374924,42330,W Taft St,1.0
1058066492,,119051088,fill,2.0954757928848267e-09,0.47319913192745844,102288,W Taft St,1.0
1058066507,,1058116880,fill,1.6128039363370507e-08,0.06376853148586292,46842,W Parkhill Dr,1.0
1058066509,,1030202641,fill,8.766173359317426e-06,0.7232417080914502,45692,W Highland View Dr,1.038
1058066510,,1030202634,fill,0.5088256276698507,10.111635919246226,105137,W Highland View Dr,1.03
1058066512,,117864546,fill,1.4400081218702644e-07,13.74975185698949,43332,N Bogus Basin Rd,1.0
1058068420,,117699212,fill,0.2198826519971913,3.208074516068649,43445,S Greenhurst Rd,1.0
1058068421,,119147299,fill,0.0,0.1342684113149062,106342,S Greenhurst Rd,1.0
1058070438,,1058096213,fill,1.9947380680649823e-07,0.14825177078628826,111914,Iowa Ave,1.0
1058070439,,383849623,fill,0.0,0.26606550526520323,42627,Iowa Ave,1.0
1058070467,,1030216474,fill,9.313225746154785e-10,0.09703660097028433,102323,S Montana Ave,1.0
1058070468,,117921131,fill,0.0,0.05876993818111487,42980,S Montana Ave,1.0
1058070487,,1030208322,fill,0.0,0.31932667159838957,45483,Marble Front Rd,1.0
1058070488,,474868074,fill,1.5590515320805767e-07,0.3191055759218102,43765,Marble Front Rd,1.0
1058070549,,117828366,fill,1.921490237015889e-06,0.0006213048827987677,44196,6th St N,1.026
1058070550,,119030823,fill,6.20549785944843e-05,1.5948738582372926,47185,6th St N,1.0
1058070551,,1058117178,fill,4.10979409820541e-07,0.1474107609796249,44196,6th St N,1.044
1058070552,,119128053,fill,0.0,0.20041360627703853,47185,6th St N,1.021
1058070569,,1058117170,fill,0.0,0.05870798860453874,45908,N Kings Rd,1.0
1058070570,,1058070571,fill,1.210719347000122e-08,0.33886631954555924,106066,N Kings Rd,1.047
1058070571,,1058120226,fill,0.0,0.5243214492260506,106066,N Kings Rd,1.047
1058070573,,1058120242,fill,0.0,1.708054643758885,5787960,E Flamingo Ave,1.0235
1058070574,,1058120255,fill,0.0,47.81557416808698,5787961,E Flamingo Ave,1.0
1058070577,,1058120295,fill,8.265487849712372e-09,0.00021548219496025922,5787960,E Flamingo Ave,1.0
1058070578,,1058120243,fill,1.4995450329132954e-07,0.11632378571533764,5787961,E Flamingo Ave,1.0
1058070584,,117958711,fill,0.0,0.23591038153969635,44686,Midland Blvd,1.0
1058070585,,484428152,fill,0.0,0.6585806928492275,117386,Midland Blvd,1.0
1058070611,,383864195,fill,1.458836368970351e-06,0.5614202034340678,105206,W Black Canyon Hwy,1.0
1058082515,,1058082520,fill,4.300250254800616e-08,11.135221794866652,107455,W Island Woods Dr,1.0
1058082516,,117754948,fill,5.850026530169969e-07,0.9365413884889904,44624,W Island Woods Dr,1.0
1058082521,,1030191101,fill,4.2618390070676914e-07,11.492375286487515,44624,W Island Woods Dr,1.0
1058082522,,119106340,fill,2.266259494949089e-07,11.532788026175638,107455,W Island Woods Dr,1.0
1058084531,,1030197025,fill,8.207280188798904e-08,0.10330579909660287,49705,E Karcher Rd,1.0
1058084555,,119232984,fill,0.0,0.015338512175333108,103835,N Eagle Rd,1.0
1058084556,,117809481,fill,0.0,0.4955076900345716,45207,N Eagle Rd,1.0
1058087662,,1030211215,fill,0.0,0.0008089365645105318,49331,W Railroad Dr,1.0
1058087703,,1030216035,fill,2.0605511963367462e-08,0.3947173786000917,43800,W Pine Ave,1.033
1058087704,,384174793,fill,1.979060471057892e-09,0.5847825182575548,41798,W Pine Ave,1.0
1058088001,,1030208318,fill,4.0745362639427185e-09,0.16642875142059665,42576,W Deer Flat Rd,1.0
1058088007,,484362626,fill,1.2019453343867257e-05,1.9561179613606612,42752,Aviation Way,1.0
1058088008,,384138146,fill,1.3834714755430669e-06,2.0262754748600855,42751,Aviation Way,1.0
1058088290,,119444185,fill,0.0,1.7789641873877429,111521,W Chicago St,1.0
1058088298,,1030243319,fill,0.0,0.13203645424039223,46101,S Black Cat Rd,1.0
1058088299,,117956288,fill,1.862645149230957e-09,0.4318138566120524,43627,S Black Cat Rd,1.0
1058088330,,1030166611,fill,9.313225746154785e-10,0.3795867879434809,105490,N Pollard Ln,1.0
1058088331,,1030166606,fill,1.862645149230957e-09,0.007928305629747001,44489,N Pollard Ln,1.0
1058090340,,1030121321,fill,0.0,0.09123159965065497,42904,E 12th St,1.266
1058091249,,1058116888,fill,1.2307302069687388e-07,1.3290267743439301,117609,N 15th St,1.038
1058091250,,1058116885,fill,1.7055998312278317e-06,1.4003318605065829,50714,N 15th St,1.03
1058091538,,1058091541,fill,0.0,3.76270102565627,42542,S Edgewood Way,1.465
1058091541,,117650779,fill,0.0,11.037422726265277,42542,S Edgewood Way,1.465
1058092143,,1030207954,fill,2.6659108698368073e-08,0.26250395795926806,44941,E Airport Rd,1.0
1058092144,,484384521,fill,0.0,1.1919503257745419,44528,E Airport Rd,1.0
1058092518,,474868071,fill,4.677738716099315e-07,0.23060875747725618,45483,Marble Front Rd,1.0
1058092519,,450149570,fill,6.159074698052816e-08,0.31659002102924205,43765,Marble Front Rd,1.0
1058093876,,117968961,fill,0.0,0.6014253336782076,41427,Smeed Pkwy,1.0
1058093877,,428976838,fill,0.0,14.310219982271121,53112,Smeed Pkwy,1.0
1058095904,,1058070587,fill,0.0,0.28696600013319085,117386,Midland Blvd,1.0
1058096005,,119131321,fill,2.0989705124032346e-07,0.9467338082496894,107517,Greenhurst Rd,1.0
1058096006,,117753311,fill,1.8715080078024604e-07,0.13433671363895883,44585,Greenhurst Rd,1.0
1058096213,,474860038,fill,0.0,0.8057307458799983,111914,Iowa Ave,1.0
1058096214,,1058070439,fill,1.8085295411245252e-07,0.14781084270191513,42627,Iowa Ave,1.0
1058096820,,1030190685,fill,1.500847711983713e-07,3.309995648997983,42230,W Cesar Chavez Ln,1.0
1058098309,,1030210850,fill,2.9414871559319423e-06,1.0148120150881539,45742,S 3rd St E,1.0
1058098310,,119262976,fill,1.193822345801879e-05,0.0016033881108228343,113176,S 3rd St E,1.0
1058098361,,1058070629,fill,9.313225746154785e-10,0.2877484912359023,114362,E Idaho Blvd,1.0
1058099946,,1058117173,fill,0.0,0.32148211452431497,5790434,,1.0
1058101593,,1030235132,fill,8.118137807921206e-07,0.038750274103449556,46107,Orchard Ave,1.0
1058101594,,384177856,fill,4.293184940373938e-09,0.0472596561771752,44498,Orchard Ave,1.0
1058104855,,1030155641,fill,5.9280437680305985e-09,21.89914430351712,44769,W Silver Crest Dr,1.0
1058104856,,1030108278,fill,7.112528767945414,31.5908850456222,56038,W Silver Crest Dr,1.0
1058105084,,1030114635,fill,0.0,0.06140373873330418,42046,S Mitchell St,1.0
1058105085,,383803182,fill,9.313225746154785e-10,0.10419732414098348,45459,S Mitchell St,1.0
1058105749,,119289191,fill,0.0,2.500494013518562,103524,E Yamhill Rd,1.134
1058105763,,1030152704,fill,5.7392753660678864e-08,0.2311956760311773,5315372,W Broken Arrow Ln,1.0
1058105764,,771038730,fill,2.0954757928848267e-09,0.3811649820748926,5315373,W Broken Arrow Ln,1.0
1058107056,,384121141,fill,0.0,0.034807088297043265,105526,N 14th St,1.597
1058107057,,1058066231,fill,0.0,0.12358404834958492,46031,N 14th St,1.597
1058107535,,1058066318,fill,0.0,0.25837179483474415,107077,N 11th St,1.113
1058107536,,1058066315,fill,1.5375639294366404e-08,0.06128449594490348,46134,N 11th St,1.118
1058107597,,1058066288,fill,1.0237348214862482e-06,0.17454943087133756,105526,N 14th St,1.597
1058107598,,1058066285,fill,4.799017575825408e-07,0.10573970270053223,46031,N 14th St,1.597
1058107599,,484355409,fill,3.6949982907529846e-07,0.08824619991634108,102273,N 13th St,1.019
1058107636,,1058066334,fill,0.0,0.09830731753288546,5787505,S 4th St,1.0
1058107644,,119063380,fill,1.2340468900029103e-07,0.01522131779839242,102302,N 4th St,1.0
1058107645,,1058066336,fill,8.49193717578281e-09,0.04991799967930888,46133,N 4th St,1.0
1058107646,,119966680,fill,0.004396033426385607,0.1853507589407002,52841,N 5th St,1.703
1058107661,,1058120306,fill,4.9919237506603436e-08,0.6856505673590618,5787961,E Flamingo Ave,1.0
1058107674,,1058111732,fill,0.0,6.295694443513042,5787960,E Flamingo Ave,1.0
1058107675,,1058107661,fill,1.7572934282681858e-07,0.0564809261035748,5787961,E Flamingo Ave,1.0
1058107680,,1058107690,fill,5.875941676752478e-07,0.11673767853397976,51653,S 14th St,1.597
1058107690,,1058116919,fill,0.0,1.5658476078147885,51653,S 14th St,1.597
1058107691,,1058107681,fill,5.875941676752478e-07,0.11673767853397976,127820,S 14th St,1.597
1058109970,,1030190658,fill,2.9938143172914244e-06,1.2459086207007317,42230,W Cesar Chavez Ln,1.0
1058110443,,1030192506,fill,0.0,0.27626178785232014,107077,N 11th St,1.113
1058110444,,463715944,fill,0.0,0.2589162632804971,46134,N 11th St,1.118
1058111732,,1058120281,fill,0.0,1.9617202580081425,5787960,E Flamingo Ave,1.0
1058116880,,117884213,fill,0.08003513272050321,4.531192276509842,46842,W Parkhill Dr,1.0
1058116881,,1058066508,fill,0.0,0.06358371212309066,103011,W Parkhill Dr,1.0
1058116884,,1058091249,fill,1.7429631692943416e-06,1.4016019972543745,117609,N 15th St,1.038
1058116885,,1058066299,fill,1.5977340251484665e-07,1.7473573393853883,50714,N 15th St,1.03
1058116888,,1030202633,fill,0.0,11.284297221631277,117609,N 15th St,1.038
1058116889,,1058091250,fill,1.3228966134768309e-07,1.3324531136683788,50714,N 15th St,1.03
1058116913,,117876277,fill,0.0,6.662659617717225,46441,N Collins Rd,1.0
1058116914,,119170797,fill,0.0,3.632529473069326,109893,N Collins Rd,1.0
1058117056,,448697936,fill,3.079003701883655e-08,0.6117355595310414,41428,W Karcher Rd,1.348
1058117096,,1058117203,fill,0.0,0.18680746398541714,45908,N Kings Rd,1.086
1058117097,,1058117171,fill,9.313225746154785e-10,0.026849436587497166,106066,N Kings Rd,1.047
1058117137,,117685612,fill,9.243376553058624e-08,0.2470025503762372,41462,W Roosevelt Ave,1.275
1058117170,,1058117096,fill,0.0,0.027660793017957985,45908,N Kings Rd,1.086
1058117172,,1058099945,fill,16.44600875034532,0.5743102795630648,5790433,,1.0
1058117173,,1058109600,fill,9.045949938588126e-08,0.06831798097306319,5790434,,1.0
1058117178,,383864067,fill,0.32021714050838573,1.3494747664966553,44196,6th St N,1.044
1058117179,,1058070552,fill,3.609521587043728e-07,0.14718869132377677,47185,6th St N,1.021
1058117202,,1058117097,fill,9.313225746154785e-10,0.18710924577806054,106066,N Kings Rd,1.047
1058117203,,1058117204,fill,1.862645149230957e-09,0.13093669755221526,45908,N Kings Rd,1.086
1058117204,,117806148,fill,0.0,0.5026036783205541,45908,N Kings Rd,1.086
1058117205,,1058117202,fill,9.313225746154785e-10,0.1309565416120222,106066,N Kings Rd,1.047
1058117271,,1058117272,fill,0.0,0.07631533706640425,44245,N Canyon St,1.0
1058117272,,118085717,fill,9.313225746154785e-10,0.1933713957475902,44245,N Canyon St,1.0
1058118034,,117584951,fill,0.0,24.8934498394795,41428,W Karcher Rd,1.348
1058118074,,1058117056,fill,3.0850060284137726e-08,0.018616952969239264,41428,W Karcher Rd,1.348
1058118314,,119250202,fill,4.224268030002466e-07,1.383431756534037,103343,N 19th St,1.0
1058118315,,1058066279,fill,1.9973371710801117e-07,0.04811566205543727,44648,N 19th St,1.0
1058120226,,1058120254,fill,1.6764210558072777e-08,0.9121089342613402,106066,N Kings Rd,1.047
1058120227,,1058070572,fill,0.0,0.5228221447258647,45908,N Kings Rd,1.0
1058120242,,1058070577,fill,1.4180609557995654e-07,0.11665560190920132,5787960,E Flamingo Ave,1.0
1058120243,,1058070574,fill,0.0,1.703819854810149,5787961,E Flamingo Ave,1.0
1058120281,,1058109599,fill,1.0700902714756097e-06,0.05183538286064504,5787960,E Flamingo Ave,1.0
1058120282,,1058111733,fill,0.0,1.9617202580081425,5787961,E Flamingo Ave,1.0
1058120295,,1058120305,fill,1.5666303424196353e-06,2.989832357081241,5787960,E Flamingo Ave,1.0
1058120296,,1058070578,fill,4.320012444457139e-08,0.00011633400760047152,5787961,E Flamingo Ave,1.0
1058120305,,1058107660,fill,4.9788752215443773e-08,0.6989340658992091,5787960,E Flamingo Ave,1.0
1058120306,,1058120296,fill,1.564714885943722e-06,2.995102579691263,5787961,E Flamingo Ave,1.0
1058121664,,117806129,fill,0.0,0.05771742921092482,44988,W Jefferson St,1.058
1058121665,,1058066277,fill,7.204470897725984e-07,0.02068451587109621,103807,W Jefferson St,1.067
1058121706,,117958864,fill,0.0,0.08617051635732764,50038,S Walnut St,1.0
1058121707,,1058066370,fill,4.716218029353725e-07,0.07807120242199517,106527,S Walnut St,1.0
1187315970,,484355445,fill,0.004575585119851888,0.7990617400461133,107805,N Collister Dr,1.0
1187320187,,383866790,fill,0.0,3.4928425995229304,43980,Shoreline Dr,1.373
1187322307,,484350117,fill,0.14503654897804077,0.6004960334341831,4352072,Lake Shore Dr,1.0
1187324107,,383866701,fill,0.0,8.333689831986902,106178,S Owyhee St,1.0
1187324166,,474897613,fill,4.256572263719515e-07,27.70848928504884,45954,S Owyhee St,1.0
1187329184,,118017948,fill,0.0,1.6811149979843663,43777,W Floating Feather Rd,1.042
1187332847,440884859,1187327518,override,0.0,58.24661440013989,3750157,,4.0
1187334330,1187539416,119060653,override,0.0,6.539862277426323,105485,S Holcomb Rd,1.0
1187334702,,1187629891,fill,3.682854789495495,1.018647034650371,108403,US-30,1.0
1187335451,,1187382807,fill,3.5577514400548025,21.741386491937305,3933516,N Curtis Rd,2.443
1187335917,1187336237,1187630978,override,0.0,29.844881111889038,4969862,E Fork Rd,1.0
1187336176,1187335977,119156223,override,0.0,13.546357248379763,109413,Johnson Creek Rd,1.0
1187339201,,1187557199,fill,0.05458750402750509,88.50837177789275,120258,ID-51,1.0
1187344345,,1187648436,fill,0.0,0.333695855349049,44984,E Pennsylvania St,1.059
1187348143,,1187633542,fill,5.242719866548189e-06,0.482018741333718,2854238,Warm Lake Rd,1.0
1187348165,,383827422,fill,0.0,4.0006825105226085,2854384,Warm Lake Rd,1.0
1187352416,440898201,474900075,override,0.050117604682795774,0.8282422900154529,114772,W State St,2.1975
1187374446,,1187542636,fill,0.0,3.044562875262926,5809965,S Apple St,1.739
1187380719,,1187380820,fill,3.599026066889134e-06,2.303528572754999,2867346,E Blacks Creek Rd,1.0
1187382766,,119331272,fill,0.03634179855336837,0.46505312024731893,111173,Conway Rd,1.0
1187382948,,1187382987,fill,1.970308356733945e-06,0.7328309445514947,2854514,Lake Shore Dr,1.0
1187382964,,1187382924,fill,1.956728898214647e-06,0.7314683178797736,2866996,Lake Shore Dr,1.0
1187387074,,1187558400,fill,0.0,0.0006464492769282515,3750153,I-184 E,3.375
1187387671,,384121313,fill,0.0,0.9546809359560768,45216,S Eisenman Rd,2.366
1187387732,,428957443,fill,0.0,0.030079437706717727,44882,S Eisenman Rd,1.497
1187390057,,771042971,fill,0.0,0.7556932051182912,46987,N Eagle Rd,1.0365
1187426267,,1187448012,fill,5.463037394488212,87.43235088848985,51030,N Hammett Hill Rd,1.0
1187428166,,440866140,fill,5.9280437680305985e-09,2.78971244570144,3926777,Van Deusen Rd,1.0
1187445858,440895641,1187479971,override,0.0,0.5869554746024903,2866550,US-95,1.1245
1187449845,,474863421,fill,9.313225746154785e-10,45.27728495524701,116500,N Morrow Reservoir Rd,1.0
1187449872,,1187465394,fill,0.009989624627820985,10.3221087440605,44942,N Morrow Reservoir Rd,1.0
1187465294,,1187322063,fill,0.0,4.433421819012949,5796529,,2.0
1187477880,,1187486090,fill,0.0,1.3654446770516415,42440,Black Canyon Rd,1.0
1187486090,,117644609,fill,0.0,0.9311690076773687,42440,Black Canyon Rd,1.0
1187486111,,1187477899,fill,0.0,1.3654446770516415,122920,Black Canyon Rd,1.0
1187494013,,1187438286,fill,0.0,7.234322405977707,5859563,,2.0
1187495588,,117878879,fill,4.958761979954989,35.487350866054015,47968,ID-167,1.0
1187495651,,1187580196,fill,0.0,17.213636708313743,43743,SW Old Grandview Hwy,1.0
1187504804,,474897628,fill,0.0,0.001269869471286711,124790,W Commerce Ave,1.245
1187504827,,117817640,fill,0.02004729898780498,0.4989865442438486,46221,W Commerce Ave,1.295
1187504832,,383851536,fill,0.0,2.4271922000252175,2853914,W Idaho Blvd,1.0
1187506668,,1187427066,fill,0.0,3.398912984032961,5853587,,1.297
1187508777,,117644534,fill,2.7939677238464355e-09,0.18976631018102808,42435,Farmway Rd,1.0595
1187510121,,118069361,fill,4.7434779656770024e-08,0.8407726804063316,42416,State St,1.0
1187510140,,440867128,fill,3.918897504984669e-08,0.6333880291247738,41833,State St,1.0
1187510208,,484352154,fill,1.7658313526128783e-07,0.2620168959462319,103544,Homedale Rd,1.0
1187510228,,1187510269,fill,8.21785190007937e-08,0.4265727665220993,40269,Homedale Rd,1.0
1187510269,,1187510293,fill,3.585974588320756e-08,7.026121474230649,40269,Homedale Rd,1.0
1187510275,,1187510208,fill,8.417343006853576e-08,0.4262693521924348,103544,Homedale Rd,1.0
1187510293,,1187510336,fill,0.0,0.27048376442496647,40269,Homedale Rd,1.0
1187510336,,1187510375,fill,0.0,0.5159642944341272,40269,Homedale Rd,1.0
1187510357,,1187510275,fill,3.5653558381491444e-08,7.022757479252505,103544,Homedale Rd,1.0
1187510375,,384125764,fill,0.0,0.5383820471280387,40269,Homedale Rd,1.0
1187510395,,1187510357,fill,0.0,0.2702949170077886,103544,Homedale Rd,1.0
1187510441,,1187510395,fill,0.0,0.5152601736383531,103544,Homedale Rd,1.0
1187510613,,1187510657,fill,7.45585330593195e-06,1.3786665308547867,40269,Homedale Rd,1.0
1187510678,,474863315,fill,1.437729224562645e-08,0.6967144319056047,103544,Homedale Rd,1.0
1187510714,,1187510678,fill,7.45585330593195e-06,1.3786665308547867,103544,Homedale Rd,1.0
1187511401,,1187535949,fill,5.589147975741794e-09,0.31805698895493606,46784,Davis Ave,1.0
1187511423,,117958129,fill,2.7939677238464355e-09,1.9765926532050457,47560,Davis Ave,1.0
1187511571,,117994595,fill,5.442651362126982e-07,0.1741914239948983,51331,W Grove St,1.1
1187511632,,440888985,fill,0.06387146179689797,0.6163062704501385,104832,W Grove St,1.182
1187511977,,384126777,fill,0.0,0.015352972656103248,2866124,S Eagle Rd,1.0
1187512042,,461316211,fill,0.0,0.02126005039937695,2855268,S Eagle Rd,1.0
1187512337,,117852042,fill,0.022162694192563656,0.1709268432453257,47245,E Main St,1.0
1187512849,,474894678,fill,8.415990437815658e-09,0.6544435929703809,40269,Homedale Rd,1.0
1187512868,,384138156,fill,2.6675371381283386e-08,0.012339844315079063,103544,Homedale Rd,1.0
1187516231,1187332888,448697675,override,0.0,50.649118181648134,3750166,S Broadway Ave,3.299
1187517490,,384122236,fill,0.0,0.45701348179835577,47560,Davis Ave,1.0
1187521681,,440867093,fill,0.0,89.17764073952594,115340,12th Ave S,2.185
1187524136,,383859143,fill,5.525581020854119e-06,28.127006959929957,42990,Big Willow Rd,1.0
1187525354,,120067301,fill,0.0031206707217274927,0.799296315286,129646,Parks Loop Rd,1.0
1187527212,,440881956,fill,0.0,0.5473448343493033,2854115,ID-16,1.087
1187532906,,1187387074,fill,8.457366618801785e-06,0.0004290233823098788,3750153,I-184 E,3.0
1187535366,,428957400,fill,0.0,0.5077070839648741,2853900,E Simplot Blvd,2.0
1187535931,448690185,1187511423,override,5.589147975741794e-09,0.31805698895493606,47560,Davis Ave,1.0
1187535949,463715891,383865742,override,1.862645149230957e-09,1.6470384011798274,46784,Davis Ave,1.0
1187538293,,1187538356,fill,0.0,0.14211347388879858,5909613,,2.0
1187539352,1187334309,119060656,override,1.6636010179139674e-07,0.6882456609288568,49031,E Bergeson St,1.0166666666666666
1187539844,,463706236,fill,0.0,6.641068633226439,42006,W Chinden Blvd,2.482
1187542572,,1187374468,fill,0.08006698745439775,3.0751101780101067,5809973,S Apple St,1.815
1187542675,,383820269,fill,0.0,1.7782288861524194,2854233,W Linden St,1.057
1187543038,,384138300,fill,0.0,0.951994521276049,43792,Deer Flat Rd,1.0
1187543102,,448706969,fill,0.0,0.23862472225494002,44998,Deer Flat Rd,1.0
1187543122,,1187543167,fill,1.4435499906539917e-08,0.07029927963338878,43792,Deer Flat Rd,1.0
1187543187,,450154137,fill,6.170012056827545e-09,0.31324930014892516,44998,Deer Flat Rd,1.0
1187543207,,484357204,fill,0.09020995890598103,0.44155647205579385,5313991,W Deer Flat Rd,1.0
1187543271,,1187543226,fill,4.0745362639427185e-09,0.2403256750621381,5313992,W Deer Flat Rd,1.0
1187544722,,117792143,fill,0.012053564970226307,0.02391125521091908,40196,W Amity Rd,1.067
1187544979,,1187659118,fill,8.3301965365158,22.421836706498624,41288,W Executive Dr,1.542
1187545044,,119135876,fill,0.0,0.9019150355003944,104534,W Executive Dr,1.448
1187546018,,117684364,fill,0.03603300292388503,0.674945834467394,43176,W Elder St,1.0
1187546039,,384121300,fill,0.0,0.6256646184515944,44580,W Elder St,1.068
1187546044,,1187504804,fill,0.0,0.4989866723192904,124790,W Commerce Ave,1.245
1187546210,,474894172,fill,9.313225746154785e-10,0.6231157506895215,104448,Hill Rd S,1.0
1187546233,,429004418,fill,0.0,0.18979375998571868,47172,Hill Rd S,1.0
1187549818,,1236896851,fill,0.16003705246542613,4.671966807095828,313577,US-95,1.0
1187551004,770989547,770990023,override,5.539210072422272,28.83890685645565,330327,US-95,1.0
1187554354,,383805000,fill,2.7939677238464355e-09,0.8428976667381107,45884,Riverside Rd,1.0
1187555134,,484346950,fill,0.0,13.641109572609963,5310529,,2.0
1187557220,1187644846,1187339138,override,0.00444290583329679,88.50387637298468,43720,Airbase Rd,2.0
1187558526,,1187558503,fill,8.729581890681944,1.1080820544972312,3750153,I-184 E,3.0
1187558695,,428957399,fill,0.0016249299036235946,2.339484711661669,2867597,W Simplot Blvd,2.12925
1187562163,,1187329300,fill,0.19020024768057558,1.61111283733689,2854540,E Indian Creek Rd,1.0
1187563851,,428958463,fill,0.0,2.69613226677302,3750150,52,1.514
1187564872,,384138004,fill,1.594889909029007e-08,11.726948878952953,2854977,E Indian Creek Rd,1.0
1187565591,,119036687,fill,0.0,3.057858380149753,103620,W Kootenai St,1.245
1187567975,,428958457,fill,0.0,3.952992586640761,2854620,ID-55,2.154
1187568455,,1187568496,fill,0.0,12.407874977507106,104800,Base Line Rd,1.0
1187568476,,117856101,fill,0.0,0.06046274935070528,44007,Base Line Rd,1.0
1187568496,,119135269,fill,0.0,0.019310175446776157,104800,Base Line Rd,1.0
1187568561,,1187568476,fill,0.0,12.407874977507106,44007,Base Line Rd,1.0
1187569946,428958466,1187334490,override,0.0,3.5876551531356426,2866804,I-184 W,3.0
1187578735,1187422473,1187614327,override,0.0,0.0006323860075667653,2866804,I-184 W,3.059
1187585412,1187649515,1187585492,override,0.0002206601038995699,1.5247163827242503,41364,I-84 W,3.0
1187585492,,384183772,fill,0.0,0.012497665916612277,41364,I-84 W,2.0
1187603632,,1187532906,fill,4.658709381521631,3.9226046881571506,3750153,I-184 E,3.0
1187604037,,474899326,fill,7.720242933995448e-08,0.2786020003792373,2854514,Lake Shore Dr,1.0
1187604059,,474899327,fill,1.486885115397017e-06,1.0275395297671253,2866996,Lake Shore Dr,1.0
1187604083,,1187604140,fill,7.500823680456356e-06,11.498034320275565,2854514,Lake Shore Dr,1.0
1187604117,,1187604059,fill,7.447526779176048e-06,11.491027740728157,2866996,Lake Shore Dr,1.0
1187604207,,384152225,fill,0.0,12.438496074761701,2866996,Lake Shore Dr,1.0
1187614327,,384143166,fill,0.0,1.5906338268983689,2866804,I-184 W,3.0
1187619964,,448695717,fill,0.0,3.0111447202580166,124724,W Ustick Rd,1.792
1187621783,,383807186,fill,0.24469405605077651,0.6293377445849728,54564,Bowmont Rd,1.0
1187629526,,1187335451,fill,0.0,0.4495065213404814,3933516,N Curtis Rd,2.443
1187629822,,1187334643,fill,3.672847026514805,1.0200742368748479,2865862,Highway 30 S,1.0
1187629891,,119129161,fill,0.0,1.7318572277546593,108403,US-30,1.0
1187631687,,1187570519,fill,0.0,0.6083846104648387,5925036,Bennett Rd,1.0
1187633463,384173997,1187348165,override,5.51451174573674e-06,0.48273034289906036,2854384,Warm Lake Rd,1.0
1187638454,,1187629547,fill,0.0,0.4495065213404814,5892565,N Curtis Rd,2.819
1187647054,440866544,440866543,override,0.01002512940970425,89.23125811701345,3749407,W 1st Ave,1.0
1187649541,,383823046,fill,2.039979646033562e-06,0.2544662763844201,41314,E Frontage Rd,1.0
1187651393,,428957449,fill,1.4361673740088286e-07,7.785156466722128,2854510,ID-52,1.0114999999999998
1187654522,,440868446,fill,2.77573190030615e-07,0.05139365782923733,2865862,US-30,1.032
1187659118,,117804078,fill,1.5353698104510516e-07,9.989068530705424,41288,W Executive Dr,1.17
1187659189,,118065066,fill,0.0,0.06713409904648415,47450,E Karcher Rd,1.0
1187659190,,119333854,fill,0.0,1.0961852174150977,44681,E Karcher Rd,1.074
1236896867,,1187549836,fill,1.1542771421875694e-07,4.642793948138063,330327,US-95,1.0435
